[26-Feb-2026 22:26:05 America/El_Salvador] [sietelsa] {"ts":"2026-02-26T22:26:05-06:00","message":"Database connection failed","context":{"code":1045,"message":"SQLSTATE[HY000] [1045] Access denied for user 'sietelsa'@'localhost' (using password: NO)"}}
[26-Feb-2026 22:26:49 America/El_Salvador] [sietelsa] {"ts":"2026-02-26T22:26:49-06:00","message":"Database connection failed","context":{"code":2002,"message":"SQLSTATE[HY000] [2002] Operation not permitted"}}
[26-Feb-2026 22:26:56 America/El_Salvador] [sietelsa] {"ts":"2026-02-26T22:26:56-06:00","message":"Database connection failed","context":{"code":2002,"message":"SQLSTATE[HY000] [2002] Operation not permitted"}}
[26-Feb-2026 22:27:28 America/El_Salvador] [sietelsa] {"ts":"2026-02-26T22:27:28-06:00","message":"Database connection failed","context":{"code":2002,"message":"SQLSTATE[HY000] [2002] Operation not permitted"}}
[26-Feb-2026 22:28:01 America/El_Salvador] [sietelsa] {"ts":"2026-02-26T22:28:01-06:00","message":"Runtime warning","context":{"severity":2,"message":"Undefined variable $ubicacionNombre","file":"/var/www/html/index.php","line":268}}
[26-Feb-2026 22:28:01 America/El_Salvador] PHP Warning:  Undefined variable $ubicacionNombre in /var/www/html/index.php on line 268
[26-Feb-2026 22:28:01 America/El_Salvador] [sietelsa] {"ts":"2026-02-26T22:28:01-06:00","message":"Runtime warning","context":{"severity":2,"message":"Undefined variable $ubicacionDireccion","file":"/var/www/html/index.php","line":273}}
[26-Feb-2026 22:28:01 America/El_Salvador] PHP Warning:  Undefined variable $ubicacionDireccion in /var/www/html/index.php on line 273
[26-Feb-2026 22:29:06 America/El_Salvador] [sietelsa] {"ts":"2026-02-26T22:29:06-06:00","message":"Runtime warning","context":{"severity":2,"message":"Undefined variable $ubicacionNombre","file":"/var/www/html/index.php","line":268}}
[26-Feb-2026 22:29:06 America/El_Salvador] PHP Warning:  Undefined variable $ubicacionNombre in /var/www/html/index.php on line 268
[26-Feb-2026 22:29:06 America/El_Salvador] [sietelsa] {"ts":"2026-02-26T22:29:06-06:00","message":"Runtime warning","context":{"severity":2,"message":"Undefined variable $ubicacionDireccion","file":"/var/www/html/index.php","line":273}}
[26-Feb-2026 22:29:06 America/El_Salvador] PHP Warning:  Undefined variable $ubicacionDireccion in /var/www/html/index.php on line 273
[26-Feb-2026 22:29:35 America/El_Salvador] [sietelsa] {"ts":"2026-02-26T22:29:35-06:00","message":"Runtime warning","context":{"severity":2,"message":"Undefined variable $ubicacionNombre","file":"/var/www/html/index.php","line":268}}
[26-Feb-2026 22:29:35 America/El_Salvador] PHP Warning:  Undefined variable $ubicacionNombre in /var/www/html/index.php on line 268
[26-Feb-2026 22:29:35 America/El_Salvador] [sietelsa] {"ts":"2026-02-26T22:29:35-06:00","message":"Runtime warning","context":{"severity":2,"message":"Undefined variable $ubicacionDireccion","file":"/var/www/html/index.php","line":273}}
[26-Feb-2026 22:29:35 America/El_Salvador] PHP Warning:  Undefined variable $ubicacionDireccion in /var/www/html/index.php on line 273
[26-Feb-2026 22:41:20 America/El_Salvador] [sietelsa] {"ts":"2026-02-26T22:41:20-06:00","message":"Runtime warning","context":{"severity":2,"message":"Undefined variable $ubicacionNombre","file":"/var/www/html/index.php","line":268}}
[26-Feb-2026 22:41:20 America/El_Salvador] PHP Warning:  Undefined variable $ubicacionNombre in /var/www/html/index.php on line 268
[26-Feb-2026 22:41:20 America/El_Salvador] [sietelsa] {"ts":"2026-02-26T22:41:20-06:00","message":"Runtime warning","context":{"severity":2,"message":"Undefined variable $ubicacionDireccion","file":"/var/www/html/index.php","line":273}}
[26-Feb-2026 22:41:20 America/El_Salvador] PHP Warning:  Undefined variable $ubicacionDireccion in /var/www/html/index.php on line 273
[26-Feb-2026 22:41:30 America/El_Salvador] [sietelsa] {"ts":"2026-02-26T22:41:30-06:00","message":"Runtime warning","context":{"severity":2,"message":"Undefined variable $ubicacionNombre","file":"/var/www/html/index.php","line":268}}
[26-Feb-2026 22:41:30 America/El_Salvador] PHP Warning:  Undefined variable $ubicacionNombre in /var/www/html/index.php on line 268
[26-Feb-2026 22:41:30 America/El_Salvador] [sietelsa] {"ts":"2026-02-26T22:41:30-06:00","message":"Runtime warning","context":{"severity":2,"message":"Undefined variable $ubicacionDireccion","file":"/var/www/html/index.php","line":273}}
[26-Feb-2026 22:41:30 America/El_Salvador] PHP Warning:  Undefined variable $ubicacionDireccion in /var/www/html/index.php on line 273
[26-Feb-2026 22:41:46 America/El_Salvador] [sietelsa] {"ts":"2026-02-26T22:41:46-06:00","message":"Runtime warning","context":{"severity":2,"message":"Undefined variable $ubicacionNombre","file":"/var/www/html/index.php","line":268}}
[26-Feb-2026 22:41:46 America/El_Salvador] PHP Warning:  Undefined variable $ubicacionNombre in /var/www/html/index.php on line 268
[26-Feb-2026 22:41:46 America/El_Salvador] [sietelsa] {"ts":"2026-02-26T22:41:46-06:00","message":"Runtime warning","context":{"severity":2,"message":"Undefined variable $ubicacionDireccion","file":"/var/www/html/index.php","line":273}}
[26-Feb-2026 22:41:46 America/El_Salvador] PHP Warning:  Undefined variable $ubicacionDireccion in /var/www/html/index.php on line 273
[26-Feb-2026 22:41:57 America/El_Salvador] [sietelsa] {"ts":"2026-02-26T22:41:57-06:00","message":"Runtime warning","context":{"severity":2,"message":"Undefined variable $ubicacionNombre","file":"/var/www/html/index.php","line":268}}
[26-Feb-2026 22:41:57 America/El_Salvador] PHP Warning:  Undefined variable $ubicacionNombre in /var/www/html/index.php on line 268
[26-Feb-2026 22:41:57 America/El_Salvador] [sietelsa] {"ts":"2026-02-26T22:41:57-06:00","message":"Runtime warning","context":{"severity":2,"message":"Undefined variable $ubicacionDireccion","file":"/var/www/html/index.php","line":273}}
[26-Feb-2026 22:41:57 America/El_Salvador] PHP Warning:  Undefined variable $ubicacionDireccion in /var/www/html/index.php on line 273
[26-Feb-2026 22:41:59 America/El_Salvador] [sietelsa] {"ts":"2026-02-26T22:41:59-06:00","message":"Runtime warning","context":{"severity":2,"message":"Undefined variable $ubicacionNombre","file":"/var/www/html/index.php","line":268}}
[26-Feb-2026 22:41:59 America/El_Salvador] PHP Warning:  Undefined variable $ubicacionNombre in /var/www/html/index.php on line 268
[26-Feb-2026 22:41:59 America/El_Salvador] [sietelsa] {"ts":"2026-02-26T22:41:59-06:00","message":"Runtime warning","context":{"severity":2,"message":"Undefined variable $ubicacionDireccion","file":"/var/www/html/index.php","line":273}}
[26-Feb-2026 22:41:59 America/El_Salvador] PHP Warning:  Undefined variable $ubicacionDireccion in /var/www/html/index.php on line 273
[26-Feb-2026 22:46:45 America/El_Salvador] [sietelsa] {"ts":"2026-02-26T22:46:45-06:00","message":"Runtime warning","context":{"severity":2,"message":"Undefined variable $ubicacionNombre","file":"/var/www/html/index.php","line":268}}
[26-Feb-2026 22:46:45 America/El_Salvador] PHP Warning:  Undefined variable $ubicacionNombre in /var/www/html/index.php on line 268
[26-Feb-2026 22:46:45 America/El_Salvador] [sietelsa] {"ts":"2026-02-26T22:46:45-06:00","message":"Runtime warning","context":{"severity":2,"message":"Undefined variable $ubicacionDireccion","file":"/var/www/html/index.php","line":273}}
[26-Feb-2026 22:46:45 America/El_Salvador] PHP Warning:  Undefined variable $ubicacionDireccion in /var/www/html/index.php on line 273
[26-Feb-2026 22:52:20 America/El_Salvador] [sietelsa] {"ts":"2026-02-26T22:52:20-06:00","message":"Database connection failed","context":{"code":2002,"message":"SQLSTATE[HY000] [2002] Unknown error while connecting"}}
[26-Feb-2026 22:52:20 America/El_Salvador] [sietelsa] {"ts":"2026-02-26T22:52:20-06:00","message":"Database connection failed","context":{"code":2002,"message":"SQLSTATE[HY000] [2002] Unknown error while connecting"}}
[26-Feb-2026 23:08:41 America/El_Salvador] [sietelsa] {"ts":"2026-02-26T23:08:41-06:00","message":"Unhandled exception","context":{"type":"PDOException","message":"SQLSTATE[23000]: Integrity constraint violation: 1062 Duplicate entry 'admin' for key 'usuarios.uq_usuarios_username'","file":"/var/www/html/include/db_setup.php","line":29}}
[27-Feb-2026 20:07:36 America/El_Salvador] [sietelsa] {"ts":"2026-02-27T20:07:36-06:00","message":"Database connection failed","context":{"code":2002,"message":"SQLSTATE[HY000] [2002] Unknown error while connecting"}}
[27-Feb-2026 21:09:09 America/El_Salvador] [sietelsa] {"ts":"2026-02-27T21:09:09-06:00","message":"Unhandled exception","context":{"type":"TypeError","message":"str_starts_with(): Argument #2 ($needle) must be of type string, int given","file":"/var/www/html/include/usuarios_guardar.php","line":175}}
[27-Feb-2026 22:01:39 America/El_Salvador] [sietelsa] {"ts":"2026-02-27T22:01:39-06:00","message":"Unhandled exception","context":{"type":"Error","message":"Call to undefined function render_admin_topnav()","file":"/var/www/html/pages/pages_admin/usuarios_registro.php","line":111}}
[27-Feb-2026 22:02:32 America/El_Salvador] [sietelsa] {"ts":"2026-02-27T22:02:32-06:00","message":"Unhandled exception","context":{"type":"Error","message":"Call to undefined function render_admin_sidebar()","file":"/var/www/html/pages/pages_admin/usuarios_registro.php","line":113}}
[27-Feb-2026 22:02:36 America/El_Salvador] [sietelsa] {"ts":"2026-02-27T22:02:36-06:00","message":"Unhandled exception","context":{"type":"Error","message":"Call to undefined function render_admin_sidebar()","file":"/var/www/html/pages/pages_admin/usuarios_registro.php","line":113}}
[27-Feb-2026 22:20:25 America/El_Salvador] [sietelsa] {"ts":"2026-02-27T22:20:25-06:00","message":"Database connection failed","context":{"code":2002,"message":"SQLSTATE[HY000] [2002] Unknown error while connecting"}}
[27-Feb-2026 23:26:56 America/El_Salvador] [sietelsa] {"ts":"2026-02-27T23:26:56-06:00","message":"Database connection failed","context":{"code":2002,"message":"SQLSTATE[HY000] [2002] Unknown error while connecting"}}
[05-Mar-2026 00:25:19 America/El_Salvador] [sietelsa] {"ts":"2026-03-05T00:25:19-06:00","message":"Database connection failed","context":{"code":2002,"message":"SQLSTATE[HY000] [2002] Unknown error while connecting"}}
[06-Mar-2026 23:11:06 America/El_Salvador] [sietelsa] {"ts":"2026-03-06T23:11:06-06:00","message":"Database connection failed","context":{"code":1045,"message":"SQLSTATE[HY000] [1045] Access denied for user 'sietelsa'@'localhost' (using password: NO)"}}
[06-Mar-2026 23:20:28 America/El_Salvador] [sietelsa] {"ts":"2026-03-06T23:20:28-06:00","message":"Database connection failed","context":{"code":1045,"message":"SQLSTATE[HY000] [1045] Access denied for user 'sietelsa'@'localhost' (using password: NO)"}}
[06-Mar-2026 23:36:25 America/El_Salvador] [sietelsa] {"ts":"2026-03-06T23:36:25-06:00","message":"Database connection failed","context":{"code":1045,"message":"SQLSTATE[HY000] [1045] Access denied for user 'sietelsa'@'localhost' (using password: NO)"}}
[06-Mar-2026 23:36:39 America/El_Salvador] [sietelsa] {"ts":"2026-03-06T23:36:39-06:00","message":"Database connection failed","context":{"code":1045,"message":"SQLSTATE[HY000] [1045] Access denied for user 'sietelsa'@'localhost' (using password: NO)"}}
[06-Mar-2026 23:36:41 America/El_Salvador] [sietelsa] {"ts":"2026-03-06T23:36:41-06:00","message":"Database connection failed","context":{"code":1045,"message":"SQLSTATE[HY000] [1045] Access denied for user 'sietelsa'@'localhost' (using password: NO)"}}
[06-Mar-2026 23:36:42 America/El_Salvador] [sietelsa] {"ts":"2026-03-06T23:36:42-06:00","message":"Database connection failed","context":{"code":1045,"message":"SQLSTATE[HY000] [1045] Access denied for user 'sietelsa'@'localhost' (using password: NO)"}}
[06-Mar-2026 23:36:44 America/El_Salvador] [sietelsa] {"ts":"2026-03-06T23:36:44-06:00","message":"Database connection failed","context":{"code":1045,"message":"SQLSTATE[HY000] [1045] Access denied for user 'sietelsa'@'localhost' (using password: NO)"}}
[06-Mar-2026 23:36:45 America/El_Salvador] [sietelsa] {"ts":"2026-03-06T23:36:45-06:00","message":"Database connection failed","context":{"code":1045,"message":"SQLSTATE[HY000] [1045] Access denied for user 'sietelsa'@'localhost' (using password: NO)"}}
[06-Mar-2026 23:36:46 America/El_Salvador] [sietelsa] {"ts":"2026-03-06T23:36:46-06:00","message":"Database connection failed","context":{"code":1045,"message":"SQLSTATE[HY000] [1045] Access denied for user 'sietelsa'@'localhost' (using password: NO)"}}
[06-Mar-2026 23:36:46 America/El_Salvador] [sietelsa] {"ts":"2026-03-06T23:36:46-06:00","message":"Database connection failed","context":{"code":1045,"message":"SQLSTATE[HY000] [1045] Access denied for user 'sietelsa'@'localhost' (using password: NO)"}}
[06-Mar-2026 23:36:47 America/El_Salvador] [sietelsa] {"ts":"2026-03-06T23:36:47-06:00","message":"Database connection failed","context":{"code":1045,"message":"SQLSTATE[HY000] [1045] Access denied for user 'sietelsa'@'localhost' (using password: NO)"}}
[06-Mar-2026 23:36:51 America/El_Salvador] [sietelsa] {"ts":"2026-03-06T23:36:51-06:00","message":"Database connection failed","context":{"code":1045,"message":"SQLSTATE[HY000] [1045] Access denied for user 'sietelsa'@'localhost' (using password: NO)"}}
[06-Mar-2026 23:36:55 America/El_Salvador] [sietelsa] {"ts":"2026-03-06T23:36:55-06:00","message":"Database connection failed","context":{"code":1045,"message":"SQLSTATE[HY000] [1045] Access denied for user 'sietelsa'@'localhost' (using password: NO)"}}
[06-Mar-2026 23:37:08 America/El_Salvador] [sietelsa] {"ts":"2026-03-06T23:37:08-06:00","message":"Database connection failed","context":{"code":1045,"message":"SQLSTATE[HY000] [1045] Access denied for user 'sietelsa'@'localhost' (using password: NO)"}}
[06-Mar-2026 23:37:09 America/El_Salvador] [sietelsa] {"ts":"2026-03-06T23:37:09-06:00","message":"Database connection failed","context":{"code":1045,"message":"SQLSTATE[HY000] [1045] Access denied for user 'sietelsa'@'localhost' (using password: NO)"}}
[06-Mar-2026 23:38:13 America/El_Salvador] [sietelsa] {"ts":"2026-03-06T23:38:13-06:00","message":"Database connection failed","context":{"code":1045,"message":"SQLSTATE[HY000] [1045] Access denied for user 'sietelsa'@'localhost' (using password: NO)"}}
[06-Mar-2026 23:39:17 America/El_Salvador] [sietelsa] {"ts":"2026-03-06T23:39:17-06:00","message":"Database connection failed","context":{"code":2002,"message":"SQLSTATE[HY000] [2002] Unknown error while connecting"}}
[13-May-2026 20:54:34 America/El_Salvador] [sietelsa] {"ts":"2026-05-13T20:54:34-06:00","message":"Database connection failed","context":{"code":2002,"message":"SQLSTATE[HY000] [2002] Unknown error while connecting"}}
[17-May-2026 14:24:26 America/El_Salvador] [sietelsa] {"ts":"2026-05-17T14:24:26-06:00","message":"Unhandled exception","context":{"type":"RuntimeException","message":"No se pudo reutilizar la conexion principal del sistema.","file":"/var/www/html/dte /dte_sietelsa/src/config/db.php","line":13}}
[17-May-2026 14:33:35 America/El_Salvador] [sietelsa] {"ts":"2026-05-17T14:33:35-06:00","message":"Database connection failed","context":{"code":2002,"message":"SQLSTATE[HY000] [2002] Unknown error while connecting"}}
[17-May-2026 15:24:57 America/El_Salvador] [sietelsa] {"ts":"2026-05-17T15:24:57-06:00","message":"Unhandled exception","context":{"type":"RuntimeException","message":"No se pudo reutilizar la conexion principal del sistema.","file":"/var/www/html/dte /dte_sietelsa/src/config/db.php","line":14}}
[17-May-2026 16:35:47 America/El_Salvador] [sietelsa] {"ts":"2026-05-17T16:35:47-06:00","message":"Unhandled exception","context":{"type":"RuntimeException","message":"No se pudo reutilizar la conexion principal del sistema.","file":"/var/www/html/dte /dte_sietelsa/src/config/db.php","line":14}}
[17-May-2026 16:46:17 America/El_Salvador] [sietelsa] {"ts":"2026-05-17T16:46:17-06:00","message":"Database connection failed","context":{"code":2002,"message":"SQLSTATE[HY000] [2002] Unknown error while connecting"}}
[17-May-2026 18:47:38 America/El_Salvador] [sietelsa] {"ts":"2026-05-17T18:47:38-06:00","message":"Database connection failed","context":{"code":2002,"message":"SQLSTATE[HY000] [2002] Unknown error while connecting"}}
[11-Jun-2026 22:36:29 America/El_Salvador] [sietelsa] {"ts":"2026-06-11T22:36:29-06:00","message":"Runtime warning","context":{"severity":8192,"message":"fputcsv(): the $escape parameter must be provided as its default value will change","file":"/var/www/html/dte /dte_sietelsa/src/services/IvaWorkbookExportService.php","line":518}}
[11-Jun-2026 22:36:29 America/El_Salvador] PHP Deprecated:  fputcsv(): the $escape parameter must be provided as its default value will change in /var/www/html/dte /dte_sietelsa/src/services/IvaWorkbookExportService.php on line 518
[11-Jun-2026 22:36:29 America/El_Salvador] [sietelsa] {"ts":"2026-06-11T22:36:29-06:00","message":"Runtime warning","context":{"severity":8192,"message":"fputcsv(): the $escape parameter must be provided as its default value will change","file":"/var/www/html/dte /dte_sietelsa/src/services/IvaWorkbookExportService.php","line":523}}
[11-Jun-2026 22:36:29 America/El_Salvador] PHP Deprecated:  fputcsv(): the $escape parameter must be provided as its default value will change in /var/www/html/dte /dte_sietelsa/src/services/IvaWorkbookExportService.php on line 523
[11-Jun-2026 22:36:29 America/El_Salvador] [sietelsa] {"ts":"2026-06-11T22:36:29-06:00","message":"Runtime warning","context":{"severity":8192,"message":"fputcsv(): the $escape parameter must be provided as its default value will change","file":"/var/www/html/dte /dte_sietelsa/src/services/IvaWorkbookExportService.php","line":523}}
[11-Jun-2026 22:36:29 America/El_Salvador] PHP Deprecated:  fputcsv(): the $escape parameter must be provided as its default value will change in /var/www/html/dte /dte_sietelsa/src/services/IvaWorkbookExportService.php on line 523
[11-Jun-2026 22:36:29 America/El_Salvador] [sietelsa] {"ts":"2026-06-11T22:36:29-06:00","message":"Runtime warning","context":{"severity":8192,"message":"fputcsv(): the $escape parameter must be provided as its default value will change","file":"/var/www/html/dte /dte_sietelsa/src/services/IvaWorkbookExportService.php","line":523}}
[11-Jun-2026 22:36:29 America/El_Salvador] PHP Deprecated:  fputcsv(): the $escape parameter must be provided as its default value will change in /var/www/html/dte /dte_sietelsa/src/services/IvaWorkbookExportService.php on line 523
[11-Jun-2026 22:36:29 America/El_Salvador] [sietelsa] {"ts":"2026-06-11T22:36:29-06:00","message":"Runtime warning","context":{"severity":8192,"message":"fputcsv(): the $escape parameter must be provided as its default value will change","file":"/var/www/html/dte /dte_sietelsa/src/services/IvaWorkbookExportService.php","line":523}}
[11-Jun-2026 22:36:29 America/El_Salvador] PHP Deprecated:  fputcsv(): the $escape parameter must be provided as its default value will change in /var/www/html/dte /dte_sietelsa/src/services/IvaWorkbookExportService.php on line 523
[11-Jun-2026 22:36:29 America/El_Salvador] [sietelsa] {"ts":"2026-06-11T22:36:29-06:00","message":"Runtime warning","context":{"severity":8192,"message":"fputcsv(): the $escape parameter must be provided as its default value will change","file":"/var/www/html/dte /dte_sietelsa/src/services/IvaWorkbookExportService.php","line":523}}
[11-Jun-2026 22:36:29 America/El_Salvador] PHP Deprecated:  fputcsv(): the $escape parameter must be provided as its default value will change in /var/www/html/dte /dte_sietelsa/src/services/IvaWorkbookExportService.php on line 523
[11-Jun-2026 22:36:29 America/El_Salvador] [sietelsa] {"ts":"2026-06-11T22:36:29-06:00","message":"Runtime warning","context":{"severity":8192,"message":"fputcsv(): the $escape parameter must be provided as its default value will change","file":"/var/www/html/dte /dte_sietelsa/src/services/IvaWorkbookExportService.php","line":523}}
[11-Jun-2026 22:36:29 America/El_Salvador] PHP Deprecated:  fputcsv(): the $escape parameter must be provided as its default value will change in /var/www/html/dte /dte_sietelsa/src/services/IvaWorkbookExportService.php on line 523
[11-Jun-2026 22:36:29 America/El_Salvador] [sietelsa] {"ts":"2026-06-11T22:36:29-06:00","message":"Runtime warning","context":{"severity":8192,"message":"fputcsv(): the $escape parameter must be provided as its default value will change","file":"/var/www/html/dte /dte_sietelsa/src/services/IvaWorkbookExportService.php","line":523}}
[11-Jun-2026 22:36:29 America/El_Salvador] PHP Deprecated:  fputcsv(): the $escape parameter must be provided as its default value will change in /var/www/html/dte /dte_sietelsa/src/services/IvaWorkbookExportService.php on line 523
[11-Jun-2026 22:36:29 America/El_Salvador] [sietelsa] {"ts":"2026-06-11T22:36:29-06:00","message":"Runtime warning","context":{"severity":8192,"message":"fputcsv(): the $escape parameter must be provided as its default value will change","file":"/var/www/html/dte /dte_sietelsa/src/services/IvaWorkbookExportService.php","line":523}}
[11-Jun-2026 22:36:29 America/El_Salvador] PHP Deprecated:  fputcsv(): the $escape parameter must be provided as its default value will change in /var/www/html/dte /dte_sietelsa/src/services/IvaWorkbookExportService.php on line 523
[11-Jun-2026 22:36:29 America/El_Salvador] [sietelsa] {"ts":"2026-06-11T22:36:29-06:00","message":"Runtime warning","context":{"severity":8192,"message":"fputcsv(): the $escape parameter must be provided as its default value will change","file":"/var/www/html/dte /dte_sietelsa/src/services/IvaWorkbookExportService.php","line":523}}
[11-Jun-2026 22:36:29 America/El_Salvador] PHP Deprecated:  fputcsv(): the $escape parameter must be provided as its default value will change in /var/www/html/dte /dte_sietelsa/src/services/IvaWorkbookExportService.php on line 523
[11-Jun-2026 22:36:29 America/El_Salvador] [sietelsa] {"ts":"2026-06-11T22:36:29-06:00","message":"Runtime warning","context":{"severity":8192,"message":"fputcsv(): the $escape parameter must be provided as its default value will change","file":"/var/www/html/dte /dte_sietelsa/src/services/IvaWorkbookExportService.php","line":523}}
[11-Jun-2026 22:36:29 America/El_Salvador] PHP Deprecated:  fputcsv(): the $escape parameter must be provided as its default value will change in /var/www/html/dte /dte_sietelsa/src/services/IvaWorkbookExportService.php on line 523
[11-Jun-2026 22:36:29 America/El_Salvador] [sietelsa] {"ts":"2026-06-11T22:36:29-06:00","message":"Runtime warning","context":{"severity":8192,"message":"fputcsv(): the $escape parameter must be provided as its default value will change","file":"/var/www/html/dte /dte_sietelsa/src/services/IvaWorkbookExportService.php","line":523}}
[11-Jun-2026 22:36:29 America/El_Salvador] PHP Deprecated:  fputcsv(): the $escape parameter must be provided as its default value will change in /var/www/html/dte /dte_sietelsa/src/services/IvaWorkbookExportService.php on line 523
[11-Jun-2026 22:36:29 America/El_Salvador] [sietelsa] {"ts":"2026-06-11T22:36:29-06:00","message":"Runtime warning","context":{"severity":8192,"message":"fputcsv(): the $escape parameter must be provided as its default value will change","file":"/var/www/html/dte /dte_sietelsa/src/services/IvaWorkbookExportService.php","line":523}}
[11-Jun-2026 22:36:29 America/El_Salvador] PHP Deprecated:  fputcsv(): the $escape parameter must be provided as its default value will change in /var/www/html/dte /dte_sietelsa/src/services/IvaWorkbookExportService.php on line 523
[11-Jun-2026 22:36:29 America/El_Salvador] [sietelsa] {"ts":"2026-06-11T22:36:29-06:00","message":"Runtime warning","context":{"severity":8192,"message":"fputcsv(): the $escape parameter must be provided as its default value will change","file":"/var/www/html/dte /dte_sietelsa/src/services/IvaWorkbookExportService.php","line":523}}
[11-Jun-2026 22:36:29 America/El_Salvador] PHP Deprecated:  fputcsv(): the $escape parameter must be provided as its default value will change in /var/www/html/dte /dte_sietelsa/src/services/IvaWorkbookExportService.php on line 523
[11-Jun-2026 22:36:29 America/El_Salvador] [sietelsa] {"ts":"2026-06-11T22:36:29-06:00","message":"Runtime warning","context":{"severity":8192,"message":"fputcsv(): the $escape parameter must be provided as its default value will change","file":"/var/www/html/dte /dte_sietelsa/src/services/IvaWorkbookExportService.php","line":523}}
[11-Jun-2026 22:36:29 America/El_Salvador] PHP Deprecated:  fputcsv(): the $escape parameter must be provided as its default value will change in /var/www/html/dte /dte_sietelsa/src/services/IvaWorkbookExportService.php on line 523
[11-Jun-2026 22:36:29 America/El_Salvador] [sietelsa] {"ts":"2026-06-11T22:36:29-06:00","message":"Runtime warning","context":{"severity":8192,"message":"fputcsv(): the $escape parameter must be provided as its default value will change","file":"/var/www/html/dte /dte_sietelsa/src/services/IvaWorkbookExportService.php","line":523}}
[11-Jun-2026 22:36:29 America/El_Salvador] PHP Deprecated:  fputcsv(): the $escape parameter must be provided as its default value will change in /var/www/html/dte /dte_sietelsa/src/services/IvaWorkbookExportService.php on line 523
[11-Jun-2026 22:36:29 America/El_Salvador] [sietelsa] {"ts":"2026-06-11T22:36:29-06:00","message":"Runtime warning","context":{"severity":8192,"message":"fputcsv(): the $escape parameter must be provided as its default value will change","file":"/var/www/html/dte /dte_sietelsa/src/services/IvaWorkbookExportService.php","line":523}}
[11-Jun-2026 22:36:29 America/El_Salvador] PHP Deprecated:  fputcsv(): the $escape parameter must be provided as its default value will change in /var/www/html/dte /dte_sietelsa/src/services/IvaWorkbookExportService.php on line 523
[11-Jun-2026 22:36:29 America/El_Salvador] [sietelsa] {"ts":"2026-06-11T22:36:29-06:00","message":"Runtime warning","context":{"severity":8192,"message":"fputcsv(): the $escape parameter must be provided as its default value will change","file":"/var/www/html/dte /dte_sietelsa/src/services/IvaWorkbookExportService.php","line":523}}
[11-Jun-2026 22:36:29 America/El_Salvador] PHP Deprecated:  fputcsv(): the $escape parameter must be provided as its default value will change in /var/www/html/dte /dte_sietelsa/src/services/IvaWorkbookExportService.php on line 523
[11-Jun-2026 22:36:29 America/El_Salvador] [sietelsa] {"ts":"2026-06-11T22:36:29-06:00","message":"Runtime warning","context":{"severity":8192,"message":"fputcsv(): the $escape parameter must be provided as its default value will change","file":"/var/www/html/dte /dte_sietelsa/src/services/IvaWorkbookExportService.php","line":523}}
[11-Jun-2026 22:36:29 America/El_Salvador] PHP Deprecated:  fputcsv(): the $escape parameter must be provided as its default value will change in /var/www/html/dte /dte_sietelsa/src/services/IvaWorkbookExportService.php on line 523
[11-Jun-2026 22:36:29 America/El_Salvador] [sietelsa] {"ts":"2026-06-11T22:36:29-06:00","message":"Runtime warning","context":{"severity":8192,"message":"fputcsv(): the $escape parameter must be provided as its default value will change","file":"/var/www/html/dte /dte_sietelsa/src/services/IvaWorkbookExportService.php","line":523}}
[11-Jun-2026 22:36:29 America/El_Salvador] PHP Deprecated:  fputcsv(): the $escape parameter must be provided as its default value will change in /var/www/html/dte /dte_sietelsa/src/services/IvaWorkbookExportService.php on line 523
[11-Jun-2026 22:36:29 America/El_Salvador] [sietelsa] {"ts":"2026-06-11T22:36:29-06:00","message":"Runtime warning","context":{"severity":8192,"message":"fputcsv(): the $escape parameter must be provided as its default value will change","file":"/var/www/html/dte /dte_sietelsa/src/services/IvaWorkbookExportService.php","line":523}}
[11-Jun-2026 22:36:29 America/El_Salvador] PHP Deprecated:  fputcsv(): the $escape parameter must be provided as its default value will change in /var/www/html/dte /dte_sietelsa/src/services/IvaWorkbookExportService.php on line 523
[11-Jun-2026 22:36:29 America/El_Salvador] [sietelsa] {"ts":"2026-06-11T22:36:29-06:00","message":"Runtime warning","context":{"severity":8192,"message":"fputcsv(): the $escape parameter must be provided as its default value will change","file":"/var/www/html/dte /dte_sietelsa/src/services/IvaWorkbookExportService.php","line":523}}
[11-Jun-2026 22:36:29 America/El_Salvador] PHP Deprecated:  fputcsv(): the $escape parameter must be provided as its default value will change in /var/www/html/dte /dte_sietelsa/src/services/IvaWorkbookExportService.php on line 523
[11-Jun-2026 22:36:29 America/El_Salvador] [sietelsa] {"ts":"2026-06-11T22:36:29-06:00","message":"Runtime warning","context":{"severity":8192,"message":"fputcsv(): the $escape parameter must be provided as its default value will change","file":"/var/www/html/dte /dte_sietelsa/src/services/IvaWorkbookExportService.php","line":523}}
[11-Jun-2026 22:36:29 America/El_Salvador] PHP Deprecated:  fputcsv(): the $escape parameter must be provided as its default value will change in /var/www/html/dte /dte_sietelsa/src/services/IvaWorkbookExportService.php on line 523
[11-Jun-2026 22:36:29 America/El_Salvador] [sietelsa] {"ts":"2026-06-11T22:36:29-06:00","message":"Runtime warning","context":{"severity":8192,"message":"fputcsv(): the $escape parameter must be provided as its default value will change","file":"/var/www/html/dte /dte_sietelsa/src/services/IvaWorkbookExportService.php","line":523}}
[11-Jun-2026 22:36:29 America/El_Salvador] PHP Deprecated:  fputcsv(): the $escape parameter must be provided as its default value will change in /var/www/html/dte /dte_sietelsa/src/services/IvaWorkbookExportService.php on line 523
[11-Jun-2026 22:36:29 America/El_Salvador] [sietelsa] {"ts":"2026-06-11T22:36:29-06:00","message":"Runtime warning","context":{"severity":8192,"message":"fputcsv(): the $escape parameter must be provided as its default value will change","file":"/var/www/html/dte /dte_sietelsa/src/services/IvaWorkbookExportService.php","line":523}}
[11-Jun-2026 22:36:29 America/El_Salvador] PHP Deprecated:  fputcsv(): the $escape parameter must be provided as its default value will change in /var/www/html/dte /dte_sietelsa/src/services/IvaWorkbookExportService.php on line 523
[11-Jun-2026 22:36:29 America/El_Salvador] [sietelsa] {"ts":"2026-06-11T22:36:29-06:00","message":"Runtime warning","context":{"severity":8192,"message":"fputcsv(): the $escape parameter must be provided as its default value will change","file":"/var/www/html/dte /dte_sietelsa/src/services/IvaWorkbookExportService.php","line":523}}
[11-Jun-2026 22:36:29 America/El_Salvador] PHP Deprecated:  fputcsv(): the $escape parameter must be provided as its default value will change in /var/www/html/dte /dte_sietelsa/src/services/IvaWorkbookExportService.php on line 523
[11-Jun-2026 22:36:29 America/El_Salvador] [sietelsa] {"ts":"2026-06-11T22:36:29-06:00","message":"Runtime warning","context":{"severity":8192,"message":"fputcsv(): the $escape parameter must be provided as its default value will change","file":"/var/www/html/dte /dte_sietelsa/src/services/IvaWorkbookExportService.php","line":523}}
[11-Jun-2026 22:36:29 America/El_Salvador] PHP Deprecated:  fputcsv(): the $escape parameter must be provided as its default value will change in /var/www/html/dte /dte_sietelsa/src/services/IvaWorkbookExportService.php on line 523
[11-Jun-2026 22:36:29 America/El_Salvador] [sietelsa] {"ts":"2026-06-11T22:36:29-06:00","message":"Runtime warning","context":{"severity":8192,"message":"fputcsv(): the $escape parameter must be provided as its default value will change","file":"/var/www/html/dte /dte_sietelsa/src/services/IvaWorkbookExportService.php","line":523}}
[11-Jun-2026 22:36:29 America/El_Salvador] PHP Deprecated:  fputcsv(): the $escape parameter must be provided as its default value will change in /var/www/html/dte /dte_sietelsa/src/services/IvaWorkbookExportService.php on line 523
[11-Jun-2026 22:36:29 America/El_Salvador] [sietelsa] {"ts":"2026-06-11T22:36:29-06:00","message":"Runtime warning","context":{"severity":8192,"message":"fputcsv(): the $escape parameter must be provided as its default value will change","file":"/var/www/html/dte /dte_sietelsa/src/services/IvaWorkbookExportService.php","line":523}}
[11-Jun-2026 22:36:29 America/El_Salvador] PHP Deprecated:  fputcsv(): the $escape parameter must be provided as its default value will change in /var/www/html/dte /dte_sietelsa/src/services/IvaWorkbookExportService.php on line 523
[11-Jun-2026 22:36:29 America/El_Salvador] [sietelsa] {"ts":"2026-06-11T22:36:29-06:00","message":"Runtime warning","context":{"severity":8192,"message":"fputcsv(): the $escape parameter must be provided as its default value will change","file":"/var/www/html/dte /dte_sietelsa/src/services/IvaWorkbookExportService.php","line":523}}
[11-Jun-2026 22:36:29 America/El_Salvador] PHP Deprecated:  fputcsv(): the $escape parameter must be provided as its default value will change in /var/www/html/dte /dte_sietelsa/src/services/IvaWorkbookExportService.php on line 523
[11-Jun-2026 22:36:29 America/El_Salvador] [sietelsa] {"ts":"2026-06-11T22:36:29-06:00","message":"Runtime warning","context":{"severity":8192,"message":"fputcsv(): the $escape parameter must be provided as its default value will change","file":"/var/www/html/dte /dte_sietelsa/src/services/IvaWorkbookExportService.php","line":523}}
[11-Jun-2026 22:36:29 America/El_Salvador] PHP Deprecated:  fputcsv(): the $escape parameter must be provided as its default value will change in /var/www/html/dte /dte_sietelsa/src/services/IvaWorkbookExportService.php on line 523
[11-Jun-2026 22:36:29 America/El_Salvador] [sietelsa] {"ts":"2026-06-11T22:36:29-06:00","message":"Runtime warning","context":{"severity":8192,"message":"fputcsv(): the $escape parameter must be provided as its default value will change","file":"/var/www/html/dte /dte_sietelsa/src/services/IvaWorkbookExportService.php","line":523}}
[11-Jun-2026 22:36:29 America/El_Salvador] PHP Deprecated:  fputcsv(): the $escape parameter must be provided as its default value will change in /var/www/html/dte /dte_sietelsa/src/services/IvaWorkbookExportService.php on line 523
[11-Jun-2026 22:36:29 America/El_Salvador] [sietelsa] {"ts":"2026-06-11T22:36:29-06:00","message":"Runtime warning","context":{"severity":8192,"message":"fputcsv(): the $escape parameter must be provided as its default value will change","file":"/var/www/html/dte /dte_sietelsa/src/services/IvaWorkbookExportService.php","line":523}}
[11-Jun-2026 22:36:29 America/El_Salvador] PHP Deprecated:  fputcsv(): the $escape parameter must be provided as its default value will change in /var/www/html/dte /dte_sietelsa/src/services/IvaWorkbookExportService.php on line 523
[11-Jun-2026 22:36:29 America/El_Salvador] [sietelsa] {"ts":"2026-06-11T22:36:29-06:00","message":"Runtime warning","context":{"severity":8192,"message":"fputcsv(): the $escape parameter must be provided as its default value will change","file":"/var/www/html/dte /dte_sietelsa/src/services/IvaWorkbookExportService.php","line":523}}
[11-Jun-2026 22:36:29 America/El_Salvador] PHP Deprecated:  fputcsv(): the $escape parameter must be provided as its default value will change in /var/www/html/dte /dte_sietelsa/src/services/IvaWorkbookExportService.php on line 523
[11-Jun-2026 22:36:29 America/El_Salvador] [sietelsa] {"ts":"2026-06-11T22:36:29-06:00","message":"Runtime warning","context":{"severity":8192,"message":"fputcsv(): the $escape parameter must be provided as its default value will change","file":"/var/www/html/dte /dte_sietelsa/src/services/IvaWorkbookExportService.php","line":523}}
[11-Jun-2026 22:36:29 America/El_Salvador] PHP Deprecated:  fputcsv(): the $escape parameter must be provided as its default value will change in /var/www/html/dte /dte_sietelsa/src/services/IvaWorkbookExportService.php on line 523
[11-Jun-2026 22:36:29 America/El_Salvador] [sietelsa] {"ts":"2026-06-11T22:36:29-06:00","message":"Runtime warning","context":{"severity":8192,"message":"fputcsv(): the $escape parameter must be provided as its default value will change","file":"/var/www/html/dte /dte_sietelsa/src/services/IvaWorkbookExportService.php","line":523}}
[11-Jun-2026 22:36:29 America/El_Salvador] PHP Deprecated:  fputcsv(): the $escape parameter must be provided as its default value will change in /var/www/html/dte /dte_sietelsa/src/services/IvaWorkbookExportService.php on line 523
[11-Jun-2026 22:36:29 America/El_Salvador] [sietelsa] {"ts":"2026-06-11T22:36:29-06:00","message":"Runtime warning","context":{"severity":8192,"message":"fputcsv(): the $escape parameter must be provided as its default value will change","file":"/var/www/html/dte /dte_sietelsa/src/services/IvaWorkbookExportService.php","line":523}}
[11-Jun-2026 22:36:29 America/El_Salvador] PHP Deprecated:  fputcsv(): the $escape parameter must be provided as its default value will change in /var/www/html/dte /dte_sietelsa/src/services/IvaWorkbookExportService.php on line 523
[11-Jun-2026 22:36:29 America/El_Salvador] [sietelsa] {"ts":"2026-06-11T22:36:29-06:00","message":"Runtime warning","context":{"severity":8192,"message":"fputcsv(): the $escape parameter must be provided as its default value will change","file":"/var/www/html/dte /dte_sietelsa/src/services/IvaWorkbookExportService.php","line":523}}
[11-Jun-2026 22:36:29 America/El_Salvador] PHP Deprecated:  fputcsv(): the $escape parameter must be provided as its default value will change in /var/www/html/dte /dte_sietelsa/src/services/IvaWorkbookExportService.php on line 523
[11-Jun-2026 22:36:29 America/El_Salvador] [sietelsa] {"ts":"2026-06-11T22:36:29-06:00","message":"Runtime warning","context":{"severity":8192,"message":"fputcsv(): the $escape parameter must be provided as its default value will change","file":"/var/www/html/dte /dte_sietelsa/src/services/IvaWorkbookExportService.php","line":523}}
[11-Jun-2026 22:36:29 America/El_Salvador] PHP Deprecated:  fputcsv(): the $escape parameter must be provided as its default value will change in /var/www/html/dte /dte_sietelsa/src/services/IvaWorkbookExportService.php on line 523
[11-Jun-2026 22:36:29 America/El_Salvador] [sietelsa] {"ts":"2026-06-11T22:36:29-06:00","message":"Runtime warning","context":{"severity":8192,"message":"fputcsv(): the $escape parameter must be provided as its default value will change","file":"/var/www/html/dte /dte_sietelsa/src/services/IvaWorkbookExportService.php","line":523}}
[11-Jun-2026 22:36:29 America/El_Salvador] PHP Deprecated:  fputcsv(): the $escape parameter must be provided as its default value will change in /var/www/html/dte /dte_sietelsa/src/services/IvaWorkbookExportService.php on line 523
[11-Jun-2026 22:36:29 America/El_Salvador] [sietelsa] {"ts":"2026-06-11T22:36:29-06:00","message":"Runtime warning","context":{"severity":8192,"message":"fputcsv(): the $escape parameter must be provided as its default value will change","file":"/var/www/html/dte /dte_sietelsa/src/services/IvaWorkbookExportService.php","line":523}}
[11-Jun-2026 22:36:29 America/El_Salvador] PHP Deprecated:  fputcsv(): the $escape parameter must be provided as its default value will change in /var/www/html/dte /dte_sietelsa/src/services/IvaWorkbookExportService.php on line 523
[11-Jun-2026 22:36:29 America/El_Salvador] [sietelsa] {"ts":"2026-06-11T22:36:29-06:00","message":"Runtime warning","context":{"severity":8192,"message":"fputcsv(): the $escape parameter must be provided as its default value will change","file":"/var/www/html/dte /dte_sietelsa/src/services/IvaWorkbookExportService.php","line":523}}
[11-Jun-2026 22:36:29 America/El_Salvador] PHP Deprecated:  fputcsv(): the $escape parameter must be provided as its default value will change in /var/www/html/dte /dte_sietelsa/src/services/IvaWorkbookExportService.php on line 523
[11-Jun-2026 22:36:29 America/El_Salvador] [sietelsa] {"ts":"2026-06-11T22:36:29-06:00","message":"Runtime warning","context":{"severity":8192,"message":"fputcsv(): the $escape parameter must be provided as its default value will change","file":"/var/www/html/dte /dte_sietelsa/src/services/IvaWorkbookExportService.php","line":523}}
[11-Jun-2026 22:36:29 America/El_Salvador] PHP Deprecated:  fputcsv(): the $escape parameter must be provided as its default value will change in /var/www/html/dte /dte_sietelsa/src/services/IvaWorkbookExportService.php on line 523
[11-Jun-2026 22:36:29 America/El_Salvador] [sietelsa] {"ts":"2026-06-11T22:36:29-06:00","message":"Runtime warning","context":{"severity":8192,"message":"fputcsv(): the $escape parameter must be provided as its default value will change","file":"/var/www/html/dte /dte_sietelsa/src/services/IvaWorkbookExportService.php","line":523}}
[11-Jun-2026 22:36:29 America/El_Salvador] PHP Deprecated:  fputcsv(): the $escape parameter must be provided as its default value will change in /var/www/html/dte /dte_sietelsa/src/services/IvaWorkbookExportService.php on line 523
[11-Jun-2026 22:36:29 America/El_Salvador] [sietelsa] {"ts":"2026-06-11T22:36:29-06:00","message":"Runtime warning","context":{"severity":8192,"message":"fputcsv(): the $escape parameter must be provided as its default value will change","file":"/var/www/html/dte /dte_sietelsa/src/services/IvaWorkbookExportService.php","line":523}}
[11-Jun-2026 22:36:29 America/El_Salvador] PHP Deprecated:  fputcsv(): the $escape parameter must be provided as its default value will change in /var/www/html/dte /dte_sietelsa/src/services/IvaWorkbookExportService.php on line 523
[11-Jun-2026 22:36:29 America/El_Salvador] [sietelsa] {"ts":"2026-06-11T22:36:29-06:00","message":"Runtime warning","context":{"severity":8192,"message":"fputcsv(): the $escape parameter must be provided as its default value will change","file":"/var/www/html/dte /dte_sietelsa/src/services/IvaWorkbookExportService.php","line":523}}
[11-Jun-2026 22:36:29 America/El_Salvador] PHP Deprecated:  fputcsv(): the $escape parameter must be provided as its default value will change in /var/www/html/dte /dte_sietelsa/src/services/IvaWorkbookExportService.php on line 523
[11-Jun-2026 22:36:29 America/El_Salvador] [sietelsa] {"ts":"2026-06-11T22:36:29-06:00","message":"Runtime warning","context":{"severity":8192,"message":"fputcsv(): the $escape parameter must be provided as its default value will change","file":"/var/www/html/dte /dte_sietelsa/src/services/IvaWorkbookExportService.php","line":523}}
[11-Jun-2026 22:36:29 America/El_Salvador] PHP Deprecated:  fputcsv(): the $escape parameter must be provided as its default value will change in /var/www/html/dte /dte_sietelsa/src/services/IvaWorkbookExportService.php on line 523
[11-Jun-2026 22:36:29 America/El_Salvador] [sietelsa] {"ts":"2026-06-11T22:36:29-06:00","message":"Runtime warning","context":{"severity":8192,"message":"fputcsv(): the $escape parameter must be provided as its default value will change","file":"/var/www/html/dte /dte_sietelsa/src/services/IvaWorkbookExportService.php","line":523}}
[11-Jun-2026 22:36:29 America/El_Salvador] PHP Deprecated:  fputcsv(): the $escape parameter must be provided as its default value will change in /var/www/html/dte /dte_sietelsa/src/services/IvaWorkbookExportService.php on line 523
[11-Jun-2026 22:36:29 America/El_Salvador] [sietelsa] {"ts":"2026-06-11T22:36:29-06:00","message":"Runtime warning","context":{"severity":8192,"message":"fputcsv(): the $escape parameter must be provided as its default value will change","file":"/var/www/html/dte /dte_sietelsa/src/services/IvaWorkbookExportService.php","line":523}}
[11-Jun-2026 22:36:29 America/El_Salvador] PHP Deprecated:  fputcsv(): the $escape parameter must be provided as its default value will change in /var/www/html/dte /dte_sietelsa/src/services/IvaWorkbookExportService.php on line 523
[11-Jun-2026 22:36:29 America/El_Salvador] [sietelsa] {"ts":"2026-06-11T22:36:29-06:00","message":"Runtime warning","context":{"severity":8192,"message":"fputcsv(): the $escape parameter must be provided as its default value will change","file":"/var/www/html/dte /dte_sietelsa/src/services/IvaWorkbookExportService.php","line":523}}
[11-Jun-2026 22:36:29 America/El_Salvador] PHP Deprecated:  fputcsv(): the $escape parameter must be provided as its default value will change in /var/www/html/dte /dte_sietelsa/src/services/IvaWorkbookExportService.php on line 523
[11-Jun-2026 22:36:29 America/El_Salvador] [sietelsa] {"ts":"2026-06-11T22:36:29-06:00","message":"Runtime warning","context":{"severity":8192,"message":"fputcsv(): the $escape parameter must be provided as its default value will change","file":"/var/www/html/dte /dte_sietelsa/src/services/IvaWorkbookExportService.php","line":523}}
[11-Jun-2026 22:36:29 America/El_Salvador] PHP Deprecated:  fputcsv(): the $escape parameter must be provided as its default value will change in /var/www/html/dte /dte_sietelsa/src/services/IvaWorkbookExportService.php on line 523
[11-Jun-2026 22:36:29 America/El_Salvador] [sietelsa] {"ts":"2026-06-11T22:36:29-06:00","message":"Runtime warning","context":{"severity":8192,"message":"fputcsv(): the $escape parameter must be provided as its default value will change","file":"/var/www/html/dte /dte_sietelsa/src/services/IvaWorkbookExportService.php","line":523}}
[11-Jun-2026 22:36:29 America/El_Salvador] PHP Deprecated:  fputcsv(): the $escape parameter must be provided as its default value will change in /var/www/html/dte /dte_sietelsa/src/services/IvaWorkbookExportService.php on line 523
[11-Jun-2026 22:36:29 America/El_Salvador] [sietelsa] {"ts":"2026-06-11T22:36:29-06:00","message":"Runtime warning","context":{"severity":8192,"message":"fputcsv(): the $escape parameter must be provided as its default value will change","file":"/var/www/html/dte /dte_sietelsa/src/services/IvaWorkbookExportService.php","line":523}}
[11-Jun-2026 22:36:29 America/El_Salvador] PHP Deprecated:  fputcsv(): the $escape parameter must be provided as its default value will change in /var/www/html/dte /dte_sietelsa/src/services/IvaWorkbookExportService.php on line 523
[11-Jun-2026 22:36:29 America/El_Salvador] [sietelsa] {"ts":"2026-06-11T22:36:29-06:00","message":"Runtime warning","context":{"severity":8192,"message":"fputcsv(): the $escape parameter must be provided as its default value will change","file":"/var/www/html/dte /dte_sietelsa/src/services/IvaWorkbookExportService.php","line":523}}
[11-Jun-2026 22:36:29 America/El_Salvador] PHP Deprecated:  fputcsv(): the $escape parameter must be provided as its default value will change in /var/www/html/dte /dte_sietelsa/src/services/IvaWorkbookExportService.php on line 523
[11-Jun-2026 22:36:29 America/El_Salvador] [sietelsa] {"ts":"2026-06-11T22:36:29-06:00","message":"Runtime warning","context":{"severity":8192,"message":"fputcsv(): the $escape parameter must be provided as its default value will change","file":"/var/www/html/dte /dte_sietelsa/src/services/IvaWorkbookExportService.php","line":523}}
[11-Jun-2026 22:36:29 America/El_Salvador] PHP Deprecated:  fputcsv(): the $escape parameter must be provided as its default value will change in /var/www/html/dte /dte_sietelsa/src/services/IvaWorkbookExportService.php on line 523
[11-Jun-2026 22:36:29 America/El_Salvador] [sietelsa] {"ts":"2026-06-11T22:36:29-06:00","message":"Runtime warning","context":{"severity":8192,"message":"fputcsv(): the $escape parameter must be provided as its default value will change","file":"/var/www/html/dte /dte_sietelsa/src/services/IvaWorkbookExportService.php","line":523}}
[11-Jun-2026 22:36:29 America/El_Salvador] PHP Deprecated:  fputcsv(): the $escape parameter must be provided as its default value will change in /var/www/html/dte /dte_sietelsa/src/services/IvaWorkbookExportService.php on line 523
[11-Jun-2026 22:36:29 America/El_Salvador] [sietelsa] {"ts":"2026-06-11T22:36:29-06:00","message":"Runtime warning","context":{"severity":8192,"message":"fputcsv(): the $escape parameter must be provided as its default value will change","file":"/var/www/html/dte /dte_sietelsa/src/services/IvaWorkbookExportService.php","line":523}}
[11-Jun-2026 22:36:29 America/El_Salvador] PHP Deprecated:  fputcsv(): the $escape parameter must be provided as its default value will change in /var/www/html/dte /dte_sietelsa/src/services/IvaWorkbookExportService.php on line 523
[11-Jun-2026 22:36:29 America/El_Salvador] [sietelsa] {"ts":"2026-06-11T22:36:29-06:00","message":"Runtime warning","context":{"severity":8192,"message":"fputcsv(): the $escape parameter must be provided as its default value will change","file":"/var/www/html/dte /dte_sietelsa/src/services/IvaWorkbookExportService.php","line":523}}
[11-Jun-2026 22:36:29 America/El_Salvador] PHP Deprecated:  fputcsv(): the $escape parameter must be provided as its default value will change in /var/www/html/dte /dte_sietelsa/src/services/IvaWorkbookExportService.php on line 523
[11-Jun-2026 22:36:29 America/El_Salvador] [sietelsa] {"ts":"2026-06-11T22:36:29-06:00","message":"Runtime warning","context":{"severity":8192,"message":"fputcsv(): the $escape parameter must be provided as its default value will change","file":"/var/www/html/dte /dte_sietelsa/src/services/IvaWorkbookExportService.php","line":523}}
[11-Jun-2026 22:36:29 America/El_Salvador] PHP Deprecated:  fputcsv(): the $escape parameter must be provided as its default value will change in /var/www/html/dte /dte_sietelsa/src/services/IvaWorkbookExportService.php on line 523
[11-Jun-2026 22:36:29 America/El_Salvador] [sietelsa] {"ts":"2026-06-11T22:36:29-06:00","message":"Runtime warning","context":{"severity":8192,"message":"fputcsv(): the $escape parameter must be provided as its default value will change","file":"/var/www/html/dte /dte_sietelsa/src/services/IvaWorkbookExportService.php","line":523}}
[11-Jun-2026 22:36:29 America/El_Salvador] PHP Deprecated:  fputcsv(): the $escape parameter must be provided as its default value will change in /var/www/html/dte /dte_sietelsa/src/services/IvaWorkbookExportService.php on line 523
[11-Jun-2026 22:36:29 America/El_Salvador] [sietelsa] {"ts":"2026-06-11T22:36:29-06:00","message":"Runtime warning","context":{"severity":8192,"message":"fputcsv(): the $escape parameter must be provided as its default value will change","file":"/var/www/html/dte /dte_sietelsa/src/services/IvaWorkbookExportService.php","line":523}}
[11-Jun-2026 22:36:29 America/El_Salvador] PHP Deprecated:  fputcsv(): the $escape parameter must be provided as its default value will change in /var/www/html/dte /dte_sietelsa/src/services/IvaWorkbookExportService.php on line 523
[11-Jun-2026 22:36:29 America/El_Salvador] [sietelsa] {"ts":"2026-06-11T22:36:29-06:00","message":"Runtime warning","context":{"severity":8192,"message":"fputcsv(): the $escape parameter must be provided as its default value will change","file":"/var/www/html/dte /dte_sietelsa/src/services/IvaWorkbookExportService.php","line":523}}
[11-Jun-2026 22:36:29 America/El_Salvador] PHP Deprecated:  fputcsv(): the $escape parameter must be provided as its default value will change in /var/www/html/dte /dte_sietelsa/src/services/IvaWorkbookExportService.php on line 523
[11-Jun-2026 22:36:29 America/El_Salvador] [sietelsa] {"ts":"2026-06-11T22:36:29-06:00","message":"Runtime warning","context":{"severity":8192,"message":"fputcsv(): the $escape parameter must be provided as its default value will change","file":"/var/www/html/dte /dte_sietelsa/src/services/IvaWorkbookExportService.php","line":523}}
[11-Jun-2026 22:36:29 America/El_Salvador] PHP Deprecated:  fputcsv(): the $escape parameter must be provided as its default value will change in /var/www/html/dte /dte_sietelsa/src/services/IvaWorkbookExportService.php on line 523
[11-Jun-2026 22:36:29 America/El_Salvador] [sietelsa] {"ts":"2026-06-11T22:36:29-06:00","message":"Runtime warning","context":{"severity":8192,"message":"fputcsv(): the $escape parameter must be provided as its default value will change","file":"/var/www/html/dte /dte_sietelsa/src/services/IvaWorkbookExportService.php","line":523}}
[11-Jun-2026 22:36:29 America/El_Salvador] PHP Deprecated:  fputcsv(): the $escape parameter must be provided as its default value will change in /var/www/html/dte /dte_sietelsa/src/services/IvaWorkbookExportService.php on line 523
[11-Jun-2026 22:36:29 America/El_Salvador] [sietelsa] {"ts":"2026-06-11T22:36:29-06:00","message":"Runtime warning","context":{"severity":8192,"message":"fputcsv(): the $escape parameter must be provided as its default value will change","file":"/var/www/html/dte /dte_sietelsa/src/services/IvaWorkbookExportService.php","line":523}}
[11-Jun-2026 22:36:29 America/El_Salvador] PHP Deprecated:  fputcsv(): the $escape parameter must be provided as its default value will change in /var/www/html/dte /dte_sietelsa/src/services/IvaWorkbookExportService.php on line 523
[11-Jun-2026 22:36:29 America/El_Salvador] [sietelsa] {"ts":"2026-06-11T22:36:29-06:00","message":"Runtime warning","context":{"severity":8192,"message":"fputcsv(): the $escape parameter must be provided as its default value will change","file":"/var/www/html/dte /dte_sietelsa/src/services/IvaWorkbookExportService.php","line":523}}
[11-Jun-2026 22:36:29 America/El_Salvador] PHP Deprecated:  fputcsv(): the $escape parameter must be provided as its default value will change in /var/www/html/dte /dte_sietelsa/src/services/IvaWorkbookExportService.php on line 523
[11-Jun-2026 22:36:29 America/El_Salvador] [sietelsa] {"ts":"2026-06-11T22:36:29-06:00","message":"Runtime warning","context":{"severity":8192,"message":"fputcsv(): the $escape parameter must be provided as its default value will change","file":"/var/www/html/dte /dte_sietelsa/src/services/IvaWorkbookExportService.php","line":523}}
[11-Jun-2026 22:36:29 America/El_Salvador] PHP Deprecated:  fputcsv(): the $escape parameter must be provided as its default value will change in /var/www/html/dte /dte_sietelsa/src/services/IvaWorkbookExportService.php on line 523
[11-Jun-2026 22:36:29 America/El_Salvador] [sietelsa] {"ts":"2026-06-11T22:36:29-06:00","message":"Runtime warning","context":{"severity":8192,"message":"fputcsv(): the $escape parameter must be provided as its default value will change","file":"/var/www/html/dte /dte_sietelsa/src/services/IvaWorkbookExportService.php","line":523}}
[11-Jun-2026 22:36:29 America/El_Salvador] PHP Deprecated:  fputcsv(): the $escape parameter must be provided as its default value will change in /var/www/html/dte /dte_sietelsa/src/services/IvaWorkbookExportService.php on line 523
[11-Jun-2026 22:36:29 America/El_Salvador] [sietelsa] {"ts":"2026-06-11T22:36:29-06:00","message":"Runtime warning","context":{"severity":8192,"message":"fputcsv(): the $escape parameter must be provided as its default value will change","file":"/var/www/html/dte /dte_sietelsa/src/services/IvaWorkbookExportService.php","line":523}}
[11-Jun-2026 22:36:29 America/El_Salvador] PHP Deprecated:  fputcsv(): the $escape parameter must be provided as its default value will change in /var/www/html/dte /dte_sietelsa/src/services/IvaWorkbookExportService.php on line 523
[11-Jun-2026 22:36:29 America/El_Salvador] [sietelsa] {"ts":"2026-06-11T22:36:29-06:00","message":"Runtime warning","context":{"severity":8192,"message":"fputcsv(): the $escape parameter must be provided as its default value will change","file":"/var/www/html/dte /dte_sietelsa/src/services/IvaWorkbookExportService.php","line":523}}
[11-Jun-2026 22:36:29 America/El_Salvador] PHP Deprecated:  fputcsv(): the $escape parameter must be provided as its default value will change in /var/www/html/dte /dte_sietelsa/src/services/IvaWorkbookExportService.php on line 523
[11-Jun-2026 22:36:29 America/El_Salvador] [sietelsa] {"ts":"2026-06-11T22:36:29-06:00","message":"Runtime warning","context":{"severity":8192,"message":"fputcsv(): the $escape parameter must be provided as its default value will change","file":"/var/www/html/dte /dte_sietelsa/src/services/IvaWorkbookExportService.php","line":523}}
[11-Jun-2026 22:36:29 America/El_Salvador] PHP Deprecated:  fputcsv(): the $escape parameter must be provided as its default value will change in /var/www/html/dte /dte_sietelsa/src/services/IvaWorkbookExportService.php on line 523
[11-Jun-2026 22:36:29 America/El_Salvador] [sietelsa] {"ts":"2026-06-11T22:36:29-06:00","message":"Runtime warning","context":{"severity":8192,"message":"fputcsv(): the $escape parameter must be provided as its default value will change","file":"/var/www/html/dte /dte_sietelsa/src/services/IvaWorkbookExportService.php","line":523}}
[11-Jun-2026 22:36:29 America/El_Salvador] PHP Deprecated:  fputcsv(): the $escape parameter must be provided as its default value will change in /var/www/html/dte /dte_sietelsa/src/services/IvaWorkbookExportService.php on line 523
[11-Jun-2026 22:36:29 America/El_Salvador] [sietelsa] {"ts":"2026-06-11T22:36:29-06:00","message":"Runtime warning","context":{"severity":8192,"message":"fputcsv(): the $escape parameter must be provided as its default value will change","file":"/var/www/html/dte /dte_sietelsa/src/services/IvaWorkbookExportService.php","line":523}}
[11-Jun-2026 22:36:29 America/El_Salvador] PHP Deprecated:  fputcsv(): the $escape parameter must be provided as its default value will change in /var/www/html/dte /dte_sietelsa/src/services/IvaWorkbookExportService.php on line 523
[11-Jun-2026 22:36:29 America/El_Salvador] [sietelsa] {"ts":"2026-06-11T22:36:29-06:00","message":"Runtime warning","context":{"severity":8192,"message":"fputcsv(): the $escape parameter must be provided as its default value will change","file":"/var/www/html/dte /dte_sietelsa/src/services/IvaWorkbookExportService.php","line":523}}
[11-Jun-2026 22:36:29 America/El_Salvador] PHP Deprecated:  fputcsv(): the $escape parameter must be provided as its default value will change in /var/www/html/dte /dte_sietelsa/src/services/IvaWorkbookExportService.php on line 523
[11-Jun-2026 22:36:29 America/El_Salvador] [sietelsa] {"ts":"2026-06-11T22:36:29-06:00","message":"Runtime warning","context":{"severity":8192,"message":"fputcsv(): the $escape parameter must be provided as its default value will change","file":"/var/www/html/dte /dte_sietelsa/src/services/IvaWorkbookExportService.php","line":523}}
[11-Jun-2026 22:36:29 America/El_Salvador] PHP Deprecated:  fputcsv(): the $escape parameter must be provided as its default value will change in /var/www/html/dte /dte_sietelsa/src/services/IvaWorkbookExportService.php on line 523
[11-Jun-2026 22:36:29 America/El_Salvador] [sietelsa] {"ts":"2026-06-11T22:36:29-06:00","message":"Runtime warning","context":{"severity":8192,"message":"fputcsv(): the $escape parameter must be provided as its default value will change","file":"/var/www/html/dte /dte_sietelsa/src/services/IvaWorkbookExportService.php","line":523}}
[11-Jun-2026 22:36:29 America/El_Salvador] PHP Deprecated:  fputcsv(): the $escape parameter must be provided as its default value will change in /var/www/html/dte /dte_sietelsa/src/services/IvaWorkbookExportService.php on line 523
[11-Jun-2026 22:36:29 America/El_Salvador] [sietelsa] {"ts":"2026-06-11T22:36:29-06:00","message":"Runtime warning","context":{"severity":8192,"message":"fputcsv(): the $escape parameter must be provided as its default value will change","file":"/var/www/html/dte /dte_sietelsa/src/services/IvaWorkbookExportService.php","line":523}}
[11-Jun-2026 22:36:29 America/El_Salvador] PHP Deprecated:  fputcsv(): the $escape parameter must be provided as its default value will change in /var/www/html/dte /dte_sietelsa/src/services/IvaWorkbookExportService.php on line 523
[11-Jun-2026 22:36:29 America/El_Salvador] [sietelsa] {"ts":"2026-06-11T22:36:29-06:00","message":"Runtime warning","context":{"severity":8192,"message":"fputcsv(): the $escape parameter must be provided as its default value will change","file":"/var/www/html/dte /dte_sietelsa/src/services/IvaWorkbookExportService.php","line":523}}
[11-Jun-2026 22:36:29 America/El_Salvador] PHP Deprecated:  fputcsv(): the $escape parameter must be provided as its default value will change in /var/www/html/dte /dte_sietelsa/src/services/IvaWorkbookExportService.php on line 523
[11-Jun-2026 22:36:29 America/El_Salvador] [sietelsa] {"ts":"2026-06-11T22:36:29-06:00","message":"Runtime warning","context":{"severity":8192,"message":"fputcsv(): the $escape parameter must be provided as its default value will change","file":"/var/www/html/dte /dte_sietelsa/src/services/IvaWorkbookExportService.php","line":523}}
[11-Jun-2026 22:36:29 America/El_Salvador] PHP Deprecated:  fputcsv(): the $escape parameter must be provided as its default value will change in /var/www/html/dte /dte_sietelsa/src/services/IvaWorkbookExportService.php on line 523
[11-Jun-2026 22:36:29 America/El_Salvador] [sietelsa] {"ts":"2026-06-11T22:36:29-06:00","message":"Runtime warning","context":{"severity":8192,"message":"fputcsv(): the $escape parameter must be provided as its default value will change","file":"/var/www/html/dte /dte_sietelsa/src/services/IvaWorkbookExportService.php","line":523}}
[11-Jun-2026 22:36:29 America/El_Salvador] PHP Deprecated:  fputcsv(): the $escape parameter must be provided as its default value will change in /var/www/html/dte /dte_sietelsa/src/services/IvaWorkbookExportService.php on line 523
[11-Jun-2026 22:36:29 America/El_Salvador] [sietelsa] {"ts":"2026-06-11T22:36:29-06:00","message":"Runtime warning","context":{"severity":8192,"message":"fputcsv(): the $escape parameter must be provided as its default value will change","file":"/var/www/html/dte /dte_sietelsa/src/services/IvaWorkbookExportService.php","line":523}}
[11-Jun-2026 22:36:29 America/El_Salvador] PHP Deprecated:  fputcsv(): the $escape parameter must be provided as its default value will change in /var/www/html/dte /dte_sietelsa/src/services/IvaWorkbookExportService.php on line 523
[11-Jun-2026 22:36:29 America/El_Salvador] [sietelsa] {"ts":"2026-06-11T22:36:29-06:00","message":"Runtime warning","context":{"severity":8192,"message":"fputcsv(): the $escape parameter must be provided as its default value will change","file":"/var/www/html/dte /dte_sietelsa/src/services/IvaWorkbookExportService.php","line":523}}
[11-Jun-2026 22:36:29 America/El_Salvador] PHP Deprecated:  fputcsv(): the $escape parameter must be provided as its default value will change in /var/www/html/dte /dte_sietelsa/src/services/IvaWorkbookExportService.php on line 523
[11-Jun-2026 22:36:29 America/El_Salvador] [sietelsa] {"ts":"2026-06-11T22:36:29-06:00","message":"Runtime warning","context":{"severity":8192,"message":"fputcsv(): the $escape parameter must be provided as its default value will change","file":"/var/www/html/dte /dte_sietelsa/src/services/IvaWorkbookExportService.php","line":523}}
[11-Jun-2026 22:36:29 America/El_Salvador] PHP Deprecated:  fputcsv(): the $escape parameter must be provided as its default value will change in /var/www/html/dte /dte_sietelsa/src/services/IvaWorkbookExportService.php on line 523
[11-Jun-2026 22:36:29 America/El_Salvador] [sietelsa] {"ts":"2026-06-11T22:36:29-06:00","message":"Runtime warning","context":{"severity":8192,"message":"fputcsv(): the $escape parameter must be provided as its default value will change","file":"/var/www/html/dte /dte_sietelsa/src/services/IvaWorkbookExportService.php","line":523}}
[11-Jun-2026 22:36:29 America/El_Salvador] PHP Deprecated:  fputcsv(): the $escape parameter must be provided as its default value will change in /var/www/html/dte /dte_sietelsa/src/services/IvaWorkbookExportService.php on line 523
[11-Jun-2026 22:36:29 America/El_Salvador] [sietelsa] {"ts":"2026-06-11T22:36:29-06:00","message":"Runtime warning","context":{"severity":8192,"message":"fputcsv(): the $escape parameter must be provided as its default value will change","file":"/var/www/html/dte /dte_sietelsa/src/services/IvaWorkbookExportService.php","line":523}}
[11-Jun-2026 22:36:29 America/El_Salvador] PHP Deprecated:  fputcsv(): the $escape parameter must be provided as its default value will change in /var/www/html/dte /dte_sietelsa/src/services/IvaWorkbookExportService.php on line 523
[11-Jun-2026 22:36:29 America/El_Salvador] [sietelsa] {"ts":"2026-06-11T22:36:29-06:00","message":"Runtime warning","context":{"severity":8192,"message":"fputcsv(): the $escape parameter must be provided as its default value will change","file":"/var/www/html/dte /dte_sietelsa/src/services/IvaWorkbookExportService.php","line":523}}
[11-Jun-2026 22:36:29 America/El_Salvador] PHP Deprecated:  fputcsv(): the $escape parameter must be provided as its default value will change in /var/www/html/dte /dte_sietelsa/src/services/IvaWorkbookExportService.php on line 523
[11-Jun-2026 22:36:29 America/El_Salvador] [sietelsa] {"ts":"2026-06-11T22:36:29-06:00","message":"Runtime warning","context":{"severity":8192,"message":"fputcsv(): the $escape parameter must be provided as its default value will change","file":"/var/www/html/dte /dte_sietelsa/src/services/IvaWorkbookExportService.php","line":523}}
[11-Jun-2026 22:36:29 America/El_Salvador] PHP Deprecated:  fputcsv(): the $escape parameter must be provided as its default value will change in /var/www/html/dte /dte_sietelsa/src/services/IvaWorkbookExportService.php on line 523
[11-Jun-2026 22:36:29 America/El_Salvador] [sietelsa] {"ts":"2026-06-11T22:36:29-06:00","message":"Runtime warning","context":{"severity":8192,"message":"fputcsv(): the $escape parameter must be provided as its default value will change","file":"/var/www/html/dte /dte_sietelsa/src/services/IvaWorkbookExportService.php","line":523}}
[11-Jun-2026 22:36:29 America/El_Salvador] PHP Deprecated:  fputcsv(): the $escape parameter must be provided as its default value will change in /var/www/html/dte /dte_sietelsa/src/services/IvaWorkbookExportService.php on line 523
[11-Jun-2026 22:36:29 America/El_Salvador] [sietelsa] {"ts":"2026-06-11T22:36:29-06:00","message":"Runtime warning","context":{"severity":8192,"message":"fputcsv(): the $escape parameter must be provided as its default value will change","file":"/var/www/html/dte /dte_sietelsa/src/services/IvaWorkbookExportService.php","line":523}}
[11-Jun-2026 22:36:29 America/El_Salvador] PHP Deprecated:  fputcsv(): the $escape parameter must be provided as its default value will change in /var/www/html/dte /dte_sietelsa/src/services/IvaWorkbookExportService.php on line 523
[11-Jun-2026 22:36:29 America/El_Salvador] [sietelsa] {"ts":"2026-06-11T22:36:29-06:00","message":"Runtime warning","context":{"severity":8192,"message":"fputcsv(): the $escape parameter must be provided as its default value will change","file":"/var/www/html/dte /dte_sietelsa/src/services/IvaWorkbookExportService.php","line":523}}
[11-Jun-2026 22:36:29 America/El_Salvador] PHP Deprecated:  fputcsv(): the $escape parameter must be provided as its default value will change in /var/www/html/dte /dte_sietelsa/src/services/IvaWorkbookExportService.php on line 523
[11-Jun-2026 22:36:29 America/El_Salvador] [sietelsa] {"ts":"2026-06-11T22:36:29-06:00","message":"Runtime warning","context":{"severity":8192,"message":"fputcsv(): the $escape parameter must be provided as its default value will change","file":"/var/www/html/dte /dte_sietelsa/src/services/IvaWorkbookExportService.php","line":523}}
[11-Jun-2026 22:36:29 America/El_Salvador] PHP Deprecated:  fputcsv(): the $escape parameter must be provided as its default value will change in /var/www/html/dte /dte_sietelsa/src/services/IvaWorkbookExportService.php on line 523
[11-Jun-2026 22:36:29 America/El_Salvador] [sietelsa] {"ts":"2026-06-11T22:36:29-06:00","message":"Runtime warning","context":{"severity":8192,"message":"fputcsv(): the $escape parameter must be provided as its default value will change","file":"/var/www/html/dte /dte_sietelsa/src/services/IvaWorkbookExportService.php","line":523}}
[11-Jun-2026 22:36:29 America/El_Salvador] PHP Deprecated:  fputcsv(): the $escape parameter must be provided as its default value will change in /var/www/html/dte /dte_sietelsa/src/services/IvaWorkbookExportService.php on line 523
[11-Jun-2026 22:36:29 America/El_Salvador] [sietelsa] {"ts":"2026-06-11T22:36:29-06:00","message":"Runtime warning","context":{"severity":8192,"message":"fputcsv(): the $escape parameter must be provided as its default value will change","file":"/var/www/html/dte /dte_sietelsa/src/services/IvaWorkbookExportService.php","line":523}}
[11-Jun-2026 22:36:29 America/El_Salvador] PHP Deprecated:  fputcsv(): the $escape parameter must be provided as its default value will change in /var/www/html/dte /dte_sietelsa/src/services/IvaWorkbookExportService.php on line 523
[11-Jun-2026 22:36:29 America/El_Salvador] [sietelsa] {"ts":"2026-06-11T22:36:29-06:00","message":"Runtime warning","context":{"severity":8192,"message":"fputcsv(): the $escape parameter must be provided as its default value will change","file":"/var/www/html/dte /dte_sietelsa/src/services/IvaWorkbookExportService.php","line":523}}
[11-Jun-2026 22:36:29 America/El_Salvador] PHP Deprecated:  fputcsv(): the $escape parameter must be provided as its default value will change in /var/www/html/dte /dte_sietelsa/src/services/IvaWorkbookExportService.php on line 523
[11-Jun-2026 22:36:29 America/El_Salvador] [sietelsa] {"ts":"2026-06-11T22:36:29-06:00","message":"Runtime warning","context":{"severity":8192,"message":"fputcsv(): the $escape parameter must be provided as its default value will change","file":"/var/www/html/dte /dte_sietelsa/src/services/IvaWorkbookExportService.php","line":523}}
[11-Jun-2026 22:36:29 America/El_Salvador] PHP Deprecated:  fputcsv(): the $escape parameter must be provided as its default value will change in /var/www/html/dte /dte_sietelsa/src/services/IvaWorkbookExportService.php on line 523
[11-Jun-2026 22:36:29 America/El_Salvador] [sietelsa] {"ts":"2026-06-11T22:36:29-06:00","message":"Runtime warning","context":{"severity":8192,"message":"fputcsv(): the $escape parameter must be provided as its default value will change","file":"/var/www/html/dte /dte_sietelsa/src/services/IvaWorkbookExportService.php","line":523}}
[11-Jun-2026 22:36:29 America/El_Salvador] PHP Deprecated:  fputcsv(): the $escape parameter must be provided as its default value will change in /var/www/html/dte /dte_sietelsa/src/services/IvaWorkbookExportService.php on line 523
[11-Jun-2026 22:36:29 America/El_Salvador] [sietelsa] {"ts":"2026-06-11T22:36:29-06:00","message":"Runtime warning","context":{"severity":8192,"message":"fputcsv(): the $escape parameter must be provided as its default value will change","file":"/var/www/html/dte /dte_sietelsa/src/services/IvaWorkbookExportService.php","line":523}}
[11-Jun-2026 22:36:29 America/El_Salvador] PHP Deprecated:  fputcsv(): the $escape parameter must be provided as its default value will change in /var/www/html/dte /dte_sietelsa/src/services/IvaWorkbookExportService.php on line 523
[11-Jun-2026 22:36:29 America/El_Salvador] [sietelsa] {"ts":"2026-06-11T22:36:29-06:00","message":"Runtime warning","context":{"severity":8192,"message":"fputcsv(): the $escape parameter must be provided as its default value will change","file":"/var/www/html/dte /dte_sietelsa/src/services/IvaWorkbookExportService.php","line":523}}
[11-Jun-2026 22:36:29 America/El_Salvador] PHP Deprecated:  fputcsv(): the $escape parameter must be provided as its default value will change in /var/www/html/dte /dte_sietelsa/src/services/IvaWorkbookExportService.php on line 523
[11-Jun-2026 22:36:29 America/El_Salvador] [sietelsa] {"ts":"2026-06-11T22:36:29-06:00","message":"Runtime warning","context":{"severity":8192,"message":"fputcsv(): the $escape parameter must be provided as its default value will change","file":"/var/www/html/dte /dte_sietelsa/src/services/IvaWorkbookExportService.php","line":523}}
[11-Jun-2026 22:36:29 America/El_Salvador] PHP Deprecated:  fputcsv(): the $escape parameter must be provided as its default value will change in /var/www/html/dte /dte_sietelsa/src/services/IvaWorkbookExportService.php on line 523
[11-Jun-2026 22:36:29 America/El_Salvador] [sietelsa] {"ts":"2026-06-11T22:36:29-06:00","message":"Runtime warning","context":{"severity":8192,"message":"fputcsv(): the $escape parameter must be provided as its default value will change","file":"/var/www/html/dte /dte_sietelsa/src/services/IvaWorkbookExportService.php","line":523}}
[11-Jun-2026 22:36:29 America/El_Salvador] PHP Deprecated:  fputcsv(): the $escape parameter must be provided as its default value will change in /var/www/html/dte /dte_sietelsa/src/services/IvaWorkbookExportService.php on line 523
[11-Jun-2026 22:36:29 America/El_Salvador] [sietelsa] {"ts":"2026-06-11T22:36:29-06:00","message":"Runtime warning","context":{"severity":8192,"message":"fputcsv(): the $escape parameter must be provided as its default value will change","file":"/var/www/html/dte /dte_sietelsa/src/services/IvaWorkbookExportService.php","line":523}}
[11-Jun-2026 22:36:29 America/El_Salvador] PHP Deprecated:  fputcsv(): the $escape parameter must be provided as its default value will change in /var/www/html/dte /dte_sietelsa/src/services/IvaWorkbookExportService.php on line 523
[11-Jun-2026 22:36:29 America/El_Salvador] [sietelsa] {"ts":"2026-06-11T22:36:29-06:00","message":"Runtime warning","context":{"severity":8192,"message":"fputcsv(): the $escape parameter must be provided as its default value will change","file":"/var/www/html/dte /dte_sietelsa/src/services/IvaWorkbookExportService.php","line":523}}
[11-Jun-2026 22:36:29 America/El_Salvador] PHP Deprecated:  fputcsv(): the $escape parameter must be provided as its default value will change in /var/www/html/dte /dte_sietelsa/src/services/IvaWorkbookExportService.php on line 523
[11-Jun-2026 22:36:29 America/El_Salvador] [sietelsa] {"ts":"2026-06-11T22:36:29-06:00","message":"Runtime warning","context":{"severity":8192,"message":"fputcsv(): the $escape parameter must be provided as its default value will change","file":"/var/www/html/dte /dte_sietelsa/src/services/IvaWorkbookExportService.php","line":523}}
[11-Jun-2026 22:36:29 America/El_Salvador] PHP Deprecated:  fputcsv(): the $escape parameter must be provided as its default value will change in /var/www/html/dte /dte_sietelsa/src/services/IvaWorkbookExportService.php on line 523
[11-Jun-2026 22:36:29 America/El_Salvador] [sietelsa] {"ts":"2026-06-11T22:36:29-06:00","message":"Runtime warning","context":{"severity":8192,"message":"fputcsv(): the $escape parameter must be provided as its default value will change","file":"/var/www/html/dte /dte_sietelsa/src/services/IvaWorkbookExportService.php","line":523}}
[11-Jun-2026 22:36:29 America/El_Salvador] PHP Deprecated:  fputcsv(): the $escape parameter must be provided as its default value will change in /var/www/html/dte /dte_sietelsa/src/services/IvaWorkbookExportService.php on line 523
[11-Jun-2026 22:36:29 America/El_Salvador] [sietelsa] {"ts":"2026-06-11T22:36:29-06:00","message":"Runtime warning","context":{"severity":8192,"message":"fputcsv(): the $escape parameter must be provided as its default value will change","file":"/var/www/html/dte /dte_sietelsa/src/services/IvaWorkbookExportService.php","line":523}}
[11-Jun-2026 22:36:29 America/El_Salvador] PHP Deprecated:  fputcsv(): the $escape parameter must be provided as its default value will change in /var/www/html/dte /dte_sietelsa/src/services/IvaWorkbookExportService.php on line 523
[11-Jun-2026 22:36:29 America/El_Salvador] [sietelsa] {"ts":"2026-06-11T22:36:29-06:00","message":"Runtime warning","context":{"severity":8192,"message":"fputcsv(): the $escape parameter must be provided as its default value will change","file":"/var/www/html/dte /dte_sietelsa/src/services/IvaWorkbookExportService.php","line":523}}
[11-Jun-2026 22:36:29 America/El_Salvador] PHP Deprecated:  fputcsv(): the $escape parameter must be provided as its default value will change in /var/www/html/dte /dte_sietelsa/src/services/IvaWorkbookExportService.php on line 523
[11-Jun-2026 22:36:29 America/El_Salvador] [sietelsa] {"ts":"2026-06-11T22:36:29-06:00","message":"Runtime warning","context":{"severity":8192,"message":"fputcsv(): the $escape parameter must be provided as its default value will change","file":"/var/www/html/dte /dte_sietelsa/src/services/IvaWorkbookExportService.php","line":523}}
[11-Jun-2026 22:36:29 America/El_Salvador] PHP Deprecated:  fputcsv(): the $escape parameter must be provided as its default value will change in /var/www/html/dte /dte_sietelsa/src/services/IvaWorkbookExportService.php on line 523
[11-Jun-2026 22:36:29 America/El_Salvador] [sietelsa] {"ts":"2026-06-11T22:36:29-06:00","message":"Runtime warning","context":{"severity":8192,"message":"fputcsv(): the $escape parameter must be provided as its default value will change","file":"/var/www/html/dte /dte_sietelsa/src/services/IvaWorkbookExportService.php","line":523}}
[11-Jun-2026 22:36:29 America/El_Salvador] PHP Deprecated:  fputcsv(): the $escape parameter must be provided as its default value will change in /var/www/html/dte /dte_sietelsa/src/services/IvaWorkbookExportService.php on line 523
[11-Jun-2026 22:36:29 America/El_Salvador] [sietelsa] {"ts":"2026-06-11T22:36:29-06:00","message":"Runtime warning","context":{"severity":8192,"message":"fputcsv(): the $escape parameter must be provided as its default value will change","file":"/var/www/html/dte /dte_sietelsa/src/services/IvaWorkbookExportService.php","line":523}}
[11-Jun-2026 22:36:29 America/El_Salvador] PHP Deprecated:  fputcsv(): the $escape parameter must be provided as its default value will change in /var/www/html/dte /dte_sietelsa/src/services/IvaWorkbookExportService.php on line 523
[11-Jun-2026 22:36:29 America/El_Salvador] [sietelsa] {"ts":"2026-06-11T22:36:29-06:00","message":"Runtime warning","context":{"severity":8192,"message":"fputcsv(): the $escape parameter must be provided as its default value will change","file":"/var/www/html/dte /dte_sietelsa/src/services/IvaWorkbookExportService.php","line":523}}
[11-Jun-2026 22:36:29 America/El_Salvador] PHP Deprecated:  fputcsv(): the $escape parameter must be provided as its default value will change in /var/www/html/dte /dte_sietelsa/src/services/IvaWorkbookExportService.php on line 523
[11-Jun-2026 22:36:29 America/El_Salvador] [sietelsa] {"ts":"2026-06-11T22:36:29-06:00","message":"Runtime warning","context":{"severity":8192,"message":"fputcsv(): the $escape parameter must be provided as its default value will change","file":"/var/www/html/dte /dte_sietelsa/src/services/IvaWorkbookExportService.php","line":523}}
[11-Jun-2026 22:36:29 America/El_Salvador] PHP Deprecated:  fputcsv(): the $escape parameter must be provided as its default value will change in /var/www/html/dte /dte_sietelsa/src/services/IvaWorkbookExportService.php on line 523
[11-Jun-2026 22:36:29 America/El_Salvador] [sietelsa] {"ts":"2026-06-11T22:36:29-06:00","message":"Runtime warning","context":{"severity":8192,"message":"fputcsv(): the $escape parameter must be provided as its default value will change","file":"/var/www/html/dte /dte_sietelsa/src/services/IvaWorkbookExportService.php","line":523}}
[11-Jun-2026 22:36:29 America/El_Salvador] PHP Deprecated:  fputcsv(): the $escape parameter must be provided as its default value will change in /var/www/html/dte /dte_sietelsa/src/services/IvaWorkbookExportService.php on line 523
[11-Jun-2026 22:36:29 America/El_Salvador] [sietelsa] {"ts":"2026-06-11T22:36:29-06:00","message":"Runtime warning","context":{"severity":8192,"message":"fputcsv(): the $escape parameter must be provided as its default value will change","file":"/var/www/html/dte /dte_sietelsa/src/services/IvaWorkbookExportService.php","line":523}}
[11-Jun-2026 22:36:29 America/El_Salvador] PHP Deprecated:  fputcsv(): the $escape parameter must be provided as its default value will change in /var/www/html/dte /dte_sietelsa/src/services/IvaWorkbookExportService.php on line 523
[11-Jun-2026 22:36:29 America/El_Salvador] [sietelsa] {"ts":"2026-06-11T22:36:29-06:00","message":"Runtime warning","context":{"severity":8192,"message":"fputcsv(): the $escape parameter must be provided as its default value will change","file":"/var/www/html/dte /dte_sietelsa/src/services/IvaWorkbookExportService.php","line":523}}
[11-Jun-2026 22:36:29 America/El_Salvador] PHP Deprecated:  fputcsv(): the $escape parameter must be provided as its default value will change in /var/www/html/dte /dte_sietelsa/src/services/IvaWorkbookExportService.php on line 523
[11-Jun-2026 22:36:29 America/El_Salvador] [sietelsa] {"ts":"2026-06-11T22:36:29-06:00","message":"Runtime warning","context":{"severity":8192,"message":"fputcsv(): the $escape parameter must be provided as its default value will change","file":"/var/www/html/dte /dte_sietelsa/src/services/IvaWorkbookExportService.php","line":523}}
[11-Jun-2026 22:36:29 America/El_Salvador] PHP Deprecated:  fputcsv(): the $escape parameter must be provided as its default value will change in /var/www/html/dte /dte_sietelsa/src/services/IvaWorkbookExportService.php on line 523
[11-Jun-2026 22:36:29 America/El_Salvador] [sietelsa] {"ts":"2026-06-11T22:36:29-06:00","message":"Runtime warning","context":{"severity":8192,"message":"fputcsv(): the $escape parameter must be provided as its default value will change","file":"/var/www/html/dte /dte_sietelsa/src/services/IvaWorkbookExportService.php","line":523}}
[11-Jun-2026 22:36:29 America/El_Salvador] PHP Deprecated:  fputcsv(): the $escape parameter must be provided as its default value will change in /var/www/html/dte /dte_sietelsa/src/services/IvaWorkbookExportService.php on line 523
[11-Jun-2026 22:36:29 America/El_Salvador] [sietelsa] {"ts":"2026-06-11T22:36:29-06:00","message":"Runtime warning","context":{"severity":8192,"message":"fputcsv(): the $escape parameter must be provided as its default value will change","file":"/var/www/html/dte /dte_sietelsa/src/services/IvaWorkbookExportService.php","line":523}}
[11-Jun-2026 22:36:29 America/El_Salvador] PHP Deprecated:  fputcsv(): the $escape parameter must be provided as its default value will change in /var/www/html/dte /dte_sietelsa/src/services/IvaWorkbookExportService.php on line 523
[11-Jun-2026 22:36:29 America/El_Salvador] [sietelsa] {"ts":"2026-06-11T22:36:29-06:00","message":"Runtime warning","context":{"severity":8192,"message":"fputcsv(): the $escape parameter must be provided as its default value will change","file":"/var/www/html/dte /dte_sietelsa/src/services/IvaWorkbookExportService.php","line":523}}
[11-Jun-2026 22:36:29 America/El_Salvador] PHP Deprecated:  fputcsv(): the $escape parameter must be provided as its default value will change in /var/www/html/dte /dte_sietelsa/src/services/IvaWorkbookExportService.php on line 523
[11-Jun-2026 22:36:29 America/El_Salvador] [sietelsa] {"ts":"2026-06-11T22:36:29-06:00","message":"Runtime warning","context":{"severity":8192,"message":"fputcsv(): the $escape parameter must be provided as its default value will change","file":"/var/www/html/dte /dte_sietelsa/src/services/IvaWorkbookExportService.php","line":523}}
[11-Jun-2026 22:36:29 America/El_Salvador] PHP Deprecated:  fputcsv(): the $escape parameter must be provided as its default value will change in /var/www/html/dte /dte_sietelsa/src/services/IvaWorkbookExportService.php on line 523
[11-Jun-2026 22:36:29 America/El_Salvador] [sietelsa] {"ts":"2026-06-11T22:36:29-06:00","message":"Runtime warning","context":{"severity":8192,"message":"fputcsv(): the $escape parameter must be provided as its default value will change","file":"/var/www/html/dte /dte_sietelsa/src/services/IvaWorkbookExportService.php","line":523}}
[11-Jun-2026 22:36:29 America/El_Salvador] PHP Deprecated:  fputcsv(): the $escape parameter must be provided as its default value will change in /var/www/html/dte /dte_sietelsa/src/services/IvaWorkbookExportService.php on line 523
[11-Jun-2026 22:36:29 America/El_Salvador] [sietelsa] {"ts":"2026-06-11T22:36:29-06:00","message":"Runtime warning","context":{"severity":8192,"message":"fputcsv(): the $escape parameter must be provided as its default value will change","file":"/var/www/html/dte /dte_sietelsa/src/services/IvaWorkbookExportService.php","line":523}}
[11-Jun-2026 22:36:29 America/El_Salvador] PHP Deprecated:  fputcsv(): the $escape parameter must be provided as its default value will change in /var/www/html/dte /dte_sietelsa/src/services/IvaWorkbookExportService.php on line 523
[11-Jun-2026 22:36:29 America/El_Salvador] [sietelsa] {"ts":"2026-06-11T22:36:29-06:00","message":"Runtime warning","context":{"severity":8192,"message":"fputcsv(): the $escape parameter must be provided as its default value will change","file":"/var/www/html/dte /dte_sietelsa/src/services/IvaWorkbookExportService.php","line":523}}
[11-Jun-2026 22:36:29 America/El_Salvador] PHP Deprecated:  fputcsv(): the $escape parameter must be provided as its default value will change in /var/www/html/dte /dte_sietelsa/src/services/IvaWorkbookExportService.php on line 523
[11-Jun-2026 22:36:29 America/El_Salvador] [sietelsa] {"ts":"2026-06-11T22:36:29-06:00","message":"Runtime warning","context":{"severity":8192,"message":"fputcsv(): the $escape parameter must be provided as its default value will change","file":"/var/www/html/dte /dte_sietelsa/src/services/IvaWorkbookExportService.php","line":523}}
[11-Jun-2026 22:36:29 America/El_Salvador] PHP Deprecated:  fputcsv(): the $escape parameter must be provided as its default value will change in /var/www/html/dte /dte_sietelsa/src/services/IvaWorkbookExportService.php on line 523
[11-Jun-2026 22:36:29 America/El_Salvador] [sietelsa] {"ts":"2026-06-11T22:36:29-06:00","message":"Runtime warning","context":{"severity":8192,"message":"fputcsv(): the $escape parameter must be provided as its default value will change","file":"/var/www/html/dte /dte_sietelsa/src/services/IvaWorkbookExportService.php","line":523}}
[11-Jun-2026 22:36:29 America/El_Salvador] PHP Deprecated:  fputcsv(): the $escape parameter must be provided as its default value will change in /var/www/html/dte /dte_sietelsa/src/services/IvaWorkbookExportService.php on line 523
[11-Jun-2026 22:36:29 America/El_Salvador] [sietelsa] {"ts":"2026-06-11T22:36:29-06:00","message":"Runtime warning","context":{"severity":8192,"message":"fputcsv(): the $escape parameter must be provided as its default value will change","file":"/var/www/html/dte /dte_sietelsa/src/services/IvaWorkbookExportService.php","line":523}}
[11-Jun-2026 22:36:29 America/El_Salvador] PHP Deprecated:  fputcsv(): the $escape parameter must be provided as its default value will change in /var/www/html/dte /dte_sietelsa/src/services/IvaWorkbookExportService.php on line 523
[11-Jun-2026 22:36:29 America/El_Salvador] [sietelsa] {"ts":"2026-06-11T22:36:29-06:00","message":"Runtime warning","context":{"severity":8192,"message":"fputcsv(): the $escape parameter must be provided as its default value will change","file":"/var/www/html/dte /dte_sietelsa/src/services/IvaWorkbookExportService.php","line":523}}
[11-Jun-2026 22:36:29 America/El_Salvador] PHP Deprecated:  fputcsv(): the $escape parameter must be provided as its default value will change in /var/www/html/dte /dte_sietelsa/src/services/IvaWorkbookExportService.php on line 523
[11-Jun-2026 22:36:29 America/El_Salvador] [sietelsa] {"ts":"2026-06-11T22:36:29-06:00","message":"Runtime warning","context":{"severity":8192,"message":"fputcsv(): the $escape parameter must be provided as its default value will change","file":"/var/www/html/dte /dte_sietelsa/src/services/IvaWorkbookExportService.php","line":523}}
[11-Jun-2026 22:36:29 America/El_Salvador] PHP Deprecated:  fputcsv(): the $escape parameter must be provided as its default value will change in /var/www/html/dte /dte_sietelsa/src/services/IvaWorkbookExportService.php on line 523
[11-Jun-2026 22:36:29 America/El_Salvador] [sietelsa] {"ts":"2026-06-11T22:36:29-06:00","message":"Runtime warning","context":{"severity":8192,"message":"fputcsv(): the $escape parameter must be provided as its default value will change","file":"/var/www/html/dte /dte_sietelsa/src/services/IvaWorkbookExportService.php","line":523}}
[11-Jun-2026 22:36:29 America/El_Salvador] PHP Deprecated:  fputcsv(): the $escape parameter must be provided as its default value will change in /var/www/html/dte /dte_sietelsa/src/services/IvaWorkbookExportService.php on line 523
[11-Jun-2026 22:36:29 America/El_Salvador] [sietelsa] {"ts":"2026-06-11T22:36:29-06:00","message":"Runtime warning","context":{"severity":8192,"message":"fputcsv(): the $escape parameter must be provided as its default value will change","file":"/var/www/html/dte /dte_sietelsa/src/services/IvaWorkbookExportService.php","line":523}}
[11-Jun-2026 22:36:29 America/El_Salvador] PHP Deprecated:  fputcsv(): the $escape parameter must be provided as its default value will change in /var/www/html/dte /dte_sietelsa/src/services/IvaWorkbookExportService.php on line 523
[11-Jun-2026 22:36:29 America/El_Salvador] [sietelsa] {"ts":"2026-06-11T22:36:29-06:00","message":"Runtime warning","context":{"severity":8192,"message":"fputcsv(): the $escape parameter must be provided as its default value will change","file":"/var/www/html/dte /dte_sietelsa/src/services/IvaWorkbookExportService.php","line":523}}
[11-Jun-2026 22:36:29 America/El_Salvador] PHP Deprecated:  fputcsv(): the $escape parameter must be provided as its default value will change in /var/www/html/dte /dte_sietelsa/src/services/IvaWorkbookExportService.php on line 523
[11-Jun-2026 22:36:29 America/El_Salvador] [sietelsa] {"ts":"2026-06-11T22:36:29-06:00","message":"Runtime warning","context":{"severity":8192,"message":"fputcsv(): the $escape parameter must be provided as its default value will change","file":"/var/www/html/dte /dte_sietelsa/src/services/IvaWorkbookExportService.php","line":523}}
[11-Jun-2026 22:36:29 America/El_Salvador] PHP Deprecated:  fputcsv(): the $escape parameter must be provided as its default value will change in /var/www/html/dte /dte_sietelsa/src/services/IvaWorkbookExportService.php on line 523
[11-Jun-2026 22:36:29 America/El_Salvador] [sietelsa] {"ts":"2026-06-11T22:36:29-06:00","message":"Runtime warning","context":{"severity":8192,"message":"fputcsv(): the $escape parameter must be provided as its default value will change","file":"/var/www/html/dte /dte_sietelsa/src/services/IvaWorkbookExportService.php","line":523}}
[11-Jun-2026 22:36:29 America/El_Salvador] PHP Deprecated:  fputcsv(): the $escape parameter must be provided as its default value will change in /var/www/html/dte /dte_sietelsa/src/services/IvaWorkbookExportService.php on line 523
[11-Jun-2026 22:36:29 America/El_Salvador] [sietelsa] {"ts":"2026-06-11T22:36:29-06:00","message":"Runtime warning","context":{"severity":8192,"message":"fputcsv(): the $escape parameter must be provided as its default value will change","file":"/var/www/html/dte /dte_sietelsa/src/services/IvaWorkbookExportService.php","line":523}}
[11-Jun-2026 22:36:29 America/El_Salvador] PHP Deprecated:  fputcsv(): the $escape parameter must be provided as its default value will change in /var/www/html/dte /dte_sietelsa/src/services/IvaWorkbookExportService.php on line 523
[11-Jun-2026 22:36:29 America/El_Salvador] [sietelsa] {"ts":"2026-06-11T22:36:29-06:00","message":"Runtime warning","context":{"severity":8192,"message":"fputcsv(): the $escape parameter must be provided as its default value will change","file":"/var/www/html/dte /dte_sietelsa/src/services/IvaWorkbookExportService.php","line":523}}
[11-Jun-2026 22:36:29 America/El_Salvador] PHP Deprecated:  fputcsv(): the $escape parameter must be provided as its default value will change in /var/www/html/dte /dte_sietelsa/src/services/IvaWorkbookExportService.php on line 523
[11-Jun-2026 22:36:29 America/El_Salvador] [sietelsa] {"ts":"2026-06-11T22:36:29-06:00","message":"Runtime warning","context":{"severity":8192,"message":"fputcsv(): the $escape parameter must be provided as its default value will change","file":"/var/www/html/dte /dte_sietelsa/src/services/IvaWorkbookExportService.php","line":523}}
[11-Jun-2026 22:36:29 America/El_Salvador] PHP Deprecated:  fputcsv(): the $escape parameter must be provided as its default value will change in /var/www/html/dte /dte_sietelsa/src/services/IvaWorkbookExportService.php on line 523
[11-Jun-2026 22:36:29 America/El_Salvador] [sietelsa] {"ts":"2026-06-11T22:36:29-06:00","message":"Runtime warning","context":{"severity":8192,"message":"fputcsv(): the $escape parameter must be provided as its default value will change","file":"/var/www/html/dte /dte_sietelsa/src/services/IvaWorkbookExportService.php","line":523}}
[11-Jun-2026 22:36:29 America/El_Salvador] PHP Deprecated:  fputcsv(): the $escape parameter must be provided as its default value will change in /var/www/html/dte /dte_sietelsa/src/services/IvaWorkbookExportService.php on line 523
[11-Jun-2026 22:36:29 America/El_Salvador] [sietelsa] {"ts":"2026-06-11T22:36:29-06:00","message":"Runtime warning","context":{"severity":8192,"message":"fputcsv(): the $escape parameter must be provided as its default value will change","file":"/var/www/html/dte /dte_sietelsa/src/services/IvaWorkbookExportService.php","line":523}}
[11-Jun-2026 22:36:29 America/El_Salvador] PHP Deprecated:  fputcsv(): the $escape parameter must be provided as its default value will change in /var/www/html/dte /dte_sietelsa/src/services/IvaWorkbookExportService.php on line 523
[11-Jun-2026 22:36:29 America/El_Salvador] [sietelsa] {"ts":"2026-06-11T22:36:29-06:00","message":"Runtime warning","context":{"severity":8192,"message":"fputcsv(): the $escape parameter must be provided as its default value will change","file":"/var/www/html/dte /dte_sietelsa/src/services/IvaWorkbookExportService.php","line":523}}
[11-Jun-2026 22:36:29 America/El_Salvador] PHP Deprecated:  fputcsv(): the $escape parameter must be provided as its default value will change in /var/www/html/dte /dte_sietelsa/src/services/IvaWorkbookExportService.php on line 523
[11-Jun-2026 22:36:29 America/El_Salvador] [sietelsa] {"ts":"2026-06-11T22:36:29-06:00","message":"Runtime warning","context":{"severity":8192,"message":"fputcsv(): the $escape parameter must be provided as its default value will change","file":"/var/www/html/dte /dte_sietelsa/src/services/IvaWorkbookExportService.php","line":523}}
[11-Jun-2026 22:36:29 America/El_Salvador] PHP Deprecated:  fputcsv(): the $escape parameter must be provided as its default value will change in /var/www/html/dte /dte_sietelsa/src/services/IvaWorkbookExportService.php on line 523
[11-Jun-2026 22:36:29 America/El_Salvador] [sietelsa] {"ts":"2026-06-11T22:36:29-06:00","message":"Runtime warning","context":{"severity":8192,"message":"fputcsv(): the $escape parameter must be provided as its default value will change","file":"/var/www/html/dte /dte_sietelsa/src/services/IvaWorkbookExportService.php","line":523}}
[11-Jun-2026 22:36:29 America/El_Salvador] PHP Deprecated:  fputcsv(): the $escape parameter must be provided as its default value will change in /var/www/html/dte /dte_sietelsa/src/services/IvaWorkbookExportService.php on line 523
[11-Jun-2026 22:36:29 America/El_Salvador] [sietelsa] {"ts":"2026-06-11T22:36:29-06:00","message":"Runtime warning","context":{"severity":8192,"message":"fputcsv(): the $escape parameter must be provided as its default value will change","file":"/var/www/html/dte /dte_sietelsa/src/services/IvaWorkbookExportService.php","line":523}}
[11-Jun-2026 22:36:29 America/El_Salvador] PHP Deprecated:  fputcsv(): the $escape parameter must be provided as its default value will change in /var/www/html/dte /dte_sietelsa/src/services/IvaWorkbookExportService.php on line 523
[11-Jun-2026 22:36:29 America/El_Salvador] [sietelsa] {"ts":"2026-06-11T22:36:29-06:00","message":"Runtime warning","context":{"severity":8192,"message":"fputcsv(): the $escape parameter must be provided as its default value will change","file":"/var/www/html/dte /dte_sietelsa/src/services/IvaWorkbookExportService.php","line":523}}
[11-Jun-2026 22:36:29 America/El_Salvador] PHP Deprecated:  fputcsv(): the $escape parameter must be provided as its default value will change in /var/www/html/dte /dte_sietelsa/src/services/IvaWorkbookExportService.php on line 523
[11-Jun-2026 22:36:29 America/El_Salvador] [sietelsa] {"ts":"2026-06-11T22:36:29-06:00","message":"Runtime warning","context":{"severity":8192,"message":"fputcsv(): the $escape parameter must be provided as its default value will change","file":"/var/www/html/dte /dte_sietelsa/src/services/IvaWorkbookExportService.php","line":523}}
[11-Jun-2026 22:36:29 America/El_Salvador] PHP Deprecated:  fputcsv(): the $escape parameter must be provided as its default value will change in /var/www/html/dte /dte_sietelsa/src/services/IvaWorkbookExportService.php on line 523
[11-Jun-2026 22:36:29 America/El_Salvador] [sietelsa] {"ts":"2026-06-11T22:36:29-06:00","message":"Runtime warning","context":{"severity":8192,"message":"fputcsv(): the $escape parameter must be provided as its default value will change","file":"/var/www/html/dte /dte_sietelsa/src/services/IvaWorkbookExportService.php","line":523}}
[11-Jun-2026 22:36:29 America/El_Salvador] PHP Deprecated:  fputcsv(): the $escape parameter must be provided as its default value will change in /var/www/html/dte /dte_sietelsa/src/services/IvaWorkbookExportService.php on line 523
[11-Jun-2026 22:36:29 America/El_Salvador] [sietelsa] {"ts":"2026-06-11T22:36:29-06:00","message":"Runtime warning","context":{"severity":8192,"message":"fputcsv(): the $escape parameter must be provided as its default value will change","file":"/var/www/html/dte /dte_sietelsa/src/services/IvaWorkbookExportService.php","line":523}}
[11-Jun-2026 22:36:29 America/El_Salvador] PHP Deprecated:  fputcsv(): the $escape parameter must be provided as its default value will change in /var/www/html/dte /dte_sietelsa/src/services/IvaWorkbookExportService.php on line 523
[11-Jun-2026 22:36:29 America/El_Salvador] [sietelsa] {"ts":"2026-06-11T22:36:29-06:00","message":"Runtime warning","context":{"severity":8192,"message":"fputcsv(): the $escape parameter must be provided as its default value will change","file":"/var/www/html/dte /dte_sietelsa/src/services/IvaWorkbookExportService.php","line":523}}
[11-Jun-2026 22:36:29 America/El_Salvador] PHP Deprecated:  fputcsv(): the $escape parameter must be provided as its default value will change in /var/www/html/dte /dte_sietelsa/src/services/IvaWorkbookExportService.php on line 523
[11-Jun-2026 22:36:29 America/El_Salvador] [sietelsa] {"ts":"2026-06-11T22:36:29-06:00","message":"Runtime warning","context":{"severity":8192,"message":"fputcsv(): the $escape parameter must be provided as its default value will change","file":"/var/www/html/dte /dte_sietelsa/src/services/IvaWorkbookExportService.php","line":523}}
[11-Jun-2026 22:36:29 America/El_Salvador] PHP Deprecated:  fputcsv(): the $escape parameter must be provided as its default value will change in /var/www/html/dte /dte_sietelsa/src/services/IvaWorkbookExportService.php on line 523
[11-Jun-2026 22:36:29 America/El_Salvador] [sietelsa] {"ts":"2026-06-11T22:36:29-06:00","message":"Runtime warning","context":{"severity":8192,"message":"fputcsv(): the $escape parameter must be provided as its default value will change","file":"/var/www/html/dte /dte_sietelsa/src/services/IvaWorkbookExportService.php","line":523}}
[11-Jun-2026 22:36:29 America/El_Salvador] PHP Deprecated:  fputcsv(): the $escape parameter must be provided as its default value will change in /var/www/html/dte /dte_sietelsa/src/services/IvaWorkbookExportService.php on line 523
[11-Jun-2026 22:36:29 America/El_Salvador] [sietelsa] {"ts":"2026-06-11T22:36:29-06:00","message":"Runtime warning","context":{"severity":8192,"message":"fputcsv(): the $escape parameter must be provided as its default value will change","file":"/var/www/html/dte /dte_sietelsa/src/services/IvaWorkbookExportService.php","line":523}}
[11-Jun-2026 22:36:29 America/El_Salvador] PHP Deprecated:  fputcsv(): the $escape parameter must be provided as its default value will change in /var/www/html/dte /dte_sietelsa/src/services/IvaWorkbookExportService.php on line 523
[11-Jun-2026 22:36:29 America/El_Salvador] [sietelsa] {"ts":"2026-06-11T22:36:29-06:00","message":"Runtime warning","context":{"severity":8192,"message":"fputcsv(): the $escape parameter must be provided as its default value will change","file":"/var/www/html/dte /dte_sietelsa/src/services/IvaWorkbookExportService.php","line":523}}
[11-Jun-2026 22:36:29 America/El_Salvador] PHP Deprecated:  fputcsv(): the $escape parameter must be provided as its default value will change in /var/www/html/dte /dte_sietelsa/src/services/IvaWorkbookExportService.php on line 523
[11-Jun-2026 22:36:29 America/El_Salvador] [sietelsa] {"ts":"2026-06-11T22:36:29-06:00","message":"Runtime warning","context":{"severity":8192,"message":"fputcsv(): the $escape parameter must be provided as its default value will change","file":"/var/www/html/dte /dte_sietelsa/src/services/IvaWorkbookExportService.php","line":523}}
[11-Jun-2026 22:36:29 America/El_Salvador] PHP Deprecated:  fputcsv(): the $escape parameter must be provided as its default value will change in /var/www/html/dte /dte_sietelsa/src/services/IvaWorkbookExportService.php on line 523
[11-Jun-2026 22:36:29 America/El_Salvador] [sietelsa] {"ts":"2026-06-11T22:36:29-06:00","message":"Runtime warning","context":{"severity":8192,"message":"fputcsv(): the $escape parameter must be provided as its default value will change","file":"/var/www/html/dte /dte_sietelsa/src/services/IvaWorkbookExportService.php","line":523}}
[11-Jun-2026 22:36:29 America/El_Salvador] PHP Deprecated:  fputcsv(): the $escape parameter must be provided as its default value will change in /var/www/html/dte /dte_sietelsa/src/services/IvaWorkbookExportService.php on line 523
[11-Jun-2026 22:36:29 America/El_Salvador] [sietelsa] {"ts":"2026-06-11T22:36:29-06:00","message":"Runtime warning","context":{"severity":8192,"message":"fputcsv(): the $escape parameter must be provided as its default value will change","file":"/var/www/html/dte /dte_sietelsa/src/services/IvaWorkbookExportService.php","line":523}}
[11-Jun-2026 22:36:29 America/El_Salvador] PHP Deprecated:  fputcsv(): the $escape parameter must be provided as its default value will change in /var/www/html/dte /dte_sietelsa/src/services/IvaWorkbookExportService.php on line 523
[11-Jun-2026 22:36:29 America/El_Salvador] [sietelsa] {"ts":"2026-06-11T22:36:29-06:00","message":"Runtime warning","context":{"severity":8192,"message":"fputcsv(): the $escape parameter must be provided as its default value will change","file":"/var/www/html/dte /dte_sietelsa/src/services/IvaWorkbookExportService.php","line":523}}
[11-Jun-2026 22:36:29 America/El_Salvador] PHP Deprecated:  fputcsv(): the $escape parameter must be provided as its default value will change in /var/www/html/dte /dte_sietelsa/src/services/IvaWorkbookExportService.php on line 523
[11-Jun-2026 22:36:29 America/El_Salvador] [sietelsa] {"ts":"2026-06-11T22:36:29-06:00","message":"Runtime warning","context":{"severity":8192,"message":"fputcsv(): the $escape parameter must be provided as its default value will change","file":"/var/www/html/dte /dte_sietelsa/src/services/IvaWorkbookExportService.php","line":523}}
[11-Jun-2026 22:36:29 America/El_Salvador] PHP Deprecated:  fputcsv(): the $escape parameter must be provided as its default value will change in /var/www/html/dte /dte_sietelsa/src/services/IvaWorkbookExportService.php on line 523
[11-Jun-2026 22:36:29 America/El_Salvador] [sietelsa] {"ts":"2026-06-11T22:36:29-06:00","message":"Runtime warning","context":{"severity":8192,"message":"fputcsv(): the $escape parameter must be provided as its default value will change","file":"/var/www/html/dte /dte_sietelsa/src/services/IvaWorkbookExportService.php","line":523}}
[11-Jun-2026 22:36:29 America/El_Salvador] PHP Deprecated:  fputcsv(): the $escape parameter must be provided as its default value will change in /var/www/html/dte /dte_sietelsa/src/services/IvaWorkbookExportService.php on line 523
[11-Jun-2026 22:36:29 America/El_Salvador] [sietelsa] {"ts":"2026-06-11T22:36:29-06:00","message":"Runtime warning","context":{"severity":8192,"message":"fputcsv(): the $escape parameter must be provided as its default value will change","file":"/var/www/html/dte /dte_sietelsa/src/services/IvaWorkbookExportService.php","line":523}}
[11-Jun-2026 22:36:29 America/El_Salvador] PHP Deprecated:  fputcsv(): the $escape parameter must be provided as its default value will change in /var/www/html/dte /dte_sietelsa/src/services/IvaWorkbookExportService.php on line 523
[11-Jun-2026 22:36:29 America/El_Salvador] [sietelsa] {"ts":"2026-06-11T22:36:29-06:00","message":"Runtime warning","context":{"severity":8192,"message":"fputcsv(): the $escape parameter must be provided as its default value will change","file":"/var/www/html/dte /dte_sietelsa/src/services/IvaWorkbookExportService.php","line":523}}
[11-Jun-2026 22:36:29 America/El_Salvador] PHP Deprecated:  fputcsv(): the $escape parameter must be provided as its default value will change in /var/www/html/dte /dte_sietelsa/src/services/IvaWorkbookExportService.php on line 523
[11-Jun-2026 22:36:29 America/El_Salvador] [sietelsa] {"ts":"2026-06-11T22:36:29-06:00","message":"Runtime warning","context":{"severity":8192,"message":"fputcsv(): the $escape parameter must be provided as its default value will change","file":"/var/www/html/dte /dte_sietelsa/src/services/IvaWorkbookExportService.php","line":523}}
[11-Jun-2026 22:36:29 America/El_Salvador] PHP Deprecated:  fputcsv(): the $escape parameter must be provided as its default value will change in /var/www/html/dte /dte_sietelsa/src/services/IvaWorkbookExportService.php on line 523
[11-Jun-2026 22:36:29 America/El_Salvador] [sietelsa] {"ts":"2026-06-11T22:36:29-06:00","message":"Runtime warning","context":{"severity":8192,"message":"fputcsv(): the $escape parameter must be provided as its default value will change","file":"/var/www/html/dte /dte_sietelsa/src/services/IvaWorkbookExportService.php","line":523}}
[11-Jun-2026 22:36:29 America/El_Salvador] PHP Deprecated:  fputcsv(): the $escape parameter must be provided as its default value will change in /var/www/html/dte /dte_sietelsa/src/services/IvaWorkbookExportService.php on line 523
[11-Jun-2026 22:36:29 America/El_Salvador] [sietelsa] {"ts":"2026-06-11T22:36:29-06:00","message":"Runtime warning","context":{"severity":8192,"message":"fputcsv(): the $escape parameter must be provided as its default value will change","file":"/var/www/html/dte /dte_sietelsa/src/services/IvaWorkbookExportService.php","line":523}}
[11-Jun-2026 22:36:29 America/El_Salvador] PHP Deprecated:  fputcsv(): the $escape parameter must be provided as its default value will change in /var/www/html/dte /dte_sietelsa/src/services/IvaWorkbookExportService.php on line 523
[11-Jun-2026 22:36:29 America/El_Salvador] [sietelsa] {"ts":"2026-06-11T22:36:29-06:00","message":"Runtime warning","context":{"severity":8192,"message":"fputcsv(): the $escape parameter must be provided as its default value will change","file":"/var/www/html/dte /dte_sietelsa/src/services/IvaWorkbookExportService.php","line":523}}
[11-Jun-2026 22:36:29 America/El_Salvador] PHP Deprecated:  fputcsv(): the $escape parameter must be provided as its default value will change in /var/www/html/dte /dte_sietelsa/src/services/IvaWorkbookExportService.php on line 523
[11-Jun-2026 22:36:29 America/El_Salvador] [sietelsa] {"ts":"2026-06-11T22:36:29-06:00","message":"Runtime warning","context":{"severity":8192,"message":"fputcsv(): the $escape parameter must be provided as its default value will change","file":"/var/www/html/dte /dte_sietelsa/src/services/IvaWorkbookExportService.php","line":523}}
[11-Jun-2026 22:36:29 America/El_Salvador] PHP Deprecated:  fputcsv(): the $escape parameter must be provided as its default value will change in /var/www/html/dte /dte_sietelsa/src/services/IvaWorkbookExportService.php on line 523
[11-Jun-2026 22:36:29 America/El_Salvador] [sietelsa] {"ts":"2026-06-11T22:36:29-06:00","message":"Runtime warning","context":{"severity":8192,"message":"fputcsv(): the $escape parameter must be provided as its default value will change","file":"/var/www/html/dte /dte_sietelsa/src/services/IvaWorkbookExportService.php","line":523}}
[11-Jun-2026 22:36:29 America/El_Salvador] PHP Deprecated:  fputcsv(): the $escape parameter must be provided as its default value will change in /var/www/html/dte /dte_sietelsa/src/services/IvaWorkbookExportService.php on line 523
[11-Jun-2026 22:36:29 America/El_Salvador] [sietelsa] {"ts":"2026-06-11T22:36:29-06:00","message":"Runtime warning","context":{"severity":8192,"message":"fputcsv(): the $escape parameter must be provided as its default value will change","file":"/var/www/html/dte /dte_sietelsa/src/services/IvaWorkbookExportService.php","line":523}}
[11-Jun-2026 22:36:29 America/El_Salvador] PHP Deprecated:  fputcsv(): the $escape parameter must be provided as its default value will change in /var/www/html/dte /dte_sietelsa/src/services/IvaWorkbookExportService.php on line 523
[11-Jun-2026 22:36:29 America/El_Salvador] [sietelsa] {"ts":"2026-06-11T22:36:29-06:00","message":"Runtime warning","context":{"severity":8192,"message":"fputcsv(): the $escape parameter must be provided as its default value will change","file":"/var/www/html/dte /dte_sietelsa/src/services/IvaWorkbookExportService.php","line":523}}
[11-Jun-2026 22:36:29 America/El_Salvador] PHP Deprecated:  fputcsv(): the $escape parameter must be provided as its default value will change in /var/www/html/dte /dte_sietelsa/src/services/IvaWorkbookExportService.php on line 523
[11-Jun-2026 22:36:29 America/El_Salvador] [sietelsa] {"ts":"2026-06-11T22:36:29-06:00","message":"Runtime warning","context":{"severity":8192,"message":"fputcsv(): the $escape parameter must be provided as its default value will change","file":"/var/www/html/dte /dte_sietelsa/src/services/IvaWorkbookExportService.php","line":523}}
[11-Jun-2026 22:36:29 America/El_Salvador] PHP Deprecated:  fputcsv(): the $escape parameter must be provided as its default value will change in /var/www/html/dte /dte_sietelsa/src/services/IvaWorkbookExportService.php on line 523
[11-Jun-2026 22:36:29 America/El_Salvador] [sietelsa] {"ts":"2026-06-11T22:36:29-06:00","message":"Runtime warning","context":{"severity":8192,"message":"fputcsv(): the $escape parameter must be provided as its default value will change","file":"/var/www/html/dte /dte_sietelsa/src/services/IvaWorkbookExportService.php","line":523}}
[11-Jun-2026 22:36:29 America/El_Salvador] PHP Deprecated:  fputcsv(): the $escape parameter must be provided as its default value will change in /var/www/html/dte /dte_sietelsa/src/services/IvaWorkbookExportService.php on line 523
[11-Jun-2026 22:36:29 America/El_Salvador] [sietelsa] {"ts":"2026-06-11T22:36:29-06:00","message":"Runtime warning","context":{"severity":8192,"message":"fputcsv(): the $escape parameter must be provided as its default value will change","file":"/var/www/html/dte /dte_sietelsa/src/services/IvaWorkbookExportService.php","line":523}}
[11-Jun-2026 22:36:29 America/El_Salvador] PHP Deprecated:  fputcsv(): the $escape parameter must be provided as its default value will change in /var/www/html/dte /dte_sietelsa/src/services/IvaWorkbookExportService.php on line 523
[11-Jun-2026 22:36:29 America/El_Salvador] [sietelsa] {"ts":"2026-06-11T22:36:29-06:00","message":"Runtime warning","context":{"severity":8192,"message":"fputcsv(): the $escape parameter must be provided as its default value will change","file":"/var/www/html/dte /dte_sietelsa/src/services/IvaWorkbookExportService.php","line":523}}
[11-Jun-2026 22:36:29 America/El_Salvador] PHP Deprecated:  fputcsv(): the $escape parameter must be provided as its default value will change in /var/www/html/dte /dte_sietelsa/src/services/IvaWorkbookExportService.php on line 523
[11-Jun-2026 22:36:29 America/El_Salvador] [sietelsa] {"ts":"2026-06-11T22:36:29-06:00","message":"Runtime warning","context":{"severity":8192,"message":"fputcsv(): the $escape parameter must be provided as its default value will change","file":"/var/www/html/dte /dte_sietelsa/src/services/IvaWorkbookExportService.php","line":523}}
[11-Jun-2026 22:36:29 America/El_Salvador] PHP Deprecated:  fputcsv(): the $escape parameter must be provided as its default value will change in /var/www/html/dte /dte_sietelsa/src/services/IvaWorkbookExportService.php on line 523
[11-Jun-2026 22:36:29 America/El_Salvador] [sietelsa] {"ts":"2026-06-11T22:36:29-06:00","message":"Runtime warning","context":{"severity":8192,"message":"fputcsv(): the $escape parameter must be provided as its default value will change","file":"/var/www/html/dte /dte_sietelsa/src/services/IvaWorkbookExportService.php","line":523}}
[11-Jun-2026 22:36:29 America/El_Salvador] PHP Deprecated:  fputcsv(): the $escape parameter must be provided as its default value will change in /var/www/html/dte /dte_sietelsa/src/services/IvaWorkbookExportService.php on line 523
[11-Jun-2026 22:36:29 America/El_Salvador] [sietelsa] {"ts":"2026-06-11T22:36:29-06:00","message":"Runtime warning","context":{"severity":8192,"message":"fputcsv(): the $escape parameter must be provided as its default value will change","file":"/var/www/html/dte /dte_sietelsa/src/services/IvaWorkbookExportService.php","line":523}}
[11-Jun-2026 22:36:29 America/El_Salvador] PHP Deprecated:  fputcsv(): the $escape parameter must be provided as its default value will change in /var/www/html/dte /dte_sietelsa/src/services/IvaWorkbookExportService.php on line 523
[11-Jun-2026 22:36:29 America/El_Salvador] [sietelsa] {"ts":"2026-06-11T22:36:29-06:00","message":"Runtime warning","context":{"severity":8192,"message":"fputcsv(): the $escape parameter must be provided as its default value will change","file":"/var/www/html/dte /dte_sietelsa/src/services/IvaWorkbookExportService.php","line":523}}
[11-Jun-2026 22:36:29 America/El_Salvador] PHP Deprecated:  fputcsv(): the $escape parameter must be provided as its default value will change in /var/www/html/dte /dte_sietelsa/src/services/IvaWorkbookExportService.php on line 523
[11-Jun-2026 22:36:29 America/El_Salvador] [sietelsa] {"ts":"2026-06-11T22:36:29-06:00","message":"Runtime warning","context":{"severity":8192,"message":"fputcsv(): the $escape parameter must be provided as its default value will change","file":"/var/www/html/dte /dte_sietelsa/src/services/IvaWorkbookExportService.php","line":523}}
[11-Jun-2026 22:36:29 America/El_Salvador] PHP Deprecated:  fputcsv(): the $escape parameter must be provided as its default value will change in /var/www/html/dte /dte_sietelsa/src/services/IvaWorkbookExportService.php on line 523
[11-Jun-2026 22:36:29 America/El_Salvador] [sietelsa] {"ts":"2026-06-11T22:36:29-06:00","message":"Runtime warning","context":{"severity":8192,"message":"fputcsv(): the $escape parameter must be provided as its default value will change","file":"/var/www/html/dte /dte_sietelsa/src/services/IvaWorkbookExportService.php","line":523}}
[11-Jun-2026 22:36:29 America/El_Salvador] PHP Deprecated:  fputcsv(): the $escape parameter must be provided as its default value will change in /var/www/html/dte /dte_sietelsa/src/services/IvaWorkbookExportService.php on line 523
[11-Jun-2026 22:36:29 America/El_Salvador] [sietelsa] {"ts":"2026-06-11T22:36:29-06:00","message":"Runtime warning","context":{"severity":8192,"message":"fputcsv(): the $escape parameter must be provided as its default value will change","file":"/var/www/html/dte /dte_sietelsa/src/services/IvaWorkbookExportService.php","line":523}}
[11-Jun-2026 22:36:29 America/El_Salvador] PHP Deprecated:  fputcsv(): the $escape parameter must be provided as its default value will change in /var/www/html/dte /dte_sietelsa/src/services/IvaWorkbookExportService.php on line 523
[11-Jun-2026 22:36:29 America/El_Salvador] [sietelsa] {"ts":"2026-06-11T22:36:29-06:00","message":"Runtime warning","context":{"severity":8192,"message":"fputcsv(): the $escape parameter must be provided as its default value will change","file":"/var/www/html/dte /dte_sietelsa/src/services/IvaWorkbookExportService.php","line":523}}
[11-Jun-2026 22:36:29 America/El_Salvador] PHP Deprecated:  fputcsv(): the $escape parameter must be provided as its default value will change in /var/www/html/dte /dte_sietelsa/src/services/IvaWorkbookExportService.php on line 523
[11-Jun-2026 22:36:29 America/El_Salvador] [sietelsa] {"ts":"2026-06-11T22:36:29-06:00","message":"Runtime warning","context":{"severity":8192,"message":"fputcsv(): the $escape parameter must be provided as its default value will change","file":"/var/www/html/dte /dte_sietelsa/src/services/IvaWorkbookExportService.php","line":523}}
[11-Jun-2026 22:36:29 America/El_Salvador] PHP Deprecated:  fputcsv(): the $escape parameter must be provided as its default value will change in /var/www/html/dte /dte_sietelsa/src/services/IvaWorkbookExportService.php on line 523
[11-Jun-2026 22:36:29 America/El_Salvador] [sietelsa] {"ts":"2026-06-11T22:36:29-06:00","message":"Runtime warning","context":{"severity":8192,"message":"fputcsv(): the $escape parameter must be provided as its default value will change","file":"/var/www/html/dte /dte_sietelsa/src/services/IvaWorkbookExportService.php","line":523}}
[11-Jun-2026 22:36:29 America/El_Salvador] PHP Deprecated:  fputcsv(): the $escape parameter must be provided as its default value will change in /var/www/html/dte /dte_sietelsa/src/services/IvaWorkbookExportService.php on line 523
[11-Jun-2026 22:36:29 America/El_Salvador] [sietelsa] {"ts":"2026-06-11T22:36:29-06:00","message":"Runtime warning","context":{"severity":8192,"message":"fputcsv(): the $escape parameter must be provided as its default value will change","file":"/var/www/html/dte /dte_sietelsa/src/services/IvaWorkbookExportService.php","line":523}}
[11-Jun-2026 22:36:29 America/El_Salvador] PHP Deprecated:  fputcsv(): the $escape parameter must be provided as its default value will change in /var/www/html/dte /dte_sietelsa/src/services/IvaWorkbookExportService.php on line 523
[11-Jun-2026 22:36:29 America/El_Salvador] [sietelsa] {"ts":"2026-06-11T22:36:29-06:00","message":"Runtime warning","context":{"severity":8192,"message":"fputcsv(): the $escape parameter must be provided as its default value will change","file":"/var/www/html/dte /dte_sietelsa/src/services/IvaWorkbookExportService.php","line":523}}
[11-Jun-2026 22:36:29 America/El_Salvador] PHP Deprecated:  fputcsv(): the $escape parameter must be provided as its default value will change in /var/www/html/dte /dte_sietelsa/src/services/IvaWorkbookExportService.php on line 523
[11-Jun-2026 22:36:29 America/El_Salvador] [sietelsa] {"ts":"2026-06-11T22:36:29-06:00","message":"Runtime warning","context":{"severity":8192,"message":"fputcsv(): the $escape parameter must be provided as its default value will change","file":"/var/www/html/dte /dte_sietelsa/src/services/IvaWorkbookExportService.php","line":523}}
[11-Jun-2026 22:36:29 America/El_Salvador] PHP Deprecated:  fputcsv(): the $escape parameter must be provided as its default value will change in /var/www/html/dte /dte_sietelsa/src/services/IvaWorkbookExportService.php on line 523
[11-Jun-2026 22:36:29 America/El_Salvador] [sietelsa] {"ts":"2026-06-11T22:36:29-06:00","message":"Runtime warning","context":{"severity":8192,"message":"fputcsv(): the $escape parameter must be provided as its default value will change","file":"/var/www/html/dte /dte_sietelsa/src/services/IvaWorkbookExportService.php","line":523}}
[11-Jun-2026 22:36:29 America/El_Salvador] PHP Deprecated:  fputcsv(): the $escape parameter must be provided as its default value will change in /var/www/html/dte /dte_sietelsa/src/services/IvaWorkbookExportService.php on line 523
[11-Jun-2026 22:36:29 America/El_Salvador] [sietelsa] {"ts":"2026-06-11T22:36:29-06:00","message":"Runtime warning","context":{"severity":8192,"message":"fputcsv(): the $escape parameter must be provided as its default value will change","file":"/var/www/html/dte /dte_sietelsa/src/services/IvaWorkbookExportService.php","line":523}}
[11-Jun-2026 22:36:29 America/El_Salvador] PHP Deprecated:  fputcsv(): the $escape parameter must be provided as its default value will change in /var/www/html/dte /dte_sietelsa/src/services/IvaWorkbookExportService.php on line 523
[11-Jun-2026 22:36:29 America/El_Salvador] [sietelsa] {"ts":"2026-06-11T22:36:29-06:00","message":"Runtime warning","context":{"severity":8192,"message":"fputcsv(): the $escape parameter must be provided as its default value will change","file":"/var/www/html/dte /dte_sietelsa/src/services/IvaWorkbookExportService.php","line":523}}
[11-Jun-2026 22:36:29 America/El_Salvador] PHP Deprecated:  fputcsv(): the $escape parameter must be provided as its default value will change in /var/www/html/dte /dte_sietelsa/src/services/IvaWorkbookExportService.php on line 523
[11-Jun-2026 22:36:29 America/El_Salvador] [sietelsa] {"ts":"2026-06-11T22:36:29-06:00","message":"Runtime warning","context":{"severity":8192,"message":"fputcsv(): the $escape parameter must be provided as its default value will change","file":"/var/www/html/dte /dte_sietelsa/src/services/IvaWorkbookExportService.php","line":523}}
[11-Jun-2026 22:36:29 America/El_Salvador] PHP Deprecated:  fputcsv(): the $escape parameter must be provided as its default value will change in /var/www/html/dte /dte_sietelsa/src/services/IvaWorkbookExportService.php on line 523
[11-Jun-2026 22:36:29 America/El_Salvador] [sietelsa] {"ts":"2026-06-11T22:36:29-06:00","message":"Runtime warning","context":{"severity":8192,"message":"fputcsv(): the $escape parameter must be provided as its default value will change","file":"/var/www/html/dte /dte_sietelsa/src/services/IvaWorkbookExportService.php","line":523}}
[11-Jun-2026 22:36:29 America/El_Salvador] PHP Deprecated:  fputcsv(): the $escape parameter must be provided as its default value will change in /var/www/html/dte /dte_sietelsa/src/services/IvaWorkbookExportService.php on line 523
[11-Jun-2026 22:36:29 America/El_Salvador] [sietelsa] {"ts":"2026-06-11T22:36:29-06:00","message":"Runtime warning","context":{"severity":8192,"message":"fputcsv(): the $escape parameter must be provided as its default value will change","file":"/var/www/html/dte /dte_sietelsa/src/services/IvaWorkbookExportService.php","line":523}}
[11-Jun-2026 22:36:29 America/El_Salvador] PHP Deprecated:  fputcsv(): the $escape parameter must be provided as its default value will change in /var/www/html/dte /dte_sietelsa/src/services/IvaWorkbookExportService.php on line 523
[11-Jun-2026 22:36:29 America/El_Salvador] [sietelsa] {"ts":"2026-06-11T22:36:29-06:00","message":"Runtime warning","context":{"severity":8192,"message":"fputcsv(): the $escape parameter must be provided as its default value will change","file":"/var/www/html/dte /dte_sietelsa/src/services/IvaWorkbookExportService.php","line":523}}
[11-Jun-2026 22:36:29 America/El_Salvador] PHP Deprecated:  fputcsv(): the $escape parameter must be provided as its default value will change in /var/www/html/dte /dte_sietelsa/src/services/IvaWorkbookExportService.php on line 523
[11-Jun-2026 22:36:29 America/El_Salvador] [sietelsa] {"ts":"2026-06-11T22:36:29-06:00","message":"Runtime warning","context":{"severity":8192,"message":"fputcsv(): the $escape parameter must be provided as its default value will change","file":"/var/www/html/dte /dte_sietelsa/src/services/IvaWorkbookExportService.php","line":523}}
[11-Jun-2026 22:36:29 America/El_Salvador] PHP Deprecated:  fputcsv(): the $escape parameter must be provided as its default value will change in /var/www/html/dte /dte_sietelsa/src/services/IvaWorkbookExportService.php on line 523
[11-Jun-2026 22:36:29 America/El_Salvador] [sietelsa] {"ts":"2026-06-11T22:36:29-06:00","message":"Runtime warning","context":{"severity":8192,"message":"fputcsv(): the $escape parameter must be provided as its default value will change","file":"/var/www/html/dte /dte_sietelsa/src/services/IvaWorkbookExportService.php","line":523}}
[11-Jun-2026 22:36:29 America/El_Salvador] PHP Deprecated:  fputcsv(): the $escape parameter must be provided as its default value will change in /var/www/html/dte /dte_sietelsa/src/services/IvaWorkbookExportService.php on line 523
[11-Jun-2026 22:36:29 America/El_Salvador] [sietelsa] {"ts":"2026-06-11T22:36:29-06:00","message":"Runtime warning","context":{"severity":8192,"message":"fputcsv(): the $escape parameter must be provided as its default value will change","file":"/var/www/html/dte /dte_sietelsa/src/services/IvaWorkbookExportService.php","line":523}}
[11-Jun-2026 22:36:29 America/El_Salvador] PHP Deprecated:  fputcsv(): the $escape parameter must be provided as its default value will change in /var/www/html/dte /dte_sietelsa/src/services/IvaWorkbookExportService.php on line 523
[11-Jun-2026 22:36:29 America/El_Salvador] [sietelsa] {"ts":"2026-06-11T22:36:29-06:00","message":"Runtime warning","context":{"severity":8192,"message":"fputcsv(): the $escape parameter must be provided as its default value will change","file":"/var/www/html/dte /dte_sietelsa/src/services/IvaWorkbookExportService.php","line":523}}
[11-Jun-2026 22:36:29 America/El_Salvador] PHP Deprecated:  fputcsv(): the $escape parameter must be provided as its default value will change in /var/www/html/dte /dte_sietelsa/src/services/IvaWorkbookExportService.php on line 523
[11-Jun-2026 22:36:29 America/El_Salvador] [sietelsa] {"ts":"2026-06-11T22:36:29-06:00","message":"Runtime warning","context":{"severity":8192,"message":"fputcsv(): the $escape parameter must be provided as its default value will change","file":"/var/www/html/dte /dte_sietelsa/src/services/IvaWorkbookExportService.php","line":523}}
[11-Jun-2026 22:36:29 America/El_Salvador] PHP Deprecated:  fputcsv(): the $escape parameter must be provided as its default value will change in /var/www/html/dte /dte_sietelsa/src/services/IvaWorkbookExportService.php on line 523
[11-Jun-2026 22:36:29 America/El_Salvador] [sietelsa] {"ts":"2026-06-11T22:36:29-06:00","message":"Runtime warning","context":{"severity":8192,"message":"fputcsv(): the $escape parameter must be provided as its default value will change","file":"/var/www/html/dte /dte_sietelsa/src/services/IvaWorkbookExportService.php","line":523}}
[11-Jun-2026 22:36:29 America/El_Salvador] PHP Deprecated:  fputcsv(): the $escape parameter must be provided as its default value will change in /var/www/html/dte /dte_sietelsa/src/services/IvaWorkbookExportService.php on line 523
[11-Jun-2026 22:36:29 America/El_Salvador] [sietelsa] {"ts":"2026-06-11T22:36:29-06:00","message":"Runtime warning","context":{"severity":8192,"message":"fputcsv(): the $escape parameter must be provided as its default value will change","file":"/var/www/html/dte /dte_sietelsa/src/services/IvaWorkbookExportService.php","line":523}}
[11-Jun-2026 22:36:29 America/El_Salvador] PHP Deprecated:  fputcsv(): the $escape parameter must be provided as its default value will change in /var/www/html/dte /dte_sietelsa/src/services/IvaWorkbookExportService.php on line 523
[11-Jun-2026 22:36:29 America/El_Salvador] [sietelsa] {"ts":"2026-06-11T22:36:29-06:00","message":"Runtime warning","context":{"severity":8192,"message":"fputcsv(): the $escape parameter must be provided as its default value will change","file":"/var/www/html/dte /dte_sietelsa/src/services/IvaWorkbookExportService.php","line":523}}
[11-Jun-2026 22:36:29 America/El_Salvador] PHP Deprecated:  fputcsv(): the $escape parameter must be provided as its default value will change in /var/www/html/dte /dte_sietelsa/src/services/IvaWorkbookExportService.php on line 523
[11-Jun-2026 22:36:29 America/El_Salvador] [sietelsa] {"ts":"2026-06-11T22:36:29-06:00","message":"Runtime warning","context":{"severity":8192,"message":"fputcsv(): the $escape parameter must be provided as its default value will change","file":"/var/www/html/dte /dte_sietelsa/src/services/IvaWorkbookExportService.php","line":523}}
[11-Jun-2026 22:36:29 America/El_Salvador] PHP Deprecated:  fputcsv(): the $escape parameter must be provided as its default value will change in /var/www/html/dte /dte_sietelsa/src/services/IvaWorkbookExportService.php on line 523
[11-Jun-2026 22:36:29 America/El_Salvador] [sietelsa] {"ts":"2026-06-11T22:36:29-06:00","message":"Runtime warning","context":{"severity":8192,"message":"fputcsv(): the $escape parameter must be provided as its default value will change","file":"/var/www/html/dte /dte_sietelsa/src/services/IvaWorkbookExportService.php","line":523}}
[11-Jun-2026 22:36:29 America/El_Salvador] PHP Deprecated:  fputcsv(): the $escape parameter must be provided as its default value will change in /var/www/html/dte /dte_sietelsa/src/services/IvaWorkbookExportService.php on line 523
[11-Jun-2026 22:36:29 America/El_Salvador] [sietelsa] {"ts":"2026-06-11T22:36:29-06:00","message":"Runtime warning","context":{"severity":8192,"message":"fputcsv(): the $escape parameter must be provided as its default value will change","file":"/var/www/html/dte /dte_sietelsa/src/services/IvaWorkbookExportService.php","line":523}}
[11-Jun-2026 22:36:29 America/El_Salvador] PHP Deprecated:  fputcsv(): the $escape parameter must be provided as its default value will change in /var/www/html/dte /dte_sietelsa/src/services/IvaWorkbookExportService.php on line 523
[11-Jun-2026 22:36:29 America/El_Salvador] [sietelsa] {"ts":"2026-06-11T22:36:29-06:00","message":"Runtime warning","context":{"severity":8192,"message":"fputcsv(): the $escape parameter must be provided as its default value will change","file":"/var/www/html/dte /dte_sietelsa/src/services/IvaWorkbookExportService.php","line":523}}
[11-Jun-2026 22:36:29 America/El_Salvador] PHP Deprecated:  fputcsv(): the $escape parameter must be provided as its default value will change in /var/www/html/dte /dte_sietelsa/src/services/IvaWorkbookExportService.php on line 523
[11-Jun-2026 22:36:29 America/El_Salvador] [sietelsa] {"ts":"2026-06-11T22:36:29-06:00","message":"Runtime warning","context":{"severity":8192,"message":"fputcsv(): the $escape parameter must be provided as its default value will change","file":"/var/www/html/dte /dte_sietelsa/src/services/IvaWorkbookExportService.php","line":523}}
[11-Jun-2026 22:36:29 America/El_Salvador] PHP Deprecated:  fputcsv(): the $escape parameter must be provided as its default value will change in /var/www/html/dte /dte_sietelsa/src/services/IvaWorkbookExportService.php on line 523
[11-Jun-2026 22:36:29 America/El_Salvador] [sietelsa] {"ts":"2026-06-11T22:36:29-06:00","message":"Runtime warning","context":{"severity":8192,"message":"fputcsv(): the $escape parameter must be provided as its default value will change","file":"/var/www/html/dte /dte_sietelsa/src/services/IvaWorkbookExportService.php","line":523}}
[11-Jun-2026 22:36:29 America/El_Salvador] PHP Deprecated:  fputcsv(): the $escape parameter must be provided as its default value will change in /var/www/html/dte /dte_sietelsa/src/services/IvaWorkbookExportService.php on line 523
[11-Jun-2026 22:36:29 America/El_Salvador] [sietelsa] {"ts":"2026-06-11T22:36:29-06:00","message":"Runtime warning","context":{"severity":8192,"message":"fputcsv(): the $escape parameter must be provided as its default value will change","file":"/var/www/html/dte /dte_sietelsa/src/services/IvaWorkbookExportService.php","line":523}}
[11-Jun-2026 22:36:29 America/El_Salvador] PHP Deprecated:  fputcsv(): the $escape parameter must be provided as its default value will change in /var/www/html/dte /dte_sietelsa/src/services/IvaWorkbookExportService.php on line 523
[11-Jun-2026 22:36:29 America/El_Salvador] [sietelsa] {"ts":"2026-06-11T22:36:29-06:00","message":"Runtime warning","context":{"severity":8192,"message":"fputcsv(): the $escape parameter must be provided as its default value will change","file":"/var/www/html/dte /dte_sietelsa/src/services/IvaWorkbookExportService.php","line":523}}
[11-Jun-2026 22:36:29 America/El_Salvador] PHP Deprecated:  fputcsv(): the $escape parameter must be provided as its default value will change in /var/www/html/dte /dte_sietelsa/src/services/IvaWorkbookExportService.php on line 523
[11-Jun-2026 22:36:29 America/El_Salvador] [sietelsa] {"ts":"2026-06-11T22:36:29-06:00","message":"Runtime warning","context":{"severity":8192,"message":"fputcsv(): the $escape parameter must be provided as its default value will change","file":"/var/www/html/dte /dte_sietelsa/src/services/IvaWorkbookExportService.php","line":523}}
[11-Jun-2026 22:36:29 America/El_Salvador] PHP Deprecated:  fputcsv(): the $escape parameter must be provided as its default value will change in /var/www/html/dte /dte_sietelsa/src/services/IvaWorkbookExportService.php on line 523
[11-Jun-2026 22:36:29 America/El_Salvador] [sietelsa] {"ts":"2026-06-11T22:36:29-06:00","message":"Runtime warning","context":{"severity":8192,"message":"fputcsv(): the $escape parameter must be provided as its default value will change","file":"/var/www/html/dte /dte_sietelsa/src/services/IvaWorkbookExportService.php","line":523}}
[11-Jun-2026 22:36:29 America/El_Salvador] PHP Deprecated:  fputcsv(): the $escape parameter must be provided as its default value will change in /var/www/html/dte /dte_sietelsa/src/services/IvaWorkbookExportService.php on line 523
[11-Jun-2026 22:36:29 America/El_Salvador] [sietelsa] {"ts":"2026-06-11T22:36:29-06:00","message":"Runtime warning","context":{"severity":8192,"message":"fputcsv(): the $escape parameter must be provided as its default value will change","file":"/var/www/html/dte /dte_sietelsa/src/services/IvaWorkbookExportService.php","line":523}}
[11-Jun-2026 22:36:29 America/El_Salvador] PHP Deprecated:  fputcsv(): the $escape parameter must be provided as its default value will change in /var/www/html/dte /dte_sietelsa/src/services/IvaWorkbookExportService.php on line 523
[11-Jun-2026 22:36:29 America/El_Salvador] [sietelsa] {"ts":"2026-06-11T22:36:29-06:00","message":"Runtime warning","context":{"severity":8192,"message":"fputcsv(): the $escape parameter must be provided as its default value will change","file":"/var/www/html/dte /dte_sietelsa/src/services/IvaWorkbookExportService.php","line":523}}
[11-Jun-2026 22:36:29 America/El_Salvador] PHP Deprecated:  fputcsv(): the $escape parameter must be provided as its default value will change in /var/www/html/dte /dte_sietelsa/src/services/IvaWorkbookExportService.php on line 523
[11-Jun-2026 22:36:29 America/El_Salvador] [sietelsa] {"ts":"2026-06-11T22:36:29-06:00","message":"Runtime warning","context":{"severity":8192,"message":"fputcsv(): the $escape parameter must be provided as its default value will change","file":"/var/www/html/dte /dte_sietelsa/src/services/IvaWorkbookExportService.php","line":523}}
[11-Jun-2026 22:36:29 America/El_Salvador] PHP Deprecated:  fputcsv(): the $escape parameter must be provided as its default value will change in /var/www/html/dte /dte_sietelsa/src/services/IvaWorkbookExportService.php on line 523
[11-Jun-2026 22:36:29 America/El_Salvador] [sietelsa] {"ts":"2026-06-11T22:36:29-06:00","message":"Runtime warning","context":{"severity":8192,"message":"fputcsv(): the $escape parameter must be provided as its default value will change","file":"/var/www/html/dte /dte_sietelsa/src/services/IvaWorkbookExportService.php","line":523}}
[11-Jun-2026 22:36:29 America/El_Salvador] PHP Deprecated:  fputcsv(): the $escape parameter must be provided as its default value will change in /var/www/html/dte /dte_sietelsa/src/services/IvaWorkbookExportService.php on line 523
[11-Jun-2026 22:36:29 America/El_Salvador] [sietelsa] {"ts":"2026-06-11T22:36:29-06:00","message":"Runtime warning","context":{"severity":8192,"message":"fputcsv(): the $escape parameter must be provided as its default value will change","file":"/var/www/html/dte /dte_sietelsa/src/services/IvaWorkbookExportService.php","line":523}}
[11-Jun-2026 22:36:29 America/El_Salvador] PHP Deprecated:  fputcsv(): the $escape parameter must be provided as its default value will change in /var/www/html/dte /dte_sietelsa/src/services/IvaWorkbookExportService.php on line 523
[11-Jun-2026 22:36:29 America/El_Salvador] [sietelsa] {"ts":"2026-06-11T22:36:29-06:00","message":"Runtime warning","context":{"severity":8192,"message":"fputcsv(): the $escape parameter must be provided as its default value will change","file":"/var/www/html/dte /dte_sietelsa/src/services/IvaWorkbookExportService.php","line":523}}
[11-Jun-2026 22:36:29 America/El_Salvador] PHP Deprecated:  fputcsv(): the $escape parameter must be provided as its default value will change in /var/www/html/dte /dte_sietelsa/src/services/IvaWorkbookExportService.php on line 523
[11-Jun-2026 22:36:29 America/El_Salvador] [sietelsa] {"ts":"2026-06-11T22:36:29-06:00","message":"Runtime warning","context":{"severity":8192,"message":"fputcsv(): the $escape parameter must be provided as its default value will change","file":"/var/www/html/dte /dte_sietelsa/src/services/IvaWorkbookExportService.php","line":523}}
[11-Jun-2026 22:36:29 America/El_Salvador] PHP Deprecated:  fputcsv(): the $escape parameter must be provided as its default value will change in /var/www/html/dte /dte_sietelsa/src/services/IvaWorkbookExportService.php on line 523
[11-Jun-2026 22:36:29 America/El_Salvador] [sietelsa] {"ts":"2026-06-11T22:36:29-06:00","message":"Runtime warning","context":{"severity":8192,"message":"fputcsv(): the $escape parameter must be provided as its default value will change","file":"/var/www/html/dte /dte_sietelsa/src/services/IvaWorkbookExportService.php","line":523}}
[11-Jun-2026 22:36:29 America/El_Salvador] PHP Deprecated:  fputcsv(): the $escape parameter must be provided as its default value will change in /var/www/html/dte /dte_sietelsa/src/services/IvaWorkbookExportService.php on line 523
[11-Jun-2026 22:36:29 America/El_Salvador] [sietelsa] {"ts":"2026-06-11T22:36:29-06:00","message":"Runtime warning","context":{"severity":8192,"message":"fputcsv(): the $escape parameter must be provided as its default value will change","file":"/var/www/html/dte /dte_sietelsa/src/services/IvaWorkbookExportService.php","line":523}}
[11-Jun-2026 22:36:29 America/El_Salvador] PHP Deprecated:  fputcsv(): the $escape parameter must be provided as its default value will change in /var/www/html/dte /dte_sietelsa/src/services/IvaWorkbookExportService.php on line 523
[11-Jun-2026 22:36:29 America/El_Salvador] [sietelsa] {"ts":"2026-06-11T22:36:29-06:00","message":"Runtime warning","context":{"severity":8192,"message":"fputcsv(): the $escape parameter must be provided as its default value will change","file":"/var/www/html/dte /dte_sietelsa/src/services/IvaWorkbookExportService.php","line":523}}
[11-Jun-2026 22:36:29 America/El_Salvador] PHP Deprecated:  fputcsv(): the $escape parameter must be provided as its default value will change in /var/www/html/dte /dte_sietelsa/src/services/IvaWorkbookExportService.php on line 523
[11-Jun-2026 22:36:29 America/El_Salvador] [sietelsa] {"ts":"2026-06-11T22:36:29-06:00","message":"Runtime warning","context":{"severity":8192,"message":"fputcsv(): the $escape parameter must be provided as its default value will change","file":"/var/www/html/dte /dte_sietelsa/src/services/IvaWorkbookExportService.php","line":523}}
[11-Jun-2026 22:36:29 America/El_Salvador] PHP Deprecated:  fputcsv(): the $escape parameter must be provided as its default value will change in /var/www/html/dte /dte_sietelsa/src/services/IvaWorkbookExportService.php on line 523
[11-Jun-2026 22:36:29 America/El_Salvador] [sietelsa] {"ts":"2026-06-11T22:36:29-06:00","message":"Runtime warning","context":{"severity":8192,"message":"fputcsv(): the $escape parameter must be provided as its default value will change","file":"/var/www/html/dte /dte_sietelsa/src/services/IvaWorkbookExportService.php","line":523}}
[11-Jun-2026 22:36:29 America/El_Salvador] PHP Deprecated:  fputcsv(): the $escape parameter must be provided as its default value will change in /var/www/html/dte /dte_sietelsa/src/services/IvaWorkbookExportService.php on line 523
[11-Jun-2026 22:36:29 America/El_Salvador] [sietelsa] {"ts":"2026-06-11T22:36:29-06:00","message":"Runtime warning","context":{"severity":8192,"message":"fputcsv(): the $escape parameter must be provided as its default value will change","file":"/var/www/html/dte /dte_sietelsa/src/services/IvaWorkbookExportService.php","line":523}}
[11-Jun-2026 22:36:29 America/El_Salvador] PHP Deprecated:  fputcsv(): the $escape parameter must be provided as its default value will change in /var/www/html/dte /dte_sietelsa/src/services/IvaWorkbookExportService.php on line 523
[11-Jun-2026 22:36:29 America/El_Salvador] [sietelsa] {"ts":"2026-06-11T22:36:29-06:00","message":"Runtime warning","context":{"severity":8192,"message":"fputcsv(): the $escape parameter must be provided as its default value will change","file":"/var/www/html/dte /dte_sietelsa/src/services/IvaWorkbookExportService.php","line":523}}
[11-Jun-2026 22:36:29 America/El_Salvador] PHP Deprecated:  fputcsv(): the $escape parameter must be provided as its default value will change in /var/www/html/dte /dte_sietelsa/src/services/IvaWorkbookExportService.php on line 523
[11-Jun-2026 22:36:29 America/El_Salvador] [sietelsa] {"ts":"2026-06-11T22:36:29-06:00","message":"Runtime warning","context":{"severity":8192,"message":"fputcsv(): the $escape parameter must be provided as its default value will change","file":"/var/www/html/dte /dte_sietelsa/src/services/IvaWorkbookExportService.php","line":523}}
[11-Jun-2026 22:36:29 America/El_Salvador] PHP Deprecated:  fputcsv(): the $escape parameter must be provided as its default value will change in /var/www/html/dte /dte_sietelsa/src/services/IvaWorkbookExportService.php on line 523
[11-Jun-2026 22:36:29 America/El_Salvador] [sietelsa] {"ts":"2026-06-11T22:36:29-06:00","message":"Runtime warning","context":{"severity":8192,"message":"fputcsv(): the $escape parameter must be provided as its default value will change","file":"/var/www/html/dte /dte_sietelsa/src/services/IvaWorkbookExportService.php","line":523}}
[11-Jun-2026 22:36:29 America/El_Salvador] PHP Deprecated:  fputcsv(): the $escape parameter must be provided as its default value will change in /var/www/html/dte /dte_sietelsa/src/services/IvaWorkbookExportService.php on line 523
[11-Jun-2026 22:36:29 America/El_Salvador] [sietelsa] {"ts":"2026-06-11T22:36:29-06:00","message":"Runtime warning","context":{"severity":8192,"message":"fputcsv(): the $escape parameter must be provided as its default value will change","file":"/var/www/html/dte /dte_sietelsa/src/services/IvaWorkbookExportService.php","line":523}}
[11-Jun-2026 22:36:29 America/El_Salvador] PHP Deprecated:  fputcsv(): the $escape parameter must be provided as its default value will change in /var/www/html/dte /dte_sietelsa/src/services/IvaWorkbookExportService.php on line 523
[11-Jun-2026 22:36:29 America/El_Salvador] [sietelsa] {"ts":"2026-06-11T22:36:29-06:00","message":"Runtime warning","context":{"severity":8192,"message":"fputcsv(): the $escape parameter must be provided as its default value will change","file":"/var/www/html/dte /dte_sietelsa/src/services/IvaWorkbookExportService.php","line":523}}
[11-Jun-2026 22:36:29 America/El_Salvador] PHP Deprecated:  fputcsv(): the $escape parameter must be provided as its default value will change in /var/www/html/dte /dte_sietelsa/src/services/IvaWorkbookExportService.php on line 523
[11-Jun-2026 22:36:29 America/El_Salvador] [sietelsa] {"ts":"2026-06-11T22:36:29-06:00","message":"Runtime warning","context":{"severity":8192,"message":"fputcsv(): the $escape parameter must be provided as its default value will change","file":"/var/www/html/dte /dte_sietelsa/src/services/IvaWorkbookExportService.php","line":523}}
[11-Jun-2026 22:36:29 America/El_Salvador] PHP Deprecated:  fputcsv(): the $escape parameter must be provided as its default value will change in /var/www/html/dte /dte_sietelsa/src/services/IvaWorkbookExportService.php on line 523
[11-Jun-2026 22:36:29 America/El_Salvador] [sietelsa] {"ts":"2026-06-11T22:36:29-06:00","message":"Runtime warning","context":{"severity":8192,"message":"fputcsv(): the $escape parameter must be provided as its default value will change","file":"/var/www/html/dte /dte_sietelsa/src/services/IvaWorkbookExportService.php","line":523}}
[11-Jun-2026 22:36:29 America/El_Salvador] PHP Deprecated:  fputcsv(): the $escape parameter must be provided as its default value will change in /var/www/html/dte /dte_sietelsa/src/services/IvaWorkbookExportService.php on line 523
[11-Jun-2026 22:36:29 America/El_Salvador] [sietelsa] {"ts":"2026-06-11T22:36:29-06:00","message":"Runtime warning","context":{"severity":8192,"message":"fputcsv(): the $escape parameter must be provided as its default value will change","file":"/var/www/html/dte /dte_sietelsa/src/services/IvaWorkbookExportService.php","line":523}}
[11-Jun-2026 22:36:29 America/El_Salvador] PHP Deprecated:  fputcsv(): the $escape parameter must be provided as its default value will change in /var/www/html/dte /dte_sietelsa/src/services/IvaWorkbookExportService.php on line 523
[11-Jun-2026 22:36:29 America/El_Salvador] [sietelsa] {"ts":"2026-06-11T22:36:29-06:00","message":"Runtime warning","context":{"severity":8192,"message":"fputcsv(): the $escape parameter must be provided as its default value will change","file":"/var/www/html/dte /dte_sietelsa/src/services/IvaWorkbookExportService.php","line":523}}
[11-Jun-2026 22:36:29 America/El_Salvador] PHP Deprecated:  fputcsv(): the $escape parameter must be provided as its default value will change in /var/www/html/dte /dte_sietelsa/src/services/IvaWorkbookExportService.php on line 523
[11-Jun-2026 22:36:29 America/El_Salvador] [sietelsa] {"ts":"2026-06-11T22:36:29-06:00","message":"Runtime warning","context":{"severity":8192,"message":"fputcsv(): the $escape parameter must be provided as its default value will change","file":"/var/www/html/dte /dte_sietelsa/src/services/IvaWorkbookExportService.php","line":523}}
[11-Jun-2026 22:36:29 America/El_Salvador] PHP Deprecated:  fputcsv(): the $escape parameter must be provided as its default value will change in /var/www/html/dte /dte_sietelsa/src/services/IvaWorkbookExportService.php on line 523
[11-Jun-2026 22:36:29 America/El_Salvador] [sietelsa] {"ts":"2026-06-11T22:36:29-06:00","message":"Runtime warning","context":{"severity":8192,"message":"fputcsv(): the $escape parameter must be provided as its default value will change","file":"/var/www/html/dte /dte_sietelsa/src/services/IvaWorkbookExportService.php","line":523}}
[11-Jun-2026 22:36:29 America/El_Salvador] PHP Deprecated:  fputcsv(): the $escape parameter must be provided as its default value will change in /var/www/html/dte /dte_sietelsa/src/services/IvaWorkbookExportService.php on line 523
[11-Jun-2026 22:36:29 America/El_Salvador] [sietelsa] {"ts":"2026-06-11T22:36:29-06:00","message":"Runtime warning","context":{"severity":8192,"message":"fputcsv(): the $escape parameter must be provided as its default value will change","file":"/var/www/html/dte /dte_sietelsa/src/services/IvaWorkbookExportService.php","line":523}}
[11-Jun-2026 22:36:29 America/El_Salvador] PHP Deprecated:  fputcsv(): the $escape parameter must be provided as its default value will change in /var/www/html/dte /dte_sietelsa/src/services/IvaWorkbookExportService.php on line 523
[11-Jun-2026 22:36:29 America/El_Salvador] [sietelsa] {"ts":"2026-06-11T22:36:29-06:00","message":"Runtime warning","context":{"severity":8192,"message":"fputcsv(): the $escape parameter must be provided as its default value will change","file":"/var/www/html/dte /dte_sietelsa/src/services/IvaWorkbookExportService.php","line":523}}
[11-Jun-2026 22:36:29 America/El_Salvador] PHP Deprecated:  fputcsv(): the $escape parameter must be provided as its default value will change in /var/www/html/dte /dte_sietelsa/src/services/IvaWorkbookExportService.php on line 523
[11-Jun-2026 22:36:29 America/El_Salvador] [sietelsa] {"ts":"2026-06-11T22:36:29-06:00","message":"Runtime warning","context":{"severity":8192,"message":"fputcsv(): the $escape parameter must be provided as its default value will change","file":"/var/www/html/dte /dte_sietelsa/src/services/IvaWorkbookExportService.php","line":523}}
[11-Jun-2026 22:36:29 America/El_Salvador] PHP Deprecated:  fputcsv(): the $escape parameter must be provided as its default value will change in /var/www/html/dte /dte_sietelsa/src/services/IvaWorkbookExportService.php on line 523
[11-Jun-2026 22:36:29 America/El_Salvador] [sietelsa] {"ts":"2026-06-11T22:36:29-06:00","message":"Runtime warning","context":{"severity":8192,"message":"fputcsv(): the $escape parameter must be provided as its default value will change","file":"/var/www/html/dte /dte_sietelsa/src/services/IvaWorkbookExportService.php","line":523}}
[11-Jun-2026 22:36:29 America/El_Salvador] PHP Deprecated:  fputcsv(): the $escape parameter must be provided as its default value will change in /var/www/html/dte /dte_sietelsa/src/services/IvaWorkbookExportService.php on line 523
[11-Jun-2026 22:36:29 America/El_Salvador] [sietelsa] {"ts":"2026-06-11T22:36:29-06:00","message":"Runtime warning","context":{"severity":8192,"message":"fputcsv(): the $escape parameter must be provided as its default value will change","file":"/var/www/html/dte /dte_sietelsa/src/services/IvaWorkbookExportService.php","line":523}}
[11-Jun-2026 22:36:29 America/El_Salvador] PHP Deprecated:  fputcsv(): the $escape parameter must be provided as its default value will change in /var/www/html/dte /dte_sietelsa/src/services/IvaWorkbookExportService.php on line 523
[11-Jun-2026 22:36:29 America/El_Salvador] [sietelsa] {"ts":"2026-06-11T22:36:29-06:00","message":"Runtime warning","context":{"severity":8192,"message":"fputcsv(): the $escape parameter must be provided as its default value will change","file":"/var/www/html/dte /dte_sietelsa/src/services/IvaWorkbookExportService.php","line":523}}
[11-Jun-2026 22:36:29 America/El_Salvador] PHP Deprecated:  fputcsv(): the $escape parameter must be provided as its default value will change in /var/www/html/dte /dte_sietelsa/src/services/IvaWorkbookExportService.php on line 523
[11-Jun-2026 22:36:29 America/El_Salvador] [sietelsa] {"ts":"2026-06-11T22:36:29-06:00","message":"Runtime warning","context":{"severity":8192,"message":"fputcsv(): the $escape parameter must be provided as its default value will change","file":"/var/www/html/dte /dte_sietelsa/src/services/IvaWorkbookExportService.php","line":523}}
[11-Jun-2026 22:36:29 America/El_Salvador] PHP Deprecated:  fputcsv(): the $escape parameter must be provided as its default value will change in /var/www/html/dte /dte_sietelsa/src/services/IvaWorkbookExportService.php on line 523
[11-Jun-2026 22:36:29 America/El_Salvador] [sietelsa] {"ts":"2026-06-11T22:36:29-06:00","message":"Runtime warning","context":{"severity":8192,"message":"fputcsv(): the $escape parameter must be provided as its default value will change","file":"/var/www/html/dte /dte_sietelsa/src/services/IvaWorkbookExportService.php","line":523}}
[11-Jun-2026 22:36:29 America/El_Salvador] PHP Deprecated:  fputcsv(): the $escape parameter must be provided as its default value will change in /var/www/html/dte /dte_sietelsa/src/services/IvaWorkbookExportService.php on line 523
[11-Jun-2026 22:36:29 America/El_Salvador] [sietelsa] {"ts":"2026-06-11T22:36:29-06:00","message":"Runtime warning","context":{"severity":8192,"message":"fputcsv(): the $escape parameter must be provided as its default value will change","file":"/var/www/html/dte /dte_sietelsa/src/services/IvaWorkbookExportService.php","line":523}}
[11-Jun-2026 22:36:29 America/El_Salvador] PHP Deprecated:  fputcsv(): the $escape parameter must be provided as its default value will change in /var/www/html/dte /dte_sietelsa/src/services/IvaWorkbookExportService.php on line 523
[11-Jun-2026 22:36:29 America/El_Salvador] [sietelsa] {"ts":"2026-06-11T22:36:29-06:00","message":"Runtime warning","context":{"severity":8192,"message":"fputcsv(): the $escape parameter must be provided as its default value will change","file":"/var/www/html/dte /dte_sietelsa/src/services/IvaWorkbookExportService.php","line":523}}
[11-Jun-2026 22:36:29 America/El_Salvador] PHP Deprecated:  fputcsv(): the $escape parameter must be provided as its default value will change in /var/www/html/dte /dte_sietelsa/src/services/IvaWorkbookExportService.php on line 523
[11-Jun-2026 22:36:29 America/El_Salvador] [sietelsa] {"ts":"2026-06-11T22:36:29-06:00","message":"Runtime warning","context":{"severity":8192,"message":"fputcsv(): the $escape parameter must be provided as its default value will change","file":"/var/www/html/dte /dte_sietelsa/src/services/IvaWorkbookExportService.php","line":523}}
[11-Jun-2026 22:36:29 America/El_Salvador] PHP Deprecated:  fputcsv(): the $escape parameter must be provided as its default value will change in /var/www/html/dte /dte_sietelsa/src/services/IvaWorkbookExportService.php on line 523
[11-Jun-2026 22:36:29 America/El_Salvador] [sietelsa] {"ts":"2026-06-11T22:36:29-06:00","message":"Runtime warning","context":{"severity":8192,"message":"fputcsv(): the $escape parameter must be provided as its default value will change","file":"/var/www/html/dte /dte_sietelsa/src/services/IvaWorkbookExportService.php","line":523}}
[11-Jun-2026 22:36:29 America/El_Salvador] PHP Deprecated:  fputcsv(): the $escape parameter must be provided as its default value will change in /var/www/html/dte /dte_sietelsa/src/services/IvaWorkbookExportService.php on line 523
[11-Jun-2026 22:36:29 America/El_Salvador] [sietelsa] {"ts":"2026-06-11T22:36:29-06:00","message":"Runtime warning","context":{"severity":8192,"message":"fputcsv(): the $escape parameter must be provided as its default value will change","file":"/var/www/html/dte /dte_sietelsa/src/services/IvaWorkbookExportService.php","line":523}}
[11-Jun-2026 22:36:29 America/El_Salvador] PHP Deprecated:  fputcsv(): the $escape parameter must be provided as its default value will change in /var/www/html/dte /dte_sietelsa/src/services/IvaWorkbookExportService.php on line 523
[11-Jun-2026 22:36:29 America/El_Salvador] [sietelsa] {"ts":"2026-06-11T22:36:29-06:00","message":"Runtime warning","context":{"severity":8192,"message":"fputcsv(): the $escape parameter must be provided as its default value will change","file":"/var/www/html/dte /dte_sietelsa/src/services/IvaWorkbookExportService.php","line":523}}
[11-Jun-2026 22:36:29 America/El_Salvador] PHP Deprecated:  fputcsv(): the $escape parameter must be provided as its default value will change in /var/www/html/dte /dte_sietelsa/src/services/IvaWorkbookExportService.php on line 523
[11-Jun-2026 22:36:29 America/El_Salvador] [sietelsa] {"ts":"2026-06-11T22:36:29-06:00","message":"Runtime warning","context":{"severity":8192,"message":"fputcsv(): the $escape parameter must be provided as its default value will change","file":"/var/www/html/dte /dte_sietelsa/src/services/IvaWorkbookExportService.php","line":523}}
[11-Jun-2026 22:36:29 America/El_Salvador] PHP Deprecated:  fputcsv(): the $escape parameter must be provided as its default value will change in /var/www/html/dte /dte_sietelsa/src/services/IvaWorkbookExportService.php on line 523
[11-Jun-2026 22:36:29 America/El_Salvador] [sietelsa] {"ts":"2026-06-11T22:36:29-06:00","message":"Runtime warning","context":{"severity":8192,"message":"fputcsv(): the $escape parameter must be provided as its default value will change","file":"/var/www/html/dte /dte_sietelsa/src/services/IvaWorkbookExportService.php","line":523}}
[11-Jun-2026 22:36:29 America/El_Salvador] PHP Deprecated:  fputcsv(): the $escape parameter must be provided as its default value will change in /var/www/html/dte /dte_sietelsa/src/services/IvaWorkbookExportService.php on line 523
[11-Jun-2026 22:36:29 America/El_Salvador] [sietelsa] {"ts":"2026-06-11T22:36:29-06:00","message":"Runtime warning","context":{"severity":8192,"message":"fputcsv(): the $escape parameter must be provided as its default value will change","file":"/var/www/html/dte /dte_sietelsa/src/services/IvaWorkbookExportService.php","line":523}}
[11-Jun-2026 22:36:29 America/El_Salvador] PHP Deprecated:  fputcsv(): the $escape parameter must be provided as its default value will change in /var/www/html/dte /dte_sietelsa/src/services/IvaWorkbookExportService.php on line 523
[11-Jun-2026 22:36:29 America/El_Salvador] [sietelsa] {"ts":"2026-06-11T22:36:29-06:00","message":"Runtime warning","context":{"severity":8192,"message":"fputcsv(): the $escape parameter must be provided as its default value will change","file":"/var/www/html/dte /dte_sietelsa/src/services/IvaWorkbookExportService.php","line":523}}
[11-Jun-2026 22:36:29 America/El_Salvador] PHP Deprecated:  fputcsv(): the $escape parameter must be provided as its default value will change in /var/www/html/dte /dte_sietelsa/src/services/IvaWorkbookExportService.php on line 523
[11-Jun-2026 22:36:29 America/El_Salvador] [sietelsa] {"ts":"2026-06-11T22:36:29-06:00","message":"Runtime warning","context":{"severity":8192,"message":"fputcsv(): the $escape parameter must be provided as its default value will change","file":"/var/www/html/dte /dte_sietelsa/src/services/IvaWorkbookExportService.php","line":523}}
[11-Jun-2026 22:36:29 America/El_Salvador] PHP Deprecated:  fputcsv(): the $escape parameter must be provided as its default value will change in /var/www/html/dte /dte_sietelsa/src/services/IvaWorkbookExportService.php on line 523
[11-Jun-2026 22:36:29 America/El_Salvador] [sietelsa] {"ts":"2026-06-11T22:36:29-06:00","message":"Runtime warning","context":{"severity":8192,"message":"fputcsv(): the $escape parameter must be provided as its default value will change","file":"/var/www/html/dte /dte_sietelsa/src/services/IvaWorkbookExportService.php","line":523}}
[11-Jun-2026 22:36:29 America/El_Salvador] PHP Deprecated:  fputcsv(): the $escape parameter must be provided as its default value will change in /var/www/html/dte /dte_sietelsa/src/services/IvaWorkbookExportService.php on line 523
[11-Jun-2026 22:36:29 America/El_Salvador] [sietelsa] {"ts":"2026-06-11T22:36:29-06:00","message":"Runtime warning","context":{"severity":8192,"message":"fputcsv(): the $escape parameter must be provided as its default value will change","file":"/var/www/html/dte /dte_sietelsa/src/services/IvaWorkbookExportService.php","line":523}}
[11-Jun-2026 22:36:29 America/El_Salvador] PHP Deprecated:  fputcsv(): the $escape parameter must be provided as its default value will change in /var/www/html/dte /dte_sietelsa/src/services/IvaWorkbookExportService.php on line 523
[11-Jun-2026 22:36:29 America/El_Salvador] [sietelsa] {"ts":"2026-06-11T22:36:29-06:00","message":"Runtime warning","context":{"severity":8192,"message":"fputcsv(): the $escape parameter must be provided as its default value will change","file":"/var/www/html/dte /dte_sietelsa/src/services/IvaWorkbookExportService.php","line":523}}
[11-Jun-2026 22:36:29 America/El_Salvador] PHP Deprecated:  fputcsv(): the $escape parameter must be provided as its default value will change in /var/www/html/dte /dte_sietelsa/src/services/IvaWorkbookExportService.php on line 523
[11-Jun-2026 22:36:29 America/El_Salvador] [sietelsa] {"ts":"2026-06-11T22:36:29-06:00","message":"Runtime warning","context":{"severity":8192,"message":"fputcsv(): the $escape parameter must be provided as its default value will change","file":"/var/www/html/dte /dte_sietelsa/src/services/IvaWorkbookExportService.php","line":523}}
[11-Jun-2026 22:36:29 America/El_Salvador] PHP Deprecated:  fputcsv(): the $escape parameter must be provided as its default value will change in /var/www/html/dte /dte_sietelsa/src/services/IvaWorkbookExportService.php on line 523
[11-Jun-2026 22:36:29 America/El_Salvador] [sietelsa] {"ts":"2026-06-11T22:36:29-06:00","message":"Runtime warning","context":{"severity":8192,"message":"fputcsv(): the $escape parameter must be provided as its default value will change","file":"/var/www/html/dte /dte_sietelsa/src/services/IvaWorkbookExportService.php","line":523}}
[11-Jun-2026 22:36:29 America/El_Salvador] PHP Deprecated:  fputcsv(): the $escape parameter must be provided as its default value will change in /var/www/html/dte /dte_sietelsa/src/services/IvaWorkbookExportService.php on line 523
[11-Jun-2026 22:36:29 America/El_Salvador] [sietelsa] {"ts":"2026-06-11T22:36:29-06:00","message":"Runtime warning","context":{"severity":8192,"message":"fputcsv(): the $escape parameter must be provided as its default value will change","file":"/var/www/html/dte /dte_sietelsa/src/services/IvaWorkbookExportService.php","line":523}}
[11-Jun-2026 22:36:29 America/El_Salvador] PHP Deprecated:  fputcsv(): the $escape parameter must be provided as its default value will change in /var/www/html/dte /dte_sietelsa/src/services/IvaWorkbookExportService.php on line 523
[11-Jun-2026 22:36:29 America/El_Salvador] [sietelsa] {"ts":"2026-06-11T22:36:29-06:00","message":"Runtime warning","context":{"severity":8192,"message":"fputcsv(): the $escape parameter must be provided as its default value will change","file":"/var/www/html/dte /dte_sietelsa/src/services/IvaWorkbookExportService.php","line":523}}
[11-Jun-2026 22:36:29 America/El_Salvador] PHP Deprecated:  fputcsv(): the $escape parameter must be provided as its default value will change in /var/www/html/dte /dte_sietelsa/src/services/IvaWorkbookExportService.php on line 523
[11-Jun-2026 22:36:29 America/El_Salvador] [sietelsa] {"ts":"2026-06-11T22:36:29-06:00","message":"Runtime warning","context":{"severity":8192,"message":"fputcsv(): the $escape parameter must be provided as its default value will change","file":"/var/www/html/dte /dte_sietelsa/src/services/IvaWorkbookExportService.php","line":523}}
[11-Jun-2026 22:36:29 America/El_Salvador] PHP Deprecated:  fputcsv(): the $escape parameter must be provided as its default value will change in /var/www/html/dte /dte_sietelsa/src/services/IvaWorkbookExportService.php on line 523
[11-Jun-2026 22:36:29 America/El_Salvador] [sietelsa] {"ts":"2026-06-11T22:36:29-06:00","message":"Runtime warning","context":{"severity":8192,"message":"fputcsv(): the $escape parameter must be provided as its default value will change","file":"/var/www/html/dte /dte_sietelsa/src/services/IvaWorkbookExportService.php","line":523}}
[11-Jun-2026 22:36:29 America/El_Salvador] PHP Deprecated:  fputcsv(): the $escape parameter must be provided as its default value will change in /var/www/html/dte /dte_sietelsa/src/services/IvaWorkbookExportService.php on line 523
[11-Jun-2026 22:36:29 America/El_Salvador] [sietelsa] {"ts":"2026-06-11T22:36:29-06:00","message":"Runtime warning","context":{"severity":8192,"message":"fputcsv(): the $escape parameter must be provided as its default value will change","file":"/var/www/html/dte /dte_sietelsa/src/services/IvaWorkbookExportService.php","line":523}}
[11-Jun-2026 22:36:29 America/El_Salvador] PHP Deprecated:  fputcsv(): the $escape parameter must be provided as its default value will change in /var/www/html/dte /dte_sietelsa/src/services/IvaWorkbookExportService.php on line 523
[11-Jun-2026 22:36:29 America/El_Salvador] [sietelsa] {"ts":"2026-06-11T22:36:29-06:00","message":"Runtime warning","context":{"severity":8192,"message":"fputcsv(): the $escape parameter must be provided as its default value will change","file":"/var/www/html/dte /dte_sietelsa/src/services/IvaWorkbookExportService.php","line":523}}
[11-Jun-2026 22:36:29 America/El_Salvador] PHP Deprecated:  fputcsv(): the $escape parameter must be provided as its default value will change in /var/www/html/dte /dte_sietelsa/src/services/IvaWorkbookExportService.php on line 523
[11-Jun-2026 22:36:29 America/El_Salvador] [sietelsa] {"ts":"2026-06-11T22:36:29-06:00","message":"Runtime warning","context":{"severity":8192,"message":"fputcsv(): the $escape parameter must be provided as its default value will change","file":"/var/www/html/dte /dte_sietelsa/src/services/IvaWorkbookExportService.php","line":523}}
[11-Jun-2026 22:36:29 America/El_Salvador] PHP Deprecated:  fputcsv(): the $escape parameter must be provided as its default value will change in /var/www/html/dte /dte_sietelsa/src/services/IvaWorkbookExportService.php on line 523
[11-Jun-2026 22:36:29 America/El_Salvador] [sietelsa] {"ts":"2026-06-11T22:36:29-06:00","message":"Runtime warning","context":{"severity":8192,"message":"fputcsv(): the $escape parameter must be provided as its default value will change","file":"/var/www/html/dte /dte_sietelsa/src/services/IvaWorkbookExportService.php","line":523}}
[11-Jun-2026 22:36:29 America/El_Salvador] PHP Deprecated:  fputcsv(): the $escape parameter must be provided as its default value will change in /var/www/html/dte /dte_sietelsa/src/services/IvaWorkbookExportService.php on line 523
[11-Jun-2026 22:36:29 America/El_Salvador] [sietelsa] {"ts":"2026-06-11T22:36:29-06:00","message":"Runtime warning","context":{"severity":8192,"message":"fputcsv(): the $escape parameter must be provided as its default value will change","file":"/var/www/html/dte /dte_sietelsa/src/services/IvaWorkbookExportService.php","line":523}}
[11-Jun-2026 22:36:29 America/El_Salvador] PHP Deprecated:  fputcsv(): the $escape parameter must be provided as its default value will change in /var/www/html/dte /dte_sietelsa/src/services/IvaWorkbookExportService.php on line 523
[11-Jun-2026 22:36:29 America/El_Salvador] [sietelsa] {"ts":"2026-06-11T22:36:29-06:00","message":"Runtime warning","context":{"severity":8192,"message":"fputcsv(): the $escape parameter must be provided as its default value will change","file":"/var/www/html/dte /dte_sietelsa/src/services/IvaWorkbookExportService.php","line":523}}
[11-Jun-2026 22:36:29 America/El_Salvador] PHP Deprecated:  fputcsv(): the $escape parameter must be provided as its default value will change in /var/www/html/dte /dte_sietelsa/src/services/IvaWorkbookExportService.php on line 523
[11-Jun-2026 22:36:29 America/El_Salvador] [sietelsa] {"ts":"2026-06-11T22:36:29-06:00","message":"Runtime warning","context":{"severity":8192,"message":"fputcsv(): the $escape parameter must be provided as its default value will change","file":"/var/www/html/dte /dte_sietelsa/src/services/IvaWorkbookExportService.php","line":523}}
[11-Jun-2026 22:36:29 America/El_Salvador] PHP Deprecated:  fputcsv(): the $escape parameter must be provided as its default value will change in /var/www/html/dte /dte_sietelsa/src/services/IvaWorkbookExportService.php on line 523
[11-Jun-2026 22:36:29 America/El_Salvador] [sietelsa] {"ts":"2026-06-11T22:36:29-06:00","message":"Runtime warning","context":{"severity":8192,"message":"fputcsv(): the $escape parameter must be provided as its default value will change","file":"/var/www/html/dte /dte_sietelsa/src/services/IvaWorkbookExportService.php","line":523}}
[11-Jun-2026 22:36:29 America/El_Salvador] PHP Deprecated:  fputcsv(): the $escape parameter must be provided as its default value will change in /var/www/html/dte /dte_sietelsa/src/services/IvaWorkbookExportService.php on line 523
[11-Jun-2026 22:36:29 America/El_Salvador] [sietelsa] {"ts":"2026-06-11T22:36:29-06:00","message":"Runtime warning","context":{"severity":8192,"message":"fputcsv(): the $escape parameter must be provided as its default value will change","file":"/var/www/html/dte /dte_sietelsa/src/services/IvaWorkbookExportService.php","line":523}}
[11-Jun-2026 22:36:29 America/El_Salvador] PHP Deprecated:  fputcsv(): the $escape parameter must be provided as its default value will change in /var/www/html/dte /dte_sietelsa/src/services/IvaWorkbookExportService.php on line 523
[11-Jun-2026 22:36:29 America/El_Salvador] [sietelsa] {"ts":"2026-06-11T22:36:29-06:00","message":"Runtime warning","context":{"severity":8192,"message":"fputcsv(): the $escape parameter must be provided as its default value will change","file":"/var/www/html/dte /dte_sietelsa/src/services/IvaWorkbookExportService.php","line":523}}
[11-Jun-2026 22:36:29 America/El_Salvador] PHP Deprecated:  fputcsv(): the $escape parameter must be provided as its default value will change in /var/www/html/dte /dte_sietelsa/src/services/IvaWorkbookExportService.php on line 523
[11-Jun-2026 22:36:29 America/El_Salvador] [sietelsa] {"ts":"2026-06-11T22:36:29-06:00","message":"Runtime warning","context":{"severity":8192,"message":"fputcsv(): the $escape parameter must be provided as its default value will change","file":"/var/www/html/dte /dte_sietelsa/src/services/IvaWorkbookExportService.php","line":523}}
[11-Jun-2026 22:36:29 America/El_Salvador] PHP Deprecated:  fputcsv(): the $escape parameter must be provided as its default value will change in /var/www/html/dte /dte_sietelsa/src/services/IvaWorkbookExportService.php on line 523
[11-Jun-2026 22:36:29 America/El_Salvador] [sietelsa] {"ts":"2026-06-11T22:36:29-06:00","message":"Runtime warning","context":{"severity":8192,"message":"fputcsv(): the $escape parameter must be provided as its default value will change","file":"/var/www/html/dte /dte_sietelsa/src/services/IvaWorkbookExportService.php","line":523}}
[11-Jun-2026 22:36:29 America/El_Salvador] PHP Deprecated:  fputcsv(): the $escape parameter must be provided as its default value will change in /var/www/html/dte /dte_sietelsa/src/services/IvaWorkbookExportService.php on line 523
[11-Jun-2026 22:36:29 America/El_Salvador] [sietelsa] {"ts":"2026-06-11T22:36:29-06:00","message":"Runtime warning","context":{"severity":8192,"message":"fputcsv(): the $escape parameter must be provided as its default value will change","file":"/var/www/html/dte /dte_sietelsa/src/services/IvaWorkbookExportService.php","line":523}}
[11-Jun-2026 22:36:29 America/El_Salvador] PHP Deprecated:  fputcsv(): the $escape parameter must be provided as its default value will change in /var/www/html/dte /dte_sietelsa/src/services/IvaWorkbookExportService.php on line 523
[11-Jun-2026 22:36:29 America/El_Salvador] [sietelsa] {"ts":"2026-06-11T22:36:29-06:00","message":"Runtime warning","context":{"severity":8192,"message":"fputcsv(): the $escape parameter must be provided as its default value will change","file":"/var/www/html/dte /dte_sietelsa/src/services/IvaWorkbookExportService.php","line":523}}
[11-Jun-2026 22:36:29 America/El_Salvador] PHP Deprecated:  fputcsv(): the $escape parameter must be provided as its default value will change in /var/www/html/dte /dte_sietelsa/src/services/IvaWorkbookExportService.php on line 523
[11-Jun-2026 22:36:29 America/El_Salvador] [sietelsa] {"ts":"2026-06-11T22:36:29-06:00","message":"Runtime warning","context":{"severity":8192,"message":"fputcsv(): the $escape parameter must be provided as its default value will change","file":"/var/www/html/dte /dte_sietelsa/src/services/IvaWorkbookExportService.php","line":523}}
[11-Jun-2026 22:36:29 America/El_Salvador] PHP Deprecated:  fputcsv(): the $escape parameter must be provided as its default value will change in /var/www/html/dte /dte_sietelsa/src/services/IvaWorkbookExportService.php on line 523
[11-Jun-2026 22:36:29 America/El_Salvador] [sietelsa] {"ts":"2026-06-11T22:36:29-06:00","message":"Runtime warning","context":{"severity":8192,"message":"fputcsv(): the $escape parameter must be provided as its default value will change","file":"/var/www/html/dte /dte_sietelsa/src/services/IvaWorkbookExportService.php","line":523}}
[11-Jun-2026 22:36:29 America/El_Salvador] PHP Deprecated:  fputcsv(): the $escape parameter must be provided as its default value will change in /var/www/html/dte /dte_sietelsa/src/services/IvaWorkbookExportService.php on line 523
[11-Jun-2026 22:36:29 America/El_Salvador] [sietelsa] {"ts":"2026-06-11T22:36:29-06:00","message":"Runtime warning","context":{"severity":8192,"message":"fputcsv(): the $escape parameter must be provided as its default value will change","file":"/var/www/html/dte /dte_sietelsa/src/services/IvaWorkbookExportService.php","line":523}}
[11-Jun-2026 22:36:29 America/El_Salvador] PHP Deprecated:  fputcsv(): the $escape parameter must be provided as its default value will change in /var/www/html/dte /dte_sietelsa/src/services/IvaWorkbookExportService.php on line 523
[11-Jun-2026 22:36:29 America/El_Salvador] [sietelsa] {"ts":"2026-06-11T22:36:29-06:00","message":"Runtime warning","context":{"severity":8192,"message":"fputcsv(): the $escape parameter must be provided as its default value will change","file":"/var/www/html/dte /dte_sietelsa/src/services/IvaWorkbookExportService.php","line":523}}
[11-Jun-2026 22:36:29 America/El_Salvador] PHP Deprecated:  fputcsv(): the $escape parameter must be provided as its default value will change in /var/www/html/dte /dte_sietelsa/src/services/IvaWorkbookExportService.php on line 523
[11-Jun-2026 22:36:29 America/El_Salvador] [sietelsa] {"ts":"2026-06-11T22:36:29-06:00","message":"Runtime warning","context":{"severity":8192,"message":"fputcsv(): the $escape parameter must be provided as its default value will change","file":"/var/www/html/dte /dte_sietelsa/src/services/IvaWorkbookExportService.php","line":523}}
[11-Jun-2026 22:36:29 America/El_Salvador] PHP Deprecated:  fputcsv(): the $escape parameter must be provided as its default value will change in /var/www/html/dte /dte_sietelsa/src/services/IvaWorkbookExportService.php on line 523
[11-Jun-2026 22:36:29 America/El_Salvador] [sietelsa] {"ts":"2026-06-11T22:36:29-06:00","message":"Runtime warning","context":{"severity":8192,"message":"fputcsv(): the $escape parameter must be provided as its default value will change","file":"/var/www/html/dte /dte_sietelsa/src/services/IvaWorkbookExportService.php","line":523}}
[11-Jun-2026 22:36:29 America/El_Salvador] PHP Deprecated:  fputcsv(): the $escape parameter must be provided as its default value will change in /var/www/html/dte /dte_sietelsa/src/services/IvaWorkbookExportService.php on line 523
[11-Jun-2026 22:36:29 America/El_Salvador] [sietelsa] {"ts":"2026-06-11T22:36:29-06:00","message":"Runtime warning","context":{"severity":8192,"message":"fputcsv(): the $escape parameter must be provided as its default value will change","file":"/var/www/html/dte /dte_sietelsa/src/services/IvaWorkbookExportService.php","line":523}}
[11-Jun-2026 22:36:29 America/El_Salvador] PHP Deprecated:  fputcsv(): the $escape parameter must be provided as its default value will change in /var/www/html/dte /dte_sietelsa/src/services/IvaWorkbookExportService.php on line 523
[11-Jun-2026 22:36:29 America/El_Salvador] [sietelsa] {"ts":"2026-06-11T22:36:29-06:00","message":"Runtime warning","context":{"severity":8192,"message":"fputcsv(): the $escape parameter must be provided as its default value will change","file":"/var/www/html/dte /dte_sietelsa/src/services/IvaWorkbookExportService.php","line":523}}
[11-Jun-2026 22:36:29 America/El_Salvador] PHP Deprecated:  fputcsv(): the $escape parameter must be provided as its default value will change in /var/www/html/dte /dte_sietelsa/src/services/IvaWorkbookExportService.php on line 523
[11-Jun-2026 22:36:29 America/El_Salvador] [sietelsa] {"ts":"2026-06-11T22:36:29-06:00","message":"Runtime warning","context":{"severity":8192,"message":"fputcsv(): the $escape parameter must be provided as its default value will change","file":"/var/www/html/dte /dte_sietelsa/src/services/IvaWorkbookExportService.php","line":523}}
[11-Jun-2026 22:36:29 America/El_Salvador] PHP Deprecated:  fputcsv(): the $escape parameter must be provided as its default value will change in /var/www/html/dte /dte_sietelsa/src/services/IvaWorkbookExportService.php on line 523
[11-Jun-2026 22:36:29 America/El_Salvador] [sietelsa] {"ts":"2026-06-11T22:36:29-06:00","message":"Runtime warning","context":{"severity":8192,"message":"fputcsv(): the $escape parameter must be provided as its default value will change","file":"/var/www/html/dte /dte_sietelsa/src/services/IvaWorkbookExportService.php","line":523}}
[11-Jun-2026 22:36:29 America/El_Salvador] PHP Deprecated:  fputcsv(): the $escape parameter must be provided as its default value will change in /var/www/html/dte /dte_sietelsa/src/services/IvaWorkbookExportService.php on line 523
[11-Jun-2026 22:36:29 America/El_Salvador] [sietelsa] {"ts":"2026-06-11T22:36:29-06:00","message":"Runtime warning","context":{"severity":8192,"message":"fputcsv(): the $escape parameter must be provided as its default value will change","file":"/var/www/html/dte /dte_sietelsa/src/services/IvaWorkbookExportService.php","line":523}}
[11-Jun-2026 22:36:29 America/El_Salvador] PHP Deprecated:  fputcsv(): the $escape parameter must be provided as its default value will change in /var/www/html/dte /dte_sietelsa/src/services/IvaWorkbookExportService.php on line 523
[11-Jun-2026 22:36:29 America/El_Salvador] [sietelsa] {"ts":"2026-06-11T22:36:29-06:00","message":"Runtime warning","context":{"severity":8192,"message":"fputcsv(): the $escape parameter must be provided as its default value will change","file":"/var/www/html/dte /dte_sietelsa/src/services/IvaWorkbookExportService.php","line":523}}
[11-Jun-2026 22:36:29 America/El_Salvador] PHP Deprecated:  fputcsv(): the $escape parameter must be provided as its default value will change in /var/www/html/dte /dte_sietelsa/src/services/IvaWorkbookExportService.php on line 523
[11-Jun-2026 22:36:29 America/El_Salvador] [sietelsa] {"ts":"2026-06-11T22:36:29-06:00","message":"Runtime warning","context":{"severity":8192,"message":"fputcsv(): the $escape parameter must be provided as its default value will change","file":"/var/www/html/dte /dte_sietelsa/src/services/IvaWorkbookExportService.php","line":523}}
[11-Jun-2026 22:36:29 America/El_Salvador] PHP Deprecated:  fputcsv(): the $escape parameter must be provided as its default value will change in /var/www/html/dte /dte_sietelsa/src/services/IvaWorkbookExportService.php on line 523
[11-Jun-2026 22:36:29 America/El_Salvador] [sietelsa] {"ts":"2026-06-11T22:36:29-06:00","message":"Runtime warning","context":{"severity":8192,"message":"fputcsv(): the $escape parameter must be provided as its default value will change","file":"/var/www/html/dte /dte_sietelsa/src/services/IvaWorkbookExportService.php","line":523}}
[11-Jun-2026 22:36:29 America/El_Salvador] PHP Deprecated:  fputcsv(): the $escape parameter must be provided as its default value will change in /var/www/html/dte /dte_sietelsa/src/services/IvaWorkbookExportService.php on line 523
[11-Jun-2026 22:36:29 America/El_Salvador] [sietelsa] {"ts":"2026-06-11T22:36:29-06:00","message":"Runtime warning","context":{"severity":8192,"message":"fputcsv(): the $escape parameter must be provided as its default value will change","file":"/var/www/html/dte /dte_sietelsa/src/services/IvaWorkbookExportService.php","line":523}}
[11-Jun-2026 22:36:29 America/El_Salvador] PHP Deprecated:  fputcsv(): the $escape parameter must be provided as its default value will change in /var/www/html/dte /dte_sietelsa/src/services/IvaWorkbookExportService.php on line 523
[11-Jun-2026 22:36:29 America/El_Salvador] [sietelsa] {"ts":"2026-06-11T22:36:29-06:00","message":"Runtime warning","context":{"severity":8192,"message":"fputcsv(): the $escape parameter must be provided as its default value will change","file":"/var/www/html/dte /dte_sietelsa/src/services/IvaWorkbookExportService.php","line":523}}
[11-Jun-2026 22:36:29 America/El_Salvador] PHP Deprecated:  fputcsv(): the $escape parameter must be provided as its default value will change in /var/www/html/dte /dte_sietelsa/src/services/IvaWorkbookExportService.php on line 523
[11-Jun-2026 22:36:29 America/El_Salvador] [sietelsa] {"ts":"2026-06-11T22:36:29-06:00","message":"Runtime warning","context":{"severity":8192,"message":"fputcsv(): the $escape parameter must be provided as its default value will change","file":"/var/www/html/dte /dte_sietelsa/src/services/IvaWorkbookExportService.php","line":523}}
[11-Jun-2026 22:36:29 America/El_Salvador] PHP Deprecated:  fputcsv(): the $escape parameter must be provided as its default value will change in /var/www/html/dte /dte_sietelsa/src/services/IvaWorkbookExportService.php on line 523
[11-Jun-2026 22:36:29 America/El_Salvador] [sietelsa] {"ts":"2026-06-11T22:36:29-06:00","message":"Runtime warning","context":{"severity":8192,"message":"fputcsv(): the $escape parameter must be provided as its default value will change","file":"/var/www/html/dte /dte_sietelsa/src/services/IvaWorkbookExportService.php","line":523}}
[11-Jun-2026 22:36:29 America/El_Salvador] PHP Deprecated:  fputcsv(): the $escape parameter must be provided as its default value will change in /var/www/html/dte /dte_sietelsa/src/services/IvaWorkbookExportService.php on line 523
[11-Jun-2026 22:36:29 America/El_Salvador] [sietelsa] {"ts":"2026-06-11T22:36:29-06:00","message":"Runtime warning","context":{"severity":8192,"message":"fputcsv(): the $escape parameter must be provided as its default value will change","file":"/var/www/html/dte /dte_sietelsa/src/services/IvaWorkbookExportService.php","line":523}}
[11-Jun-2026 22:36:29 America/El_Salvador] PHP Deprecated:  fputcsv(): the $escape parameter must be provided as its default value will change in /var/www/html/dte /dte_sietelsa/src/services/IvaWorkbookExportService.php on line 523
[11-Jun-2026 22:36:29 America/El_Salvador] [sietelsa] {"ts":"2026-06-11T22:36:29-06:00","message":"Runtime warning","context":{"severity":8192,"message":"fputcsv(): the $escape parameter must be provided as its default value will change","file":"/var/www/html/dte /dte_sietelsa/src/services/IvaWorkbookExportService.php","line":523}}
[11-Jun-2026 22:36:29 America/El_Salvador] PHP Deprecated:  fputcsv(): the $escape parameter must be provided as its default value will change in /var/www/html/dte /dte_sietelsa/src/services/IvaWorkbookExportService.php on line 523
[11-Jun-2026 22:36:29 America/El_Salvador] [sietelsa] {"ts":"2026-06-11T22:36:29-06:00","message":"Runtime warning","context":{"severity":8192,"message":"fputcsv(): the $escape parameter must be provided as its default value will change","file":"/var/www/html/dte /dte_sietelsa/src/services/IvaWorkbookExportService.php","line":523}}
[11-Jun-2026 22:36:29 America/El_Salvador] PHP Deprecated:  fputcsv(): the $escape parameter must be provided as its default value will change in /var/www/html/dte /dte_sietelsa/src/services/IvaWorkbookExportService.php on line 523
[11-Jun-2026 22:36:29 America/El_Salvador] [sietelsa] {"ts":"2026-06-11T22:36:29-06:00","message":"Runtime warning","context":{"severity":8192,"message":"fputcsv(): the $escape parameter must be provided as its default value will change","file":"/var/www/html/dte /dte_sietelsa/src/services/IvaWorkbookExportService.php","line":523}}
[11-Jun-2026 22:36:29 America/El_Salvador] PHP Deprecated:  fputcsv(): the $escape parameter must be provided as its default value will change in /var/www/html/dte /dte_sietelsa/src/services/IvaWorkbookExportService.php on line 523
[11-Jun-2026 22:36:29 America/El_Salvador] [sietelsa] {"ts":"2026-06-11T22:36:29-06:00","message":"Runtime warning","context":{"severity":8192,"message":"fputcsv(): the $escape parameter must be provided as its default value will change","file":"/var/www/html/dte /dte_sietelsa/src/services/IvaWorkbookExportService.php","line":523}}
[11-Jun-2026 22:36:29 America/El_Salvador] PHP Deprecated:  fputcsv(): the $escape parameter must be provided as its default value will change in /var/www/html/dte /dte_sietelsa/src/services/IvaWorkbookExportService.php on line 523
[11-Jun-2026 22:36:29 America/El_Salvador] [sietelsa] {"ts":"2026-06-11T22:36:29-06:00","message":"Runtime warning","context":{"severity":8192,"message":"fputcsv(): the $escape parameter must be provided as its default value will change","file":"/var/www/html/dte /dte_sietelsa/src/services/IvaWorkbookExportService.php","line":523}}
[11-Jun-2026 22:36:29 America/El_Salvador] PHP Deprecated:  fputcsv(): the $escape parameter must be provided as its default value will change in /var/www/html/dte /dte_sietelsa/src/services/IvaWorkbookExportService.php on line 523
[11-Jun-2026 22:36:29 America/El_Salvador] [sietelsa] {"ts":"2026-06-11T22:36:29-06:00","message":"Runtime warning","context":{"severity":8192,"message":"fputcsv(): the $escape parameter must be provided as its default value will change","file":"/var/www/html/dte /dte_sietelsa/src/services/IvaWorkbookExportService.php","line":523}}
[11-Jun-2026 22:36:29 America/El_Salvador] PHP Deprecated:  fputcsv(): the $escape parameter must be provided as its default value will change in /var/www/html/dte /dte_sietelsa/src/services/IvaWorkbookExportService.php on line 523
[11-Jun-2026 22:36:29 America/El_Salvador] [sietelsa] {"ts":"2026-06-11T22:36:29-06:00","message":"Runtime warning","context":{"severity":8192,"message":"fputcsv(): the $escape parameter must be provided as its default value will change","file":"/var/www/html/dte /dte_sietelsa/src/services/IvaWorkbookExportService.php","line":523}}
[11-Jun-2026 22:36:29 America/El_Salvador] PHP Deprecated:  fputcsv(): the $escape parameter must be provided as its default value will change in /var/www/html/dte /dte_sietelsa/src/services/IvaWorkbookExportService.php on line 523
[11-Jun-2026 22:36:29 America/El_Salvador] [sietelsa] {"ts":"2026-06-11T22:36:29-06:00","message":"Runtime warning","context":{"severity":8192,"message":"fputcsv(): the $escape parameter must be provided as its default value will change","file":"/var/www/html/dte /dte_sietelsa/src/services/IvaWorkbookExportService.php","line":523}}
[11-Jun-2026 22:36:29 America/El_Salvador] PHP Deprecated:  fputcsv(): the $escape parameter must be provided as its default value will change in /var/www/html/dte /dte_sietelsa/src/services/IvaWorkbookExportService.php on line 523
[11-Jun-2026 22:36:29 America/El_Salvador] [sietelsa] {"ts":"2026-06-11T22:36:29-06:00","message":"Runtime warning","context":{"severity":8192,"message":"fputcsv(): the $escape parameter must be provided as its default value will change","file":"/var/www/html/dte /dte_sietelsa/src/services/IvaWorkbookExportService.php","line":523}}
[11-Jun-2026 22:36:29 America/El_Salvador] PHP Deprecated:  fputcsv(): the $escape parameter must be provided as its default value will change in /var/www/html/dte /dte_sietelsa/src/services/IvaWorkbookExportService.php on line 523
[11-Jun-2026 22:36:29 America/El_Salvador] [sietelsa] {"ts":"2026-06-11T22:36:29-06:00","message":"Runtime warning","context":{"severity":8192,"message":"fputcsv(): the $escape parameter must be provided as its default value will change","file":"/var/www/html/dte /dte_sietelsa/src/services/IvaWorkbookExportService.php","line":523}}
[11-Jun-2026 22:36:29 America/El_Salvador] PHP Deprecated:  fputcsv(): the $escape parameter must be provided as its default value will change in /var/www/html/dte /dte_sietelsa/src/services/IvaWorkbookExportService.php on line 523
[11-Jun-2026 22:36:29 America/El_Salvador] [sietelsa] {"ts":"2026-06-11T22:36:29-06:00","message":"Runtime warning","context":{"severity":8192,"message":"fputcsv(): the $escape parameter must be provided as its default value will change","file":"/var/www/html/dte /dte_sietelsa/src/services/IvaWorkbookExportService.php","line":523}}
[11-Jun-2026 22:36:29 America/El_Salvador] PHP Deprecated:  fputcsv(): the $escape parameter must be provided as its default value will change in /var/www/html/dte /dte_sietelsa/src/services/IvaWorkbookExportService.php on line 523
[11-Jun-2026 22:36:29 America/El_Salvador] [sietelsa] {"ts":"2026-06-11T22:36:29-06:00","message":"Runtime warning","context":{"severity":8192,"message":"fputcsv(): the $escape parameter must be provided as its default value will change","file":"/var/www/html/dte /dte_sietelsa/src/services/IvaWorkbookExportService.php","line":523}}
[11-Jun-2026 22:36:29 America/El_Salvador] PHP Deprecated:  fputcsv(): the $escape parameter must be provided as its default value will change in /var/www/html/dte /dte_sietelsa/src/services/IvaWorkbookExportService.php on line 523
[11-Jun-2026 22:36:29 America/El_Salvador] [sietelsa] {"ts":"2026-06-11T22:36:29-06:00","message":"Runtime warning","context":{"severity":8192,"message":"fputcsv(): the $escape parameter must be provided as its default value will change","file":"/var/www/html/dte /dte_sietelsa/src/services/IvaWorkbookExportService.php","line":523}}
[11-Jun-2026 22:36:29 America/El_Salvador] PHP Deprecated:  fputcsv(): the $escape parameter must be provided as its default value will change in /var/www/html/dte /dte_sietelsa/src/services/IvaWorkbookExportService.php on line 523
[11-Jun-2026 22:36:29 America/El_Salvador] [sietelsa] {"ts":"2026-06-11T22:36:29-06:00","message":"Runtime warning","context":{"severity":8192,"message":"fputcsv(): the $escape parameter must be provided as its default value will change","file":"/var/www/html/dte /dte_sietelsa/src/services/IvaWorkbookExportService.php","line":523}}
[11-Jun-2026 22:36:29 America/El_Salvador] PHP Deprecated:  fputcsv(): the $escape parameter must be provided as its default value will change in /var/www/html/dte /dte_sietelsa/src/services/IvaWorkbookExportService.php on line 523
[11-Jun-2026 22:36:29 America/El_Salvador] [sietelsa] {"ts":"2026-06-11T22:36:29-06:00","message":"Runtime warning","context":{"severity":8192,"message":"fputcsv(): the $escape parameter must be provided as its default value will change","file":"/var/www/html/dte /dte_sietelsa/src/services/IvaWorkbookExportService.php","line":523}}
[11-Jun-2026 22:36:29 America/El_Salvador] PHP Deprecated:  fputcsv(): the $escape parameter must be provided as its default value will change in /var/www/html/dte /dte_sietelsa/src/services/IvaWorkbookExportService.php on line 523
[11-Jun-2026 22:36:29 America/El_Salvador] [sietelsa] {"ts":"2026-06-11T22:36:29-06:00","message":"Runtime warning","context":{"severity":8192,"message":"fputcsv(): the $escape parameter must be provided as its default value will change","file":"/var/www/html/dte /dte_sietelsa/src/services/IvaWorkbookExportService.php","line":523}}
[11-Jun-2026 22:36:29 America/El_Salvador] PHP Deprecated:  fputcsv(): the $escape parameter must be provided as its default value will change in /var/www/html/dte /dte_sietelsa/src/services/IvaWorkbookExportService.php on line 523
[11-Jun-2026 22:36:29 America/El_Salvador] [sietelsa] {"ts":"2026-06-11T22:36:29-06:00","message":"Runtime warning","context":{"severity":8192,"message":"fputcsv(): the $escape parameter must be provided as its default value will change","file":"/var/www/html/dte /dte_sietelsa/src/services/IvaWorkbookExportService.php","line":523}}
[11-Jun-2026 22:36:29 America/El_Salvador] PHP Deprecated:  fputcsv(): the $escape parameter must be provided as its default value will change in /var/www/html/dte /dte_sietelsa/src/services/IvaWorkbookExportService.php on line 523
[11-Jun-2026 22:36:29 America/El_Salvador] [sietelsa] {"ts":"2026-06-11T22:36:29-06:00","message":"Runtime warning","context":{"severity":8192,"message":"fputcsv(): the $escape parameter must be provided as its default value will change","file":"/var/www/html/dte /dte_sietelsa/src/services/IvaWorkbookExportService.php","line":523}}
[11-Jun-2026 22:36:29 America/El_Salvador] PHP Deprecated:  fputcsv(): the $escape parameter must be provided as its default value will change in /var/www/html/dte /dte_sietelsa/src/services/IvaWorkbookExportService.php on line 523
[11-Jun-2026 22:36:29 America/El_Salvador] [sietelsa] {"ts":"2026-06-11T22:36:29-06:00","message":"Runtime warning","context":{"severity":8192,"message":"fputcsv(): the $escape parameter must be provided as its default value will change","file":"/var/www/html/dte /dte_sietelsa/src/services/IvaWorkbookExportService.php","line":523}}
[11-Jun-2026 22:36:29 America/El_Salvador] PHP Deprecated:  fputcsv(): the $escape parameter must be provided as its default value will change in /var/www/html/dte /dte_sietelsa/src/services/IvaWorkbookExportService.php on line 523
[11-Jun-2026 22:36:29 America/El_Salvador] [sietelsa] {"ts":"2026-06-11T22:36:29-06:00","message":"Runtime warning","context":{"severity":8192,"message":"fputcsv(): the $escape parameter must be provided as its default value will change","file":"/var/www/html/dte /dte_sietelsa/src/services/IvaWorkbookExportService.php","line":523}}
[11-Jun-2026 22:36:29 America/El_Salvador] PHP Deprecated:  fputcsv(): the $escape parameter must be provided as its default value will change in /var/www/html/dte /dte_sietelsa/src/services/IvaWorkbookExportService.php on line 523
[11-Jun-2026 22:36:29 America/El_Salvador] [sietelsa] {"ts":"2026-06-11T22:36:29-06:00","message":"Runtime warning","context":{"severity":8192,"message":"fputcsv(): the $escape parameter must be provided as its default value will change","file":"/var/www/html/dte /dte_sietelsa/src/services/IvaWorkbookExportService.php","line":523}}
[11-Jun-2026 22:36:29 America/El_Salvador] PHP Deprecated:  fputcsv(): the $escape parameter must be provided as its default value will change in /var/www/html/dte /dte_sietelsa/src/services/IvaWorkbookExportService.php on line 523
[11-Jun-2026 22:36:29 America/El_Salvador] [sietelsa] {"ts":"2026-06-11T22:36:29-06:00","message":"Runtime warning","context":{"severity":8192,"message":"fputcsv(): the $escape parameter must be provided as its default value will change","file":"/var/www/html/dte /dte_sietelsa/src/services/IvaWorkbookExportService.php","line":523}}
[11-Jun-2026 22:36:29 America/El_Salvador] PHP Deprecated:  fputcsv(): the $escape parameter must be provided as its default value will change in /var/www/html/dte /dte_sietelsa/src/services/IvaWorkbookExportService.php on line 523
[11-Jun-2026 22:36:29 America/El_Salvador] [sietelsa] {"ts":"2026-06-11T22:36:29-06:00","message":"Runtime warning","context":{"severity":8192,"message":"fputcsv(): the $escape parameter must be provided as its default value will change","file":"/var/www/html/dte /dte_sietelsa/src/services/IvaWorkbookExportService.php","line":523}}
[11-Jun-2026 22:36:29 America/El_Salvador] PHP Deprecated:  fputcsv(): the $escape parameter must be provided as its default value will change in /var/www/html/dte /dte_sietelsa/src/services/IvaWorkbookExportService.php on line 523
[11-Jun-2026 22:36:29 America/El_Salvador] [sietelsa] {"ts":"2026-06-11T22:36:29-06:00","message":"Runtime warning","context":{"severity":8192,"message":"fputcsv(): the $escape parameter must be provided as its default value will change","file":"/var/www/html/dte /dte_sietelsa/src/services/IvaWorkbookExportService.php","line":523}}
[11-Jun-2026 22:36:29 America/El_Salvador] PHP Deprecated:  fputcsv(): the $escape parameter must be provided as its default value will change in /var/www/html/dte /dte_sietelsa/src/services/IvaWorkbookExportService.php on line 523
[11-Jun-2026 22:36:29 America/El_Salvador] [sietelsa] {"ts":"2026-06-11T22:36:29-06:00","message":"Runtime warning","context":{"severity":8192,"message":"fputcsv(): the $escape parameter must be provided as its default value will change","file":"/var/www/html/dte /dte_sietelsa/src/services/IvaWorkbookExportService.php","line":523}}
[11-Jun-2026 22:36:29 America/El_Salvador] PHP Deprecated:  fputcsv(): the $escape parameter must be provided as its default value will change in /var/www/html/dte /dte_sietelsa/src/services/IvaWorkbookExportService.php on line 523
[11-Jun-2026 22:36:29 America/El_Salvador] [sietelsa] {"ts":"2026-06-11T22:36:29-06:00","message":"Runtime warning","context":{"severity":8192,"message":"fputcsv(): the $escape parameter must be provided as its default value will change","file":"/var/www/html/dte /dte_sietelsa/src/services/IvaWorkbookExportService.php","line":523}}
[11-Jun-2026 22:36:29 America/El_Salvador] PHP Deprecated:  fputcsv(): the $escape parameter must be provided as its default value will change in /var/www/html/dte /dte_sietelsa/src/services/IvaWorkbookExportService.php on line 523
[11-Jun-2026 22:36:29 America/El_Salvador] [sietelsa] {"ts":"2026-06-11T22:36:29-06:00","message":"Runtime warning","context":{"severity":8192,"message":"fputcsv(): the $escape parameter must be provided as its default value will change","file":"/var/www/html/dte /dte_sietelsa/src/services/IvaWorkbookExportService.php","line":523}}
[11-Jun-2026 22:36:29 America/El_Salvador] PHP Deprecated:  fputcsv(): the $escape parameter must be provided as its default value will change in /var/www/html/dte /dte_sietelsa/src/services/IvaWorkbookExportService.php on line 523
[11-Jun-2026 22:36:29 America/El_Salvador] [sietelsa] {"ts":"2026-06-11T22:36:29-06:00","message":"Runtime warning","context":{"severity":8192,"message":"fputcsv(): the $escape parameter must be provided as its default value will change","file":"/var/www/html/dte /dte_sietelsa/src/services/IvaWorkbookExportService.php","line":523}}
[11-Jun-2026 22:36:29 America/El_Salvador] PHP Deprecated:  fputcsv(): the $escape parameter must be provided as its default value will change in /var/www/html/dte /dte_sietelsa/src/services/IvaWorkbookExportService.php on line 523
[11-Jun-2026 22:36:29 America/El_Salvador] [sietelsa] {"ts":"2026-06-11T22:36:29-06:00","message":"Runtime warning","context":{"severity":8192,"message":"fputcsv(): the $escape parameter must be provided as its default value will change","file":"/var/www/html/dte /dte_sietelsa/src/services/IvaWorkbookExportService.php","line":523}}
[11-Jun-2026 22:36:29 America/El_Salvador] PHP Deprecated:  fputcsv(): the $escape parameter must be provided as its default value will change in /var/www/html/dte /dte_sietelsa/src/services/IvaWorkbookExportService.php on line 523
[11-Jun-2026 22:36:29 America/El_Salvador] [sietelsa] {"ts":"2026-06-11T22:36:29-06:00","message":"Runtime warning","context":{"severity":8192,"message":"fputcsv(): the $escape parameter must be provided as its default value will change","file":"/var/www/html/dte /dte_sietelsa/src/services/IvaWorkbookExportService.php","line":523}}
[11-Jun-2026 22:36:29 America/El_Salvador] PHP Deprecated:  fputcsv(): the $escape parameter must be provided as its default value will change in /var/www/html/dte /dte_sietelsa/src/services/IvaWorkbookExportService.php on line 523
[11-Jun-2026 22:36:29 America/El_Salvador] [sietelsa] {"ts":"2026-06-11T22:36:29-06:00","message":"Runtime warning","context":{"severity":8192,"message":"fputcsv(): the $escape parameter must be provided as its default value will change","file":"/var/www/html/dte /dte_sietelsa/src/services/IvaWorkbookExportService.php","line":523}}
[11-Jun-2026 22:36:29 America/El_Salvador] PHP Deprecated:  fputcsv(): the $escape parameter must be provided as its default value will change in /var/www/html/dte /dte_sietelsa/src/services/IvaWorkbookExportService.php on line 523
[11-Jun-2026 22:36:29 America/El_Salvador] [sietelsa] {"ts":"2026-06-11T22:36:29-06:00","message":"Runtime warning","context":{"severity":8192,"message":"fputcsv(): the $escape parameter must be provided as its default value will change","file":"/var/www/html/dte /dte_sietelsa/src/services/IvaWorkbookExportService.php","line":523}}
[11-Jun-2026 22:36:29 America/El_Salvador] PHP Deprecated:  fputcsv(): the $escape parameter must be provided as its default value will change in /var/www/html/dte /dte_sietelsa/src/services/IvaWorkbookExportService.php on line 523
[11-Jun-2026 22:36:29 America/El_Salvador] [sietelsa] {"ts":"2026-06-11T22:36:29-06:00","message":"Runtime warning","context":{"severity":8192,"message":"fputcsv(): the $escape parameter must be provided as its default value will change","file":"/var/www/html/dte /dte_sietelsa/src/services/IvaWorkbookExportService.php","line":523}}
[11-Jun-2026 22:36:29 America/El_Salvador] PHP Deprecated:  fputcsv(): the $escape parameter must be provided as its default value will change in /var/www/html/dte /dte_sietelsa/src/services/IvaWorkbookExportService.php on line 523
[11-Jun-2026 22:36:29 America/El_Salvador] [sietelsa] {"ts":"2026-06-11T22:36:29-06:00","message":"Runtime warning","context":{"severity":8192,"message":"fputcsv(): the $escape parameter must be provided as its default value will change","file":"/var/www/html/dte /dte_sietelsa/src/services/IvaWorkbookExportService.php","line":523}}
[11-Jun-2026 22:36:29 America/El_Salvador] PHP Deprecated:  fputcsv(): the $escape parameter must be provided as its default value will change in /var/www/html/dte /dte_sietelsa/src/services/IvaWorkbookExportService.php on line 523
[11-Jun-2026 22:36:29 America/El_Salvador] [sietelsa] {"ts":"2026-06-11T22:36:29-06:00","message":"Runtime warning","context":{"severity":8192,"message":"fputcsv(): the $escape parameter must be provided as its default value will change","file":"/var/www/html/dte /dte_sietelsa/src/services/IvaWorkbookExportService.php","line":523}}
[11-Jun-2026 22:36:29 America/El_Salvador] PHP Deprecated:  fputcsv(): the $escape parameter must be provided as its default value will change in /var/www/html/dte /dte_sietelsa/src/services/IvaWorkbookExportService.php on line 523
[11-Jun-2026 22:36:29 America/El_Salvador] [sietelsa] {"ts":"2026-06-11T22:36:29-06:00","message":"Runtime warning","context":{"severity":8192,"message":"fputcsv(): the $escape parameter must be provided as its default value will change","file":"/var/www/html/dte /dte_sietelsa/src/services/IvaWorkbookExportService.php","line":523}}
[11-Jun-2026 22:36:29 America/El_Salvador] PHP Deprecated:  fputcsv(): the $escape parameter must be provided as its default value will change in /var/www/html/dte /dte_sietelsa/src/services/IvaWorkbookExportService.php on line 523
[11-Jun-2026 22:36:29 America/El_Salvador] [sietelsa] {"ts":"2026-06-11T22:36:29-06:00","message":"Runtime warning","context":{"severity":8192,"message":"fputcsv(): the $escape parameter must be provided as its default value will change","file":"/var/www/html/dte /dte_sietelsa/src/services/IvaWorkbookExportService.php","line":523}}
[11-Jun-2026 22:36:29 America/El_Salvador] PHP Deprecated:  fputcsv(): the $escape parameter must be provided as its default value will change in /var/www/html/dte /dte_sietelsa/src/services/IvaWorkbookExportService.php on line 523
[11-Jun-2026 22:36:29 America/El_Salvador] [sietelsa] {"ts":"2026-06-11T22:36:29-06:00","message":"Runtime warning","context":{"severity":8192,"message":"fputcsv(): the $escape parameter must be provided as its default value will change","file":"/var/www/html/dte /dte_sietelsa/src/services/IvaWorkbookExportService.php","line":523}}
[11-Jun-2026 22:36:29 America/El_Salvador] PHP Deprecated:  fputcsv(): the $escape parameter must be provided as its default value will change in /var/www/html/dte /dte_sietelsa/src/services/IvaWorkbookExportService.php on line 523
[11-Jun-2026 22:36:29 America/El_Salvador] [sietelsa] {"ts":"2026-06-11T22:36:29-06:00","message":"Runtime warning","context":{"severity":8192,"message":"fputcsv(): the $escape parameter must be provided as its default value will change","file":"/var/www/html/dte /dte_sietelsa/src/services/IvaWorkbookExportService.php","line":523}}
[11-Jun-2026 22:36:29 America/El_Salvador] PHP Deprecated:  fputcsv(): the $escape parameter must be provided as its default value will change in /var/www/html/dte /dte_sietelsa/src/services/IvaWorkbookExportService.php on line 523
[11-Jun-2026 22:36:29 America/El_Salvador] [sietelsa] {"ts":"2026-06-11T22:36:29-06:00","message":"Runtime warning","context":{"severity":8192,"message":"fputcsv(): the $escape parameter must be provided as its default value will change","file":"/var/www/html/dte /dte_sietelsa/src/services/IvaWorkbookExportService.php","line":523}}
[11-Jun-2026 22:36:29 America/El_Salvador] PHP Deprecated:  fputcsv(): the $escape parameter must be provided as its default value will change in /var/www/html/dte /dte_sietelsa/src/services/IvaWorkbookExportService.php on line 523
[11-Jun-2026 22:36:29 America/El_Salvador] [sietelsa] {"ts":"2026-06-11T22:36:29-06:00","message":"Runtime warning","context":{"severity":8192,"message":"fputcsv(): the $escape parameter must be provided as its default value will change","file":"/var/www/html/dte /dte_sietelsa/src/services/IvaWorkbookExportService.php","line":523}}
[11-Jun-2026 22:36:29 America/El_Salvador] PHP Deprecated:  fputcsv(): the $escape parameter must be provided as its default value will change in /var/www/html/dte /dte_sietelsa/src/services/IvaWorkbookExportService.php on line 523
[11-Jun-2026 22:36:29 America/El_Salvador] [sietelsa] {"ts":"2026-06-11T22:36:29-06:00","message":"Runtime warning","context":{"severity":8192,"message":"fputcsv(): the $escape parameter must be provided as its default value will change","file":"/var/www/html/dte /dte_sietelsa/src/services/IvaWorkbookExportService.php","line":523}}
[11-Jun-2026 22:36:29 America/El_Salvador] PHP Deprecated:  fputcsv(): the $escape parameter must be provided as its default value will change in /var/www/html/dte /dte_sietelsa/src/services/IvaWorkbookExportService.php on line 523
[11-Jun-2026 22:36:29 America/El_Salvador] [sietelsa] {"ts":"2026-06-11T22:36:29-06:00","message":"Runtime warning","context":{"severity":8192,"message":"fputcsv(): the $escape parameter must be provided as its default value will change","file":"/var/www/html/dte /dte_sietelsa/src/services/IvaWorkbookExportService.php","line":523}}
[11-Jun-2026 22:36:29 America/El_Salvador] PHP Deprecated:  fputcsv(): the $escape parameter must be provided as its default value will change in /var/www/html/dte /dte_sietelsa/src/services/IvaWorkbookExportService.php on line 523
[11-Jun-2026 22:36:29 America/El_Salvador] [sietelsa] {"ts":"2026-06-11T22:36:29-06:00","message":"Runtime warning","context":{"severity":8192,"message":"fputcsv(): the $escape parameter must be provided as its default value will change","file":"/var/www/html/dte /dte_sietelsa/src/services/IvaWorkbookExportService.php","line":523}}
[11-Jun-2026 22:36:29 America/El_Salvador] PHP Deprecated:  fputcsv(): the $escape parameter must be provided as its default value will change in /var/www/html/dte /dte_sietelsa/src/services/IvaWorkbookExportService.php on line 523
[11-Jun-2026 22:36:29 America/El_Salvador] [sietelsa] {"ts":"2026-06-11T22:36:29-06:00","message":"Runtime warning","context":{"severity":8192,"message":"fputcsv(): the $escape parameter must be provided as its default value will change","file":"/var/www/html/dte /dte_sietelsa/src/services/IvaWorkbookExportService.php","line":523}}
[11-Jun-2026 22:36:29 America/El_Salvador] PHP Deprecated:  fputcsv(): the $escape parameter must be provided as its default value will change in /var/www/html/dte /dte_sietelsa/src/services/IvaWorkbookExportService.php on line 523
[11-Jun-2026 22:36:29 America/El_Salvador] [sietelsa] {"ts":"2026-06-11T22:36:29-06:00","message":"Runtime warning","context":{"severity":8192,"message":"fputcsv(): the $escape parameter must be provided as its default value will change","file":"/var/www/html/dte /dte_sietelsa/src/services/IvaWorkbookExportService.php","line":523}}
[11-Jun-2026 22:36:29 America/El_Salvador] PHP Deprecated:  fputcsv(): the $escape parameter must be provided as its default value will change in /var/www/html/dte /dte_sietelsa/src/services/IvaWorkbookExportService.php on line 523
[11-Jun-2026 22:36:29 America/El_Salvador] [sietelsa] {"ts":"2026-06-11T22:36:29-06:00","message":"Runtime warning","context":{"severity":8192,"message":"fputcsv(): the $escape parameter must be provided as its default value will change","file":"/var/www/html/dte /dte_sietelsa/src/services/IvaWorkbookExportService.php","line":523}}
[11-Jun-2026 22:36:29 America/El_Salvador] PHP Deprecated:  fputcsv(): the $escape parameter must be provided as its default value will change in /var/www/html/dte /dte_sietelsa/src/services/IvaWorkbookExportService.php on line 523
[11-Jun-2026 22:36:29 America/El_Salvador] [sietelsa] {"ts":"2026-06-11T22:36:29-06:00","message":"Runtime warning","context":{"severity":8192,"message":"fputcsv(): the $escape parameter must be provided as its default value will change","file":"/var/www/html/dte /dte_sietelsa/src/services/IvaWorkbookExportService.php","line":523}}
[11-Jun-2026 22:36:29 America/El_Salvador] PHP Deprecated:  fputcsv(): the $escape parameter must be provided as its default value will change in /var/www/html/dte /dte_sietelsa/src/services/IvaWorkbookExportService.php on line 523
[11-Jun-2026 22:36:29 America/El_Salvador] [sietelsa] {"ts":"2026-06-11T22:36:29-06:00","message":"Runtime warning","context":{"severity":8192,"message":"fputcsv(): the $escape parameter must be provided as its default value will change","file":"/var/www/html/dte /dte_sietelsa/src/services/IvaWorkbookExportService.php","line":523}}
[11-Jun-2026 22:36:29 America/El_Salvador] PHP Deprecated:  fputcsv(): the $escape parameter must be provided as its default value will change in /var/www/html/dte /dte_sietelsa/src/services/IvaWorkbookExportService.php on line 523
[11-Jun-2026 22:36:29 America/El_Salvador] [sietelsa] {"ts":"2026-06-11T22:36:29-06:00","message":"Runtime warning","context":{"severity":8192,"message":"fputcsv(): the $escape parameter must be provided as its default value will change","file":"/var/www/html/dte /dte_sietelsa/src/services/IvaWorkbookExportService.php","line":523}}
[11-Jun-2026 22:36:29 America/El_Salvador] PHP Deprecated:  fputcsv(): the $escape parameter must be provided as its default value will change in /var/www/html/dte /dte_sietelsa/src/services/IvaWorkbookExportService.php on line 523
[11-Jun-2026 22:36:29 America/El_Salvador] [sietelsa] {"ts":"2026-06-11T22:36:29-06:00","message":"Runtime warning","context":{"severity":8192,"message":"fputcsv(): the $escape parameter must be provided as its default value will change","file":"/var/www/html/dte /dte_sietelsa/src/services/IvaWorkbookExportService.php","line":523}}
[11-Jun-2026 22:36:29 America/El_Salvador] PHP Deprecated:  fputcsv(): the $escape parameter must be provided as its default value will change in /var/www/html/dte /dte_sietelsa/src/services/IvaWorkbookExportService.php on line 523
[11-Jun-2026 22:36:29 America/El_Salvador] [sietelsa] {"ts":"2026-06-11T22:36:29-06:00","message":"Runtime warning","context":{"severity":8192,"message":"fputcsv(): the $escape parameter must be provided as its default value will change","file":"/var/www/html/dte /dte_sietelsa/src/services/IvaWorkbookExportService.php","line":523}}
[11-Jun-2026 22:36:29 America/El_Salvador] PHP Deprecated:  fputcsv(): the $escape parameter must be provided as its default value will change in /var/www/html/dte /dte_sietelsa/src/services/IvaWorkbookExportService.php on line 523
[11-Jun-2026 22:36:29 America/El_Salvador] [sietelsa] {"ts":"2026-06-11T22:36:29-06:00","message":"Runtime warning","context":{"severity":8192,"message":"fputcsv(): the $escape parameter must be provided as its default value will change","file":"/var/www/html/dte /dte_sietelsa/src/services/IvaWorkbookExportService.php","line":523}}
[11-Jun-2026 22:36:29 America/El_Salvador] PHP Deprecated:  fputcsv(): the $escape parameter must be provided as its default value will change in /var/www/html/dte /dte_sietelsa/src/services/IvaWorkbookExportService.php on line 523
[11-Jun-2026 22:36:29 America/El_Salvador] [sietelsa] {"ts":"2026-06-11T22:36:29-06:00","message":"Runtime warning","context":{"severity":8192,"message":"fputcsv(): the $escape parameter must be provided as its default value will change","file":"/var/www/html/dte /dte_sietelsa/src/services/IvaWorkbookExportService.php","line":523}}
[11-Jun-2026 22:36:29 America/El_Salvador] PHP Deprecated:  fputcsv(): the $escape parameter must be provided as its default value will change in /var/www/html/dte /dte_sietelsa/src/services/IvaWorkbookExportService.php on line 523
[11-Jun-2026 22:36:29 America/El_Salvador] [sietelsa] {"ts":"2026-06-11T22:36:29-06:00","message":"Runtime warning","context":{"severity":8192,"message":"fputcsv(): the $escape parameter must be provided as its default value will change","file":"/var/www/html/dte /dte_sietelsa/src/services/IvaWorkbookExportService.php","line":523}}
[11-Jun-2026 22:36:29 America/El_Salvador] PHP Deprecated:  fputcsv(): the $escape parameter must be provided as its default value will change in /var/www/html/dte /dte_sietelsa/src/services/IvaWorkbookExportService.php on line 523
[11-Jun-2026 22:36:29 America/El_Salvador] [sietelsa] {"ts":"2026-06-11T22:36:29-06:00","message":"Runtime warning","context":{"severity":8192,"message":"fputcsv(): the $escape parameter must be provided as its default value will change","file":"/var/www/html/dte /dte_sietelsa/src/services/IvaWorkbookExportService.php","line":523}}
[11-Jun-2026 22:36:29 America/El_Salvador] PHP Deprecated:  fputcsv(): the $escape parameter must be provided as its default value will change in /var/www/html/dte /dte_sietelsa/src/services/IvaWorkbookExportService.php on line 523
[11-Jun-2026 22:36:29 America/El_Salvador] [sietelsa] {"ts":"2026-06-11T22:36:29-06:00","message":"Runtime warning","context":{"severity":8192,"message":"fputcsv(): the $escape parameter must be provided as its default value will change","file":"/var/www/html/dte /dte_sietelsa/src/services/IvaWorkbookExportService.php","line":523}}
[11-Jun-2026 22:36:29 America/El_Salvador] PHP Deprecated:  fputcsv(): the $escape parameter must be provided as its default value will change in /var/www/html/dte /dte_sietelsa/src/services/IvaWorkbookExportService.php on line 523
[11-Jun-2026 22:36:29 America/El_Salvador] [sietelsa] {"ts":"2026-06-11T22:36:29-06:00","message":"Runtime warning","context":{"severity":8192,"message":"fputcsv(): the $escape parameter must be provided as its default value will change","file":"/var/www/html/dte /dte_sietelsa/src/services/IvaWorkbookExportService.php","line":523}}
[11-Jun-2026 22:36:29 America/El_Salvador] PHP Deprecated:  fputcsv(): the $escape parameter must be provided as its default value will change in /var/www/html/dte /dte_sietelsa/src/services/IvaWorkbookExportService.php on line 523
[11-Jun-2026 22:36:29 America/El_Salvador] [sietelsa] {"ts":"2026-06-11T22:36:29-06:00","message":"Runtime warning","context":{"severity":8192,"message":"fputcsv(): the $escape parameter must be provided as its default value will change","file":"/var/www/html/dte /dte_sietelsa/src/services/IvaWorkbookExportService.php","line":523}}
[11-Jun-2026 22:36:29 America/El_Salvador] PHP Deprecated:  fputcsv(): the $escape parameter must be provided as its default value will change in /var/www/html/dte /dte_sietelsa/src/services/IvaWorkbookExportService.php on line 523
[11-Jun-2026 22:36:29 America/El_Salvador] [sietelsa] {"ts":"2026-06-11T22:36:29-06:00","message":"Runtime warning","context":{"severity":8192,"message":"fputcsv(): the $escape parameter must be provided as its default value will change","file":"/var/www/html/dte /dte_sietelsa/src/services/IvaWorkbookExportService.php","line":523}}
[11-Jun-2026 22:36:29 America/El_Salvador] PHP Deprecated:  fputcsv(): the $escape parameter must be provided as its default value will change in /var/www/html/dte /dte_sietelsa/src/services/IvaWorkbookExportService.php on line 523
[11-Jun-2026 22:36:29 America/El_Salvador] [sietelsa] {"ts":"2026-06-11T22:36:29-06:00","message":"Runtime warning","context":{"severity":8192,"message":"fputcsv(): the $escape parameter must be provided as its default value will change","file":"/var/www/html/dte /dte_sietelsa/src/services/IvaWorkbookExportService.php","line":523}}
[11-Jun-2026 22:36:29 America/El_Salvador] PHP Deprecated:  fputcsv(): the $escape parameter must be provided as its default value will change in /var/www/html/dte /dte_sietelsa/src/services/IvaWorkbookExportService.php on line 523
[11-Jun-2026 22:36:29 America/El_Salvador] [sietelsa] {"ts":"2026-06-11T22:36:29-06:00","message":"Runtime warning","context":{"severity":8192,"message":"fputcsv(): the $escape parameter must be provided as its default value will change","file":"/var/www/html/dte /dte_sietelsa/src/services/IvaWorkbookExportService.php","line":523}}
[11-Jun-2026 22:36:29 America/El_Salvador] PHP Deprecated:  fputcsv(): the $escape parameter must be provided as its default value will change in /var/www/html/dte /dte_sietelsa/src/services/IvaWorkbookExportService.php on line 523
[11-Jun-2026 22:36:29 America/El_Salvador] [sietelsa] {"ts":"2026-06-11T22:36:29-06:00","message":"Runtime warning","context":{"severity":8192,"message":"fputcsv(): the $escape parameter must be provided as its default value will change","file":"/var/www/html/dte /dte_sietelsa/src/services/IvaWorkbookExportService.php","line":523}}
[11-Jun-2026 22:36:29 America/El_Salvador] PHP Deprecated:  fputcsv(): the $escape parameter must be provided as its default value will change in /var/www/html/dte /dte_sietelsa/src/services/IvaWorkbookExportService.php on line 523
[11-Jun-2026 22:36:29 America/El_Salvador] [sietelsa] {"ts":"2026-06-11T22:36:29-06:00","message":"Runtime warning","context":{"severity":8192,"message":"fputcsv(): the $escape parameter must be provided as its default value will change","file":"/var/www/html/dte /dte_sietelsa/src/services/IvaWorkbookExportService.php","line":523}}
[11-Jun-2026 22:36:29 America/El_Salvador] PHP Deprecated:  fputcsv(): the $escape parameter must be provided as its default value will change in /var/www/html/dte /dte_sietelsa/src/services/IvaWorkbookExportService.php on line 523
[11-Jun-2026 22:36:29 America/El_Salvador] [sietelsa] {"ts":"2026-06-11T22:36:29-06:00","message":"Runtime warning","context":{"severity":8192,"message":"fputcsv(): the $escape parameter must be provided as its default value will change","file":"/var/www/html/dte /dte_sietelsa/src/services/IvaWorkbookExportService.php","line":523}}
[11-Jun-2026 22:36:29 America/El_Salvador] PHP Deprecated:  fputcsv(): the $escape parameter must be provided as its default value will change in /var/www/html/dte /dte_sietelsa/src/services/IvaWorkbookExportService.php on line 523
[11-Jun-2026 22:36:29 America/El_Salvador] [sietelsa] {"ts":"2026-06-11T22:36:29-06:00","message":"Runtime warning","context":{"severity":8192,"message":"fputcsv(): the $escape parameter must be provided as its default value will change","file":"/var/www/html/dte /dte_sietelsa/src/services/IvaWorkbookExportService.php","line":523}}
[11-Jun-2026 22:36:29 America/El_Salvador] PHP Deprecated:  fputcsv(): the $escape parameter must be provided as its default value will change in /var/www/html/dte /dte_sietelsa/src/services/IvaWorkbookExportService.php on line 523
[11-Jun-2026 22:36:29 America/El_Salvador] [sietelsa] {"ts":"2026-06-11T22:36:29-06:00","message":"Runtime warning","context":{"severity":8192,"message":"fputcsv(): the $escape parameter must be provided as its default value will change","file":"/var/www/html/dte /dte_sietelsa/src/services/IvaWorkbookExportService.php","line":523}}
[11-Jun-2026 22:36:29 America/El_Salvador] PHP Deprecated:  fputcsv(): the $escape parameter must be provided as its default value will change in /var/www/html/dte /dte_sietelsa/src/services/IvaWorkbookExportService.php on line 523
[11-Jun-2026 22:36:29 America/El_Salvador] [sietelsa] {"ts":"2026-06-11T22:36:29-06:00","message":"Runtime warning","context":{"severity":8192,"message":"fputcsv(): the $escape parameter must be provided as its default value will change","file":"/var/www/html/dte /dte_sietelsa/src/services/IvaWorkbookExportService.php","line":523}}
[11-Jun-2026 22:36:29 America/El_Salvador] PHP Deprecated:  fputcsv(): the $escape parameter must be provided as its default value will change in /var/www/html/dte /dte_sietelsa/src/services/IvaWorkbookExportService.php on line 523
[11-Jun-2026 22:36:29 America/El_Salvador] [sietelsa] {"ts":"2026-06-11T22:36:29-06:00","message":"Runtime warning","context":{"severity":8192,"message":"fputcsv(): the $escape parameter must be provided as its default value will change","file":"/var/www/html/dte /dte_sietelsa/src/services/IvaWorkbookExportService.php","line":523}}
[11-Jun-2026 22:36:29 America/El_Salvador] PHP Deprecated:  fputcsv(): the $escape parameter must be provided as its default value will change in /var/www/html/dte /dte_sietelsa/src/services/IvaWorkbookExportService.php on line 523
[11-Jun-2026 22:36:29 America/El_Salvador] [sietelsa] {"ts":"2026-06-11T22:36:29-06:00","message":"Runtime warning","context":{"severity":8192,"message":"fputcsv(): the $escape parameter must be provided as its default value will change","file":"/var/www/html/dte /dte_sietelsa/src/services/IvaWorkbookExportService.php","line":523}}
[11-Jun-2026 22:36:29 America/El_Salvador] PHP Deprecated:  fputcsv(): the $escape parameter must be provided as its default value will change in /var/www/html/dte /dte_sietelsa/src/services/IvaWorkbookExportService.php on line 523
[11-Jun-2026 22:36:29 America/El_Salvador] [sietelsa] {"ts":"2026-06-11T22:36:29-06:00","message":"Runtime warning","context":{"severity":8192,"message":"fputcsv(): the $escape parameter must be provided as its default value will change","file":"/var/www/html/dte /dte_sietelsa/src/services/IvaWorkbookExportService.php","line":523}}
[11-Jun-2026 22:36:29 America/El_Salvador] PHP Deprecated:  fputcsv(): the $escape parameter must be provided as its default value will change in /var/www/html/dte /dte_sietelsa/src/services/IvaWorkbookExportService.php on line 523
[11-Jun-2026 22:36:29 America/El_Salvador] [sietelsa] {"ts":"2026-06-11T22:36:29-06:00","message":"Runtime warning","context":{"severity":8192,"message":"fputcsv(): the $escape parameter must be provided as its default value will change","file":"/var/www/html/dte /dte_sietelsa/src/services/IvaWorkbookExportService.php","line":523}}
[11-Jun-2026 22:36:29 America/El_Salvador] PHP Deprecated:  fputcsv(): the $escape parameter must be provided as its default value will change in /var/www/html/dte /dte_sietelsa/src/services/IvaWorkbookExportService.php on line 523
[11-Jun-2026 22:36:29 America/El_Salvador] [sietelsa] {"ts":"2026-06-11T22:36:29-06:00","message":"Runtime warning","context":{"severity":8192,"message":"fputcsv(): the $escape parameter must be provided as its default value will change","file":"/var/www/html/dte /dte_sietelsa/src/services/IvaWorkbookExportService.php","line":523}}
[11-Jun-2026 22:36:29 America/El_Salvador] PHP Deprecated:  fputcsv(): the $escape parameter must be provided as its default value will change in /var/www/html/dte /dte_sietelsa/src/services/IvaWorkbookExportService.php on line 523
[11-Jun-2026 22:36:29 America/El_Salvador] [sietelsa] {"ts":"2026-06-11T22:36:29-06:00","message":"Runtime warning","context":{"severity":8192,"message":"fputcsv(): the $escape parameter must be provided as its default value will change","file":"/var/www/html/dte /dte_sietelsa/src/services/IvaWorkbookExportService.php","line":523}}
[11-Jun-2026 22:36:29 America/El_Salvador] PHP Deprecated:  fputcsv(): the $escape parameter must be provided as its default value will change in /var/www/html/dte /dte_sietelsa/src/services/IvaWorkbookExportService.php on line 523
[11-Jun-2026 22:36:29 America/El_Salvador] [sietelsa] {"ts":"2026-06-11T22:36:29-06:00","message":"Runtime warning","context":{"severity":8192,"message":"fputcsv(): the $escape parameter must be provided as its default value will change","file":"/var/www/html/dte /dte_sietelsa/src/services/IvaWorkbookExportService.php","line":523}}
[11-Jun-2026 22:36:29 America/El_Salvador] PHP Deprecated:  fputcsv(): the $escape parameter must be provided as its default value will change in /var/www/html/dte /dte_sietelsa/src/services/IvaWorkbookExportService.php on line 523
[11-Jun-2026 22:36:29 America/El_Salvador] [sietelsa] {"ts":"2026-06-11T22:36:29-06:00","message":"Runtime warning","context":{"severity":8192,"message":"fputcsv(): the $escape parameter must be provided as its default value will change","file":"/var/www/html/dte /dte_sietelsa/src/services/IvaWorkbookExportService.php","line":523}}
[11-Jun-2026 22:36:29 America/El_Salvador] PHP Deprecated:  fputcsv(): the $escape parameter must be provided as its default value will change in /var/www/html/dte /dte_sietelsa/src/services/IvaWorkbookExportService.php on line 523
[11-Jun-2026 22:36:29 America/El_Salvador] [sietelsa] {"ts":"2026-06-11T22:36:29-06:00","message":"Runtime warning","context":{"severity":8192,"message":"fputcsv(): the $escape parameter must be provided as its default value will change","file":"/var/www/html/dte /dte_sietelsa/src/services/IvaWorkbookExportService.php","line":523}}
[11-Jun-2026 22:36:29 America/El_Salvador] PHP Deprecated:  fputcsv(): the $escape parameter must be provided as its default value will change in /var/www/html/dte /dte_sietelsa/src/services/IvaWorkbookExportService.php on line 523
[11-Jun-2026 22:36:29 America/El_Salvador] [sietelsa] {"ts":"2026-06-11T22:36:29-06:00","message":"Runtime warning","context":{"severity":8192,"message":"fputcsv(): the $escape parameter must be provided as its default value will change","file":"/var/www/html/dte /dte_sietelsa/src/services/IvaWorkbookExportService.php","line":523}}
[11-Jun-2026 22:36:29 America/El_Salvador] PHP Deprecated:  fputcsv(): the $escape parameter must be provided as its default value will change in /var/www/html/dte /dte_sietelsa/src/services/IvaWorkbookExportService.php on line 523
[11-Jun-2026 22:36:29 America/El_Salvador] [sietelsa] {"ts":"2026-06-11T22:36:29-06:00","message":"Runtime warning","context":{"severity":8192,"message":"fputcsv(): the $escape parameter must be provided as its default value will change","file":"/var/www/html/dte /dte_sietelsa/src/services/IvaWorkbookExportService.php","line":523}}
[11-Jun-2026 22:36:29 America/El_Salvador] PHP Deprecated:  fputcsv(): the $escape parameter must be provided as its default value will change in /var/www/html/dte /dte_sietelsa/src/services/IvaWorkbookExportService.php on line 523
[11-Jun-2026 22:36:29 America/El_Salvador] [sietelsa] {"ts":"2026-06-11T22:36:29-06:00","message":"Runtime warning","context":{"severity":8192,"message":"fputcsv(): the $escape parameter must be provided as its default value will change","file":"/var/www/html/dte /dte_sietelsa/src/services/IvaWorkbookExportService.php","line":523}}
[11-Jun-2026 22:36:29 America/El_Salvador] PHP Deprecated:  fputcsv(): the $escape parameter must be provided as its default value will change in /var/www/html/dte /dte_sietelsa/src/services/IvaWorkbookExportService.php on line 523
[11-Jun-2026 22:36:29 America/El_Salvador] [sietelsa] {"ts":"2026-06-11T22:36:29-06:00","message":"Runtime warning","context":{"severity":8192,"message":"fputcsv(): the $escape parameter must be provided as its default value will change","file":"/var/www/html/dte /dte_sietelsa/src/services/IvaWorkbookExportService.php","line":523}}
[11-Jun-2026 22:36:29 America/El_Salvador] PHP Deprecated:  fputcsv(): the $escape parameter must be provided as its default value will change in /var/www/html/dte /dte_sietelsa/src/services/IvaWorkbookExportService.php on line 523
[11-Jun-2026 22:36:29 America/El_Salvador] [sietelsa] {"ts":"2026-06-11T22:36:29-06:00","message":"Runtime warning","context":{"severity":8192,"message":"fputcsv(): the $escape parameter must be provided as its default value will change","file":"/var/www/html/dte /dte_sietelsa/src/services/IvaWorkbookExportService.php","line":523}}
[11-Jun-2026 22:36:29 America/El_Salvador] PHP Deprecated:  fputcsv(): the $escape parameter must be provided as its default value will change in /var/www/html/dte /dte_sietelsa/src/services/IvaWorkbookExportService.php on line 523
[11-Jun-2026 22:36:29 America/El_Salvador] [sietelsa] {"ts":"2026-06-11T22:36:29-06:00","message":"Runtime warning","context":{"severity":8192,"message":"fputcsv(): the $escape parameter must be provided as its default value will change","file":"/var/www/html/dte /dte_sietelsa/src/services/IvaWorkbookExportService.php","line":523}}
[11-Jun-2026 22:36:29 America/El_Salvador] PHP Deprecated:  fputcsv(): the $escape parameter must be provided as its default value will change in /var/www/html/dte /dte_sietelsa/src/services/IvaWorkbookExportService.php on line 523
[11-Jun-2026 22:36:29 America/El_Salvador] [sietelsa] {"ts":"2026-06-11T22:36:29-06:00","message":"Runtime warning","context":{"severity":8192,"message":"fputcsv(): the $escape parameter must be provided as its default value will change","file":"/var/www/html/dte /dte_sietelsa/src/services/IvaWorkbookExportService.php","line":523}}
[11-Jun-2026 22:36:29 America/El_Salvador] PHP Deprecated:  fputcsv(): the $escape parameter must be provided as its default value will change in /var/www/html/dte /dte_sietelsa/src/services/IvaWorkbookExportService.php on line 523
[11-Jun-2026 22:36:29 America/El_Salvador] [sietelsa] {"ts":"2026-06-11T22:36:29-06:00","message":"Runtime warning","context":{"severity":8192,"message":"fputcsv(): the $escape parameter must be provided as its default value will change","file":"/var/www/html/dte /dte_sietelsa/src/services/IvaWorkbookExportService.php","line":523}}
[11-Jun-2026 22:36:29 America/El_Salvador] PHP Deprecated:  fputcsv(): the $escape parameter must be provided as its default value will change in /var/www/html/dte /dte_sietelsa/src/services/IvaWorkbookExportService.php on line 523
[11-Jun-2026 22:36:29 America/El_Salvador] [sietelsa] {"ts":"2026-06-11T22:36:29-06:00","message":"Runtime warning","context":{"severity":8192,"message":"fputcsv(): the $escape parameter must be provided as its default value will change","file":"/var/www/html/dte /dte_sietelsa/src/services/IvaWorkbookExportService.php","line":523}}
[11-Jun-2026 22:36:29 America/El_Salvador] PHP Deprecated:  fputcsv(): the $escape parameter must be provided as its default value will change in /var/www/html/dte /dte_sietelsa/src/services/IvaWorkbookExportService.php on line 523
[11-Jun-2026 22:36:29 America/El_Salvador] [sietelsa] {"ts":"2026-06-11T22:36:29-06:00","message":"Runtime warning","context":{"severity":8192,"message":"fputcsv(): the $escape parameter must be provided as its default value will change","file":"/var/www/html/dte /dte_sietelsa/src/services/IvaWorkbookExportService.php","line":523}}
[11-Jun-2026 22:36:29 America/El_Salvador] PHP Deprecated:  fputcsv(): the $escape parameter must be provided as its default value will change in /var/www/html/dte /dte_sietelsa/src/services/IvaWorkbookExportService.php on line 523
[11-Jun-2026 22:36:29 America/El_Salvador] [sietelsa] {"ts":"2026-06-11T22:36:29-06:00","message":"Runtime warning","context":{"severity":8192,"message":"fputcsv(): the $escape parameter must be provided as its default value will change","file":"/var/www/html/dte /dte_sietelsa/src/services/IvaWorkbookExportService.php","line":523}}
[11-Jun-2026 22:36:29 America/El_Salvador] PHP Deprecated:  fputcsv(): the $escape parameter must be provided as its default value will change in /var/www/html/dte /dte_sietelsa/src/services/IvaWorkbookExportService.php on line 523
[11-Jun-2026 22:36:29 America/El_Salvador] [sietelsa] {"ts":"2026-06-11T22:36:29-06:00","message":"Runtime warning","context":{"severity":8192,"message":"fputcsv(): the $escape parameter must be provided as its default value will change","file":"/var/www/html/dte /dte_sietelsa/src/services/IvaWorkbookExportService.php","line":523}}
[11-Jun-2026 22:36:29 America/El_Salvador] PHP Deprecated:  fputcsv(): the $escape parameter must be provided as its default value will change in /var/www/html/dte /dte_sietelsa/src/services/IvaWorkbookExportService.php on line 523
[11-Jun-2026 22:36:29 America/El_Salvador] [sietelsa] {"ts":"2026-06-11T22:36:29-06:00","message":"Runtime warning","context":{"severity":8192,"message":"fputcsv(): the $escape parameter must be provided as its default value will change","file":"/var/www/html/dte /dte_sietelsa/src/services/IvaWorkbookExportService.php","line":523}}
[11-Jun-2026 22:36:29 America/El_Salvador] PHP Deprecated:  fputcsv(): the $escape parameter must be provided as its default value will change in /var/www/html/dte /dte_sietelsa/src/services/IvaWorkbookExportService.php on line 523
[11-Jun-2026 22:36:29 America/El_Salvador] [sietelsa] {"ts":"2026-06-11T22:36:29-06:00","message":"Runtime warning","context":{"severity":8192,"message":"fputcsv(): the $escape parameter must be provided as its default value will change","file":"/var/www/html/dte /dte_sietelsa/src/services/IvaWorkbookExportService.php","line":523}}
[11-Jun-2026 22:36:29 America/El_Salvador] PHP Deprecated:  fputcsv(): the $escape parameter must be provided as its default value will change in /var/www/html/dte /dte_sietelsa/src/services/IvaWorkbookExportService.php on line 523
[11-Jun-2026 22:36:29 America/El_Salvador] [sietelsa] {"ts":"2026-06-11T22:36:29-06:00","message":"Runtime warning","context":{"severity":8192,"message":"fputcsv(): the $escape parameter must be provided as its default value will change","file":"/var/www/html/dte /dte_sietelsa/src/services/IvaWorkbookExportService.php","line":523}}
[11-Jun-2026 22:36:29 America/El_Salvador] PHP Deprecated:  fputcsv(): the $escape parameter must be provided as its default value will change in /var/www/html/dte /dte_sietelsa/src/services/IvaWorkbookExportService.php on line 523
[11-Jun-2026 22:36:29 America/El_Salvador] [sietelsa] {"ts":"2026-06-11T22:36:29-06:00","message":"Runtime warning","context":{"severity":8192,"message":"fputcsv(): the $escape parameter must be provided as its default value will change","file":"/var/www/html/dte /dte_sietelsa/src/services/IvaWorkbookExportService.php","line":523}}
[11-Jun-2026 22:36:29 America/El_Salvador] PHP Deprecated:  fputcsv(): the $escape parameter must be provided as its default value will change in /var/www/html/dte /dte_sietelsa/src/services/IvaWorkbookExportService.php on line 523
[11-Jun-2026 22:36:29 America/El_Salvador] [sietelsa] {"ts":"2026-06-11T22:36:29-06:00","message":"Runtime warning","context":{"severity":8192,"message":"fputcsv(): the $escape parameter must be provided as its default value will change","file":"/var/www/html/dte /dte_sietelsa/src/services/IvaWorkbookExportService.php","line":523}}
[11-Jun-2026 22:36:29 America/El_Salvador] PHP Deprecated:  fputcsv(): the $escape parameter must be provided as its default value will change in /var/www/html/dte /dte_sietelsa/src/services/IvaWorkbookExportService.php on line 523
[11-Jun-2026 22:36:29 America/El_Salvador] [sietelsa] {"ts":"2026-06-11T22:36:29-06:00","message":"Runtime warning","context":{"severity":8192,"message":"fputcsv(): the $escape parameter must be provided as its default value will change","file":"/var/www/html/dte /dte_sietelsa/src/services/IvaWorkbookExportService.php","line":523}}
[11-Jun-2026 22:36:29 America/El_Salvador] PHP Deprecated:  fputcsv(): the $escape parameter must be provided as its default value will change in /var/www/html/dte /dte_sietelsa/src/services/IvaWorkbookExportService.php on line 523
[11-Jun-2026 22:36:29 America/El_Salvador] [sietelsa] {"ts":"2026-06-11T22:36:29-06:00","message":"Runtime warning","context":{"severity":8192,"message":"fputcsv(): the $escape parameter must be provided as its default value will change","file":"/var/www/html/dte /dte_sietelsa/src/services/IvaWorkbookExportService.php","line":523}}
[11-Jun-2026 22:36:29 America/El_Salvador] PHP Deprecated:  fputcsv(): the $escape parameter must be provided as its default value will change in /var/www/html/dte /dte_sietelsa/src/services/IvaWorkbookExportService.php on line 523
[11-Jun-2026 22:36:29 America/El_Salvador] [sietelsa] {"ts":"2026-06-11T22:36:29-06:00","message":"Runtime warning","context":{"severity":8192,"message":"fputcsv(): the $escape parameter must be provided as its default value will change","file":"/var/www/html/dte /dte_sietelsa/src/services/IvaWorkbookExportService.php","line":523}}
[11-Jun-2026 22:36:29 America/El_Salvador] PHP Deprecated:  fputcsv(): the $escape parameter must be provided as its default value will change in /var/www/html/dte /dte_sietelsa/src/services/IvaWorkbookExportService.php on line 523
[11-Jun-2026 22:36:29 America/El_Salvador] [sietelsa] {"ts":"2026-06-11T22:36:29-06:00","message":"Runtime warning","context":{"severity":8192,"message":"fputcsv(): the $escape parameter must be provided as its default value will change","file":"/var/www/html/dte /dte_sietelsa/src/services/IvaWorkbookExportService.php","line":523}}
[11-Jun-2026 22:36:29 America/El_Salvador] PHP Deprecated:  fputcsv(): the $escape parameter must be provided as its default value will change in /var/www/html/dte /dte_sietelsa/src/services/IvaWorkbookExportService.php on line 523
[11-Jun-2026 22:36:29 America/El_Salvador] [sietelsa] {"ts":"2026-06-11T22:36:29-06:00","message":"Runtime warning","context":{"severity":8192,"message":"fputcsv(): the $escape parameter must be provided as its default value will change","file":"/var/www/html/dte /dte_sietelsa/src/services/IvaWorkbookExportService.php","line":523}}
[11-Jun-2026 22:36:29 America/El_Salvador] PHP Deprecated:  fputcsv(): the $escape parameter must be provided as its default value will change in /var/www/html/dte /dte_sietelsa/src/services/IvaWorkbookExportService.php on line 523
[11-Jun-2026 22:36:29 America/El_Salvador] [sietelsa] {"ts":"2026-06-11T22:36:29-06:00","message":"Runtime warning","context":{"severity":8192,"message":"fputcsv(): the $escape parameter must be provided as its default value will change","file":"/var/www/html/dte /dte_sietelsa/src/services/IvaWorkbookExportService.php","line":523}}
[11-Jun-2026 22:36:29 America/El_Salvador] PHP Deprecated:  fputcsv(): the $escape parameter must be provided as its default value will change in /var/www/html/dte /dte_sietelsa/src/services/IvaWorkbookExportService.php on line 523
[11-Jun-2026 22:36:29 America/El_Salvador] [sietelsa] {"ts":"2026-06-11T22:36:29-06:00","message":"Runtime warning","context":{"severity":8192,"message":"fputcsv(): the $escape parameter must be provided as its default value will change","file":"/var/www/html/dte /dte_sietelsa/src/services/IvaWorkbookExportService.php","line":523}}
[11-Jun-2026 22:36:29 America/El_Salvador] PHP Deprecated:  fputcsv(): the $escape parameter must be provided as its default value will change in /var/www/html/dte /dte_sietelsa/src/services/IvaWorkbookExportService.php on line 523
[11-Jun-2026 22:36:29 America/El_Salvador] [sietelsa] {"ts":"2026-06-11T22:36:29-06:00","message":"Runtime warning","context":{"severity":8192,"message":"fputcsv(): the $escape parameter must be provided as its default value will change","file":"/var/www/html/dte /dte_sietelsa/src/services/IvaWorkbookExportService.php","line":523}}
[11-Jun-2026 22:36:29 America/El_Salvador] PHP Deprecated:  fputcsv(): the $escape parameter must be provided as its default value will change in /var/www/html/dte /dte_sietelsa/src/services/IvaWorkbookExportService.php on line 523
[11-Jun-2026 22:36:29 America/El_Salvador] [sietelsa] {"ts":"2026-06-11T22:36:29-06:00","message":"Runtime warning","context":{"severity":8192,"message":"fputcsv(): the $escape parameter must be provided as its default value will change","file":"/var/www/html/dte /dte_sietelsa/src/services/IvaWorkbookExportService.php","line":523}}
[11-Jun-2026 22:36:29 America/El_Salvador] PHP Deprecated:  fputcsv(): the $escape parameter must be provided as its default value will change in /var/www/html/dte /dte_sietelsa/src/services/IvaWorkbookExportService.php on line 523
[11-Jun-2026 22:36:29 America/El_Salvador] [sietelsa] {"ts":"2026-06-11T22:36:29-06:00","message":"Runtime warning","context":{"severity":8192,"message":"fputcsv(): the $escape parameter must be provided as its default value will change","file":"/var/www/html/dte /dte_sietelsa/src/services/IvaWorkbookExportService.php","line":523}}
[11-Jun-2026 22:36:29 America/El_Salvador] PHP Deprecated:  fputcsv(): the $escape parameter must be provided as its default value will change in /var/www/html/dte /dte_sietelsa/src/services/IvaWorkbookExportService.php on line 523
[11-Jun-2026 22:36:29 America/El_Salvador] [sietelsa] {"ts":"2026-06-11T22:36:29-06:00","message":"Runtime warning","context":{"severity":8192,"message":"fputcsv(): the $escape parameter must be provided as its default value will change","file":"/var/www/html/dte /dte_sietelsa/src/services/IvaWorkbookExportService.php","line":523}}
[11-Jun-2026 22:36:29 America/El_Salvador] PHP Deprecated:  fputcsv(): the $escape parameter must be provided as its default value will change in /var/www/html/dte /dte_sietelsa/src/services/IvaWorkbookExportService.php on line 523
[11-Jun-2026 22:36:29 America/El_Salvador] [sietelsa] {"ts":"2026-06-11T22:36:29-06:00","message":"Runtime warning","context":{"severity":8192,"message":"fputcsv(): the $escape parameter must be provided as its default value will change","file":"/var/www/html/dte /dte_sietelsa/src/services/IvaWorkbookExportService.php","line":523}}
[11-Jun-2026 22:36:29 America/El_Salvador] PHP Deprecated:  fputcsv(): the $escape parameter must be provided as its default value will change in /var/www/html/dte /dte_sietelsa/src/services/IvaWorkbookExportService.php on line 523
[11-Jun-2026 22:36:29 America/El_Salvador] [sietelsa] {"ts":"2026-06-11T22:36:29-06:00","message":"Runtime warning","context":{"severity":8192,"message":"fputcsv(): the $escape parameter must be provided as its default value will change","file":"/var/www/html/dte /dte_sietelsa/src/services/IvaWorkbookExportService.php","line":523}}
[11-Jun-2026 22:36:29 America/El_Salvador] PHP Deprecated:  fputcsv(): the $escape parameter must be provided as its default value will change in /var/www/html/dte /dte_sietelsa/src/services/IvaWorkbookExportService.php on line 523
[11-Jun-2026 22:36:29 America/El_Salvador] [sietelsa] {"ts":"2026-06-11T22:36:29-06:00","message":"Runtime warning","context":{"severity":8192,"message":"fputcsv(): the $escape parameter must be provided as its default value will change","file":"/var/www/html/dte /dte_sietelsa/src/services/IvaWorkbookExportService.php","line":523}}
[11-Jun-2026 22:36:29 America/El_Salvador] PHP Deprecated:  fputcsv(): the $escape parameter must be provided as its default value will change in /var/www/html/dte /dte_sietelsa/src/services/IvaWorkbookExportService.php on line 523
[11-Jun-2026 22:36:29 America/El_Salvador] [sietelsa] {"ts":"2026-06-11T22:36:29-06:00","message":"Runtime warning","context":{"severity":8192,"message":"fputcsv(): the $escape parameter must be provided as its default value will change","file":"/var/www/html/dte /dte_sietelsa/src/services/IvaWorkbookExportService.php","line":523}}
[11-Jun-2026 22:36:29 America/El_Salvador] PHP Deprecated:  fputcsv(): the $escape parameter must be provided as its default value will change in /var/www/html/dte /dte_sietelsa/src/services/IvaWorkbookExportService.php on line 523
[11-Jun-2026 22:36:29 America/El_Salvador] [sietelsa] {"ts":"2026-06-11T22:36:29-06:00","message":"Runtime warning","context":{"severity":8192,"message":"fputcsv(): the $escape parameter must be provided as its default value will change","file":"/var/www/html/dte /dte_sietelsa/src/services/IvaWorkbookExportService.php","line":523}}
[11-Jun-2026 22:36:29 America/El_Salvador] PHP Deprecated:  fputcsv(): the $escape parameter must be provided as its default value will change in /var/www/html/dte /dte_sietelsa/src/services/IvaWorkbookExportService.php on line 523
[11-Jun-2026 22:36:29 America/El_Salvador] [sietelsa] {"ts":"2026-06-11T22:36:29-06:00","message":"Runtime warning","context":{"severity":8192,"message":"fputcsv(): the $escape parameter must be provided as its default value will change","file":"/var/www/html/dte /dte_sietelsa/src/services/IvaWorkbookExportService.php","line":523}}
[11-Jun-2026 22:36:29 America/El_Salvador] PHP Deprecated:  fputcsv(): the $escape parameter must be provided as its default value will change in /var/www/html/dte /dte_sietelsa/src/services/IvaWorkbookExportService.php on line 523
[11-Jun-2026 22:36:29 America/El_Salvador] [sietelsa] {"ts":"2026-06-11T22:36:29-06:00","message":"Runtime warning","context":{"severity":8192,"message":"fputcsv(): the $escape parameter must be provided as its default value will change","file":"/var/www/html/dte /dte_sietelsa/src/services/IvaWorkbookExportService.php","line":523}}
[11-Jun-2026 22:36:29 America/El_Salvador] PHP Deprecated:  fputcsv(): the $escape parameter must be provided as its default value will change in /var/www/html/dte /dte_sietelsa/src/services/IvaWorkbookExportService.php on line 523
[11-Jun-2026 22:36:29 America/El_Salvador] [sietelsa] {"ts":"2026-06-11T22:36:29-06:00","message":"Runtime warning","context":{"severity":8192,"message":"fputcsv(): the $escape parameter must be provided as its default value will change","file":"/var/www/html/dte /dte_sietelsa/src/services/IvaWorkbookExportService.php","line":523}}
[11-Jun-2026 22:36:29 America/El_Salvador] PHP Deprecated:  fputcsv(): the $escape parameter must be provided as its default value will change in /var/www/html/dte /dte_sietelsa/src/services/IvaWorkbookExportService.php on line 523
[11-Jun-2026 22:36:29 America/El_Salvador] [sietelsa] {"ts":"2026-06-11T22:36:29-06:00","message":"Runtime warning","context":{"severity":8192,"message":"fputcsv(): the $escape parameter must be provided as its default value will change","file":"/var/www/html/dte /dte_sietelsa/src/services/IvaWorkbookExportService.php","line":523}}
[11-Jun-2026 22:36:29 America/El_Salvador] PHP Deprecated:  fputcsv(): the $escape parameter must be provided as its default value will change in /var/www/html/dte /dte_sietelsa/src/services/IvaWorkbookExportService.php on line 523
[11-Jun-2026 22:36:29 America/El_Salvador] [sietelsa] {"ts":"2026-06-11T22:36:29-06:00","message":"Runtime warning","context":{"severity":8192,"message":"fputcsv(): the $escape parameter must be provided as its default value will change","file":"/var/www/html/dte /dte_sietelsa/src/services/IvaWorkbookExportService.php","line":523}}
[11-Jun-2026 22:36:29 America/El_Salvador] PHP Deprecated:  fputcsv(): the $escape parameter must be provided as its default value will change in /var/www/html/dte /dte_sietelsa/src/services/IvaWorkbookExportService.php on line 523
[11-Jun-2026 22:36:29 America/El_Salvador] [sietelsa] {"ts":"2026-06-11T22:36:29-06:00","message":"Runtime warning","context":{"severity":8192,"message":"fputcsv(): the $escape parameter must be provided as its default value will change","file":"/var/www/html/dte /dte_sietelsa/src/services/IvaWorkbookExportService.php","line":523}}
[11-Jun-2026 22:36:29 America/El_Salvador] PHP Deprecated:  fputcsv(): the $escape parameter must be provided as its default value will change in /var/www/html/dte /dte_sietelsa/src/services/IvaWorkbookExportService.php on line 523
[11-Jun-2026 22:36:29 America/El_Salvador] [sietelsa] {"ts":"2026-06-11T22:36:29-06:00","message":"Runtime warning","context":{"severity":8192,"message":"fputcsv(): the $escape parameter must be provided as its default value will change","file":"/var/www/html/dte /dte_sietelsa/src/services/IvaWorkbookExportService.php","line":523}}
[11-Jun-2026 22:36:29 America/El_Salvador] PHP Deprecated:  fputcsv(): the $escape parameter must be provided as its default value will change in /var/www/html/dte /dte_sietelsa/src/services/IvaWorkbookExportService.php on line 523
[11-Jun-2026 22:36:29 America/El_Salvador] [sietelsa] {"ts":"2026-06-11T22:36:29-06:00","message":"Runtime warning","context":{"severity":8192,"message":"fputcsv(): the $escape parameter must be provided as its default value will change","file":"/var/www/html/dte /dte_sietelsa/src/services/IvaWorkbookExportService.php","line":523}}
[11-Jun-2026 22:36:29 America/El_Salvador] PHP Deprecated:  fputcsv(): the $escape parameter must be provided as its default value will change in /var/www/html/dte /dte_sietelsa/src/services/IvaWorkbookExportService.php on line 523
[11-Jun-2026 22:36:29 America/El_Salvador] [sietelsa] {"ts":"2026-06-11T22:36:29-06:00","message":"Runtime warning","context":{"severity":8192,"message":"fputcsv(): the $escape parameter must be provided as its default value will change","file":"/var/www/html/dte /dte_sietelsa/src/services/IvaWorkbookExportService.php","line":523}}
[11-Jun-2026 22:36:29 America/El_Salvador] PHP Deprecated:  fputcsv(): the $escape parameter must be provided as its default value will change in /var/www/html/dte /dte_sietelsa/src/services/IvaWorkbookExportService.php on line 523
[11-Jun-2026 22:36:29 America/El_Salvador] [sietelsa] {"ts":"2026-06-11T22:36:29-06:00","message":"Runtime warning","context":{"severity":8192,"message":"fputcsv(): the $escape parameter must be provided as its default value will change","file":"/var/www/html/dte /dte_sietelsa/src/services/IvaWorkbookExportService.php","line":523}}
[11-Jun-2026 22:36:29 America/El_Salvador] PHP Deprecated:  fputcsv(): the $escape parameter must be provided as its default value will change in /var/www/html/dte /dte_sietelsa/src/services/IvaWorkbookExportService.php on line 523
[11-Jun-2026 22:36:29 America/El_Salvador] [sietelsa] {"ts":"2026-06-11T22:36:29-06:00","message":"Runtime warning","context":{"severity":8192,"message":"fputcsv(): the $escape parameter must be provided as its default value will change","file":"/var/www/html/dte /dte_sietelsa/src/services/IvaWorkbookExportService.php","line":523}}
[11-Jun-2026 22:36:29 America/El_Salvador] PHP Deprecated:  fputcsv(): the $escape parameter must be provided as its default value will change in /var/www/html/dte /dte_sietelsa/src/services/IvaWorkbookExportService.php on line 523
[11-Jun-2026 22:36:29 America/El_Salvador] [sietelsa] {"ts":"2026-06-11T22:36:29-06:00","message":"Runtime warning","context":{"severity":8192,"message":"fputcsv(): the $escape parameter must be provided as its default value will change","file":"/var/www/html/dte /dte_sietelsa/src/services/IvaWorkbookExportService.php","line":523}}
[11-Jun-2026 22:36:29 America/El_Salvador] PHP Deprecated:  fputcsv(): the $escape parameter must be provided as its default value will change in /var/www/html/dte /dte_sietelsa/src/services/IvaWorkbookExportService.php on line 523
[11-Jun-2026 22:36:29 America/El_Salvador] [sietelsa] {"ts":"2026-06-11T22:36:29-06:00","message":"Runtime warning","context":{"severity":8192,"message":"fputcsv(): the $escape parameter must be provided as its default value will change","file":"/var/www/html/dte /dte_sietelsa/src/services/IvaWorkbookExportService.php","line":523}}
[11-Jun-2026 22:36:29 America/El_Salvador] PHP Deprecated:  fputcsv(): the $escape parameter must be provided as its default value will change in /var/www/html/dte /dte_sietelsa/src/services/IvaWorkbookExportService.php on line 523
[11-Jun-2026 22:36:29 America/El_Salvador] [sietelsa] {"ts":"2026-06-11T22:36:29-06:00","message":"Runtime warning","context":{"severity":8192,"message":"fputcsv(): the $escape parameter must be provided as its default value will change","file":"/var/www/html/dte /dte_sietelsa/src/services/IvaWorkbookExportService.php","line":523}}
[11-Jun-2026 22:36:29 America/El_Salvador] PHP Deprecated:  fputcsv(): the $escape parameter must be provided as its default value will change in /var/www/html/dte /dte_sietelsa/src/services/IvaWorkbookExportService.php on line 523
[11-Jun-2026 22:36:29 America/El_Salvador] [sietelsa] {"ts":"2026-06-11T22:36:29-06:00","message":"Runtime warning","context":{"severity":8192,"message":"fputcsv(): the $escape parameter must be provided as its default value will change","file":"/var/www/html/dte /dte_sietelsa/src/services/IvaWorkbookExportService.php","line":523}}
[11-Jun-2026 22:36:29 America/El_Salvador] PHP Deprecated:  fputcsv(): the $escape parameter must be provided as its default value will change in /var/www/html/dte /dte_sietelsa/src/services/IvaWorkbookExportService.php on line 523
[11-Jun-2026 22:36:29 America/El_Salvador] [sietelsa] {"ts":"2026-06-11T22:36:29-06:00","message":"Runtime warning","context":{"severity":8192,"message":"fputcsv(): the $escape parameter must be provided as its default value will change","file":"/var/www/html/dte /dte_sietelsa/src/services/IvaWorkbookExportService.php","line":523}}
[11-Jun-2026 22:36:29 America/El_Salvador] PHP Deprecated:  fputcsv(): the $escape parameter must be provided as its default value will change in /var/www/html/dte /dte_sietelsa/src/services/IvaWorkbookExportService.php on line 523
[11-Jun-2026 22:36:29 America/El_Salvador] [sietelsa] {"ts":"2026-06-11T22:36:29-06:00","message":"Runtime warning","context":{"severity":8192,"message":"fputcsv(): the $escape parameter must be provided as its default value will change","file":"/var/www/html/dte /dte_sietelsa/src/services/IvaWorkbookExportService.php","line":523}}
[11-Jun-2026 22:36:29 America/El_Salvador] PHP Deprecated:  fputcsv(): the $escape parameter must be provided as its default value will change in /var/www/html/dte /dte_sietelsa/src/services/IvaWorkbookExportService.php on line 523
[11-Jun-2026 22:36:29 America/El_Salvador] [sietelsa] {"ts":"2026-06-11T22:36:29-06:00","message":"Runtime warning","context":{"severity":8192,"message":"fputcsv(): the $escape parameter must be provided as its default value will change","file":"/var/www/html/dte /dte_sietelsa/src/services/IvaWorkbookExportService.php","line":523}}
[11-Jun-2026 22:36:29 America/El_Salvador] PHP Deprecated:  fputcsv(): the $escape parameter must be provided as its default value will change in /var/www/html/dte /dte_sietelsa/src/services/IvaWorkbookExportService.php on line 523
[11-Jun-2026 22:36:29 America/El_Salvador] [sietelsa] {"ts":"2026-06-11T22:36:29-06:00","message":"Runtime warning","context":{"severity":8192,"message":"fputcsv(): the $escape parameter must be provided as its default value will change","file":"/var/www/html/dte /dte_sietelsa/src/services/IvaWorkbookExportService.php","line":523}}
[11-Jun-2026 22:36:29 America/El_Salvador] PHP Deprecated:  fputcsv(): the $escape parameter must be provided as its default value will change in /var/www/html/dte /dte_sietelsa/src/services/IvaWorkbookExportService.php on line 523
[11-Jun-2026 22:36:29 America/El_Salvador] [sietelsa] {"ts":"2026-06-11T22:36:29-06:00","message":"Runtime warning","context":{"severity":8192,"message":"fputcsv(): the $escape parameter must be provided as its default value will change","file":"/var/www/html/dte /dte_sietelsa/src/services/IvaWorkbookExportService.php","line":523}}
[11-Jun-2026 22:36:29 America/El_Salvador] PHP Deprecated:  fputcsv(): the $escape parameter must be provided as its default value will change in /var/www/html/dte /dte_sietelsa/src/services/IvaWorkbookExportService.php on line 523
[11-Jun-2026 22:36:29 America/El_Salvador] [sietelsa] {"ts":"2026-06-11T22:36:29-06:00","message":"Runtime warning","context":{"severity":8192,"message":"fputcsv(): the $escape parameter must be provided as its default value will change","file":"/var/www/html/dte /dte_sietelsa/src/services/IvaWorkbookExportService.php","line":523}}
[11-Jun-2026 22:36:29 America/El_Salvador] PHP Deprecated:  fputcsv(): the $escape parameter must be provided as its default value will change in /var/www/html/dte /dte_sietelsa/src/services/IvaWorkbookExportService.php on line 523
[11-Jun-2026 22:36:29 America/El_Salvador] [sietelsa] {"ts":"2026-06-11T22:36:29-06:00","message":"Runtime warning","context":{"severity":8192,"message":"fputcsv(): the $escape parameter must be provided as its default value will change","file":"/var/www/html/dte /dte_sietelsa/src/services/IvaWorkbookExportService.php","line":523}}
[11-Jun-2026 22:36:29 America/El_Salvador] PHP Deprecated:  fputcsv(): the $escape parameter must be provided as its default value will change in /var/www/html/dte /dte_sietelsa/src/services/IvaWorkbookExportService.php on line 523
[11-Jun-2026 22:36:29 America/El_Salvador] [sietelsa] {"ts":"2026-06-11T22:36:29-06:00","message":"Runtime warning","context":{"severity":8192,"message":"fputcsv(): the $escape parameter must be provided as its default value will change","file":"/var/www/html/dte /dte_sietelsa/src/services/IvaWorkbookExportService.php","line":523}}
[11-Jun-2026 22:36:29 America/El_Salvador] PHP Deprecated:  fputcsv(): the $escape parameter must be provided as its default value will change in /var/www/html/dte /dte_sietelsa/src/services/IvaWorkbookExportService.php on line 523
[11-Jun-2026 22:36:29 America/El_Salvador] [sietelsa] {"ts":"2026-06-11T22:36:29-06:00","message":"Runtime warning","context":{"severity":8192,"message":"fputcsv(): the $escape parameter must be provided as its default value will change","file":"/var/www/html/dte /dte_sietelsa/src/services/IvaWorkbookExportService.php","line":523}}
[11-Jun-2026 22:36:29 America/El_Salvador] PHP Deprecated:  fputcsv(): the $escape parameter must be provided as its default value will change in /var/www/html/dte /dte_sietelsa/src/services/IvaWorkbookExportService.php on line 523
[11-Jun-2026 22:36:29 America/El_Salvador] [sietelsa] {"ts":"2026-06-11T22:36:29-06:00","message":"Runtime warning","context":{"severity":8192,"message":"fputcsv(): the $escape parameter must be provided as its default value will change","file":"/var/www/html/dte /dte_sietelsa/src/services/IvaWorkbookExportService.php","line":523}}
[11-Jun-2026 22:36:29 America/El_Salvador] PHP Deprecated:  fputcsv(): the $escape parameter must be provided as its default value will change in /var/www/html/dte /dte_sietelsa/src/services/IvaWorkbookExportService.php on line 523
[11-Jun-2026 22:36:29 America/El_Salvador] [sietelsa] {"ts":"2026-06-11T22:36:29-06:00","message":"Runtime warning","context":{"severity":8192,"message":"fputcsv(): the $escape parameter must be provided as its default value will change","file":"/var/www/html/dte /dte_sietelsa/src/services/IvaWorkbookExportService.php","line":523}}
[11-Jun-2026 22:36:29 America/El_Salvador] PHP Deprecated:  fputcsv(): the $escape parameter must be provided as its default value will change in /var/www/html/dte /dte_sietelsa/src/services/IvaWorkbookExportService.php on line 523
[11-Jun-2026 22:36:29 America/El_Salvador] [sietelsa] {"ts":"2026-06-11T22:36:29-06:00","message":"Runtime warning","context":{"severity":8192,"message":"fputcsv(): the $escape parameter must be provided as its default value will change","file":"/var/www/html/dte /dte_sietelsa/src/services/IvaWorkbookExportService.php","line":523}}
[11-Jun-2026 22:36:29 America/El_Salvador] PHP Deprecated:  fputcsv(): the $escape parameter must be provided as its default value will change in /var/www/html/dte /dte_sietelsa/src/services/IvaWorkbookExportService.php on line 523
[11-Jun-2026 22:36:29 America/El_Salvador] [sietelsa] {"ts":"2026-06-11T22:36:29-06:00","message":"Runtime warning","context":{"severity":8192,"message":"fputcsv(): the $escape parameter must be provided as its default value will change","file":"/var/www/html/dte /dte_sietelsa/src/services/IvaWorkbookExportService.php","line":523}}
[11-Jun-2026 22:36:29 America/El_Salvador] PHP Deprecated:  fputcsv(): the $escape parameter must be provided as its default value will change in /var/www/html/dte /dte_sietelsa/src/services/IvaWorkbookExportService.php on line 523
[11-Jun-2026 22:36:29 America/El_Salvador] [sietelsa] {"ts":"2026-06-11T22:36:29-06:00","message":"Runtime warning","context":{"severity":8192,"message":"fputcsv(): the $escape parameter must be provided as its default value will change","file":"/var/www/html/dte /dte_sietelsa/src/services/IvaWorkbookExportService.php","line":523}}
[11-Jun-2026 22:36:29 America/El_Salvador] PHP Deprecated:  fputcsv(): the $escape parameter must be provided as its default value will change in /var/www/html/dte /dte_sietelsa/src/services/IvaWorkbookExportService.php on line 523
[11-Jun-2026 22:36:29 America/El_Salvador] [sietelsa] {"ts":"2026-06-11T22:36:29-06:00","message":"Runtime warning","context":{"severity":8192,"message":"fputcsv(): the $escape parameter must be provided as its default value will change","file":"/var/www/html/dte /dte_sietelsa/src/services/IvaWorkbookExportService.php","line":523}}
[11-Jun-2026 22:36:29 America/El_Salvador] PHP Deprecated:  fputcsv(): the $escape parameter must be provided as its default value will change in /var/www/html/dte /dte_sietelsa/src/services/IvaWorkbookExportService.php on line 523
[11-Jun-2026 22:36:29 America/El_Salvador] [sietelsa] {"ts":"2026-06-11T22:36:29-06:00","message":"Runtime warning","context":{"severity":8192,"message":"fputcsv(): the $escape parameter must be provided as its default value will change","file":"/var/www/html/dte /dte_sietelsa/src/services/IvaWorkbookExportService.php","line":523}}
[11-Jun-2026 22:36:29 America/El_Salvador] PHP Deprecated:  fputcsv(): the $escape parameter must be provided as its default value will change in /var/www/html/dte /dte_sietelsa/src/services/IvaWorkbookExportService.php on line 523
[11-Jun-2026 22:36:29 America/El_Salvador] [sietelsa] {"ts":"2026-06-11T22:36:29-06:00","message":"Runtime warning","context":{"severity":8192,"message":"fputcsv(): the $escape parameter must be provided as its default value will change","file":"/var/www/html/dte /dte_sietelsa/src/services/IvaWorkbookExportService.php","line":523}}
[11-Jun-2026 22:36:29 America/El_Salvador] PHP Deprecated:  fputcsv(): the $escape parameter must be provided as its default value will change in /var/www/html/dte /dte_sietelsa/src/services/IvaWorkbookExportService.php on line 523
[11-Jun-2026 22:36:29 America/El_Salvador] [sietelsa] {"ts":"2026-06-11T22:36:29-06:00","message":"Runtime warning","context":{"severity":8192,"message":"fputcsv(): the $escape parameter must be provided as its default value will change","file":"/var/www/html/dte /dte_sietelsa/src/services/IvaWorkbookExportService.php","line":523}}
[11-Jun-2026 22:36:29 America/El_Salvador] PHP Deprecated:  fputcsv(): the $escape parameter must be provided as its default value will change in /var/www/html/dte /dte_sietelsa/src/services/IvaWorkbookExportService.php on line 523
[11-Jun-2026 22:36:29 America/El_Salvador] [sietelsa] {"ts":"2026-06-11T22:36:29-06:00","message":"Runtime warning","context":{"severity":8192,"message":"fputcsv(): the $escape parameter must be provided as its default value will change","file":"/var/www/html/dte /dte_sietelsa/src/services/IvaWorkbookExportService.php","line":523}}
[11-Jun-2026 22:36:29 America/El_Salvador] PHP Deprecated:  fputcsv(): the $escape parameter must be provided as its default value will change in /var/www/html/dte /dte_sietelsa/src/services/IvaWorkbookExportService.php on line 523
[11-Jun-2026 22:36:29 America/El_Salvador] [sietelsa] {"ts":"2026-06-11T22:36:29-06:00","message":"Runtime warning","context":{"severity":8192,"message":"fputcsv(): the $escape parameter must be provided as its default value will change","file":"/var/www/html/dte /dte_sietelsa/src/services/IvaWorkbookExportService.php","line":523}}
[11-Jun-2026 22:36:29 America/El_Salvador] PHP Deprecated:  fputcsv(): the $escape parameter must be provided as its default value will change in /var/www/html/dte /dte_sietelsa/src/services/IvaWorkbookExportService.php on line 523
[11-Jun-2026 22:36:29 America/El_Salvador] [sietelsa] {"ts":"2026-06-11T22:36:29-06:00","message":"Runtime warning","context":{"severity":8192,"message":"fputcsv(): the $escape parameter must be provided as its default value will change","file":"/var/www/html/dte /dte_sietelsa/src/services/IvaWorkbookExportService.php","line":523}}
[11-Jun-2026 22:36:29 America/El_Salvador] PHP Deprecated:  fputcsv(): the $escape parameter must be provided as its default value will change in /var/www/html/dte /dte_sietelsa/src/services/IvaWorkbookExportService.php on line 523
[11-Jun-2026 22:36:29 America/El_Salvador] [sietelsa] {"ts":"2026-06-11T22:36:29-06:00","message":"Runtime warning","context":{"severity":8192,"message":"fputcsv(): the $escape parameter must be provided as its default value will change","file":"/var/www/html/dte /dte_sietelsa/src/services/IvaWorkbookExportService.php","line":523}}
[11-Jun-2026 22:36:29 America/El_Salvador] PHP Deprecated:  fputcsv(): the $escape parameter must be provided as its default value will change in /var/www/html/dte /dte_sietelsa/src/services/IvaWorkbookExportService.php on line 523
[11-Jun-2026 22:36:29 America/El_Salvador] [sietelsa] {"ts":"2026-06-11T22:36:29-06:00","message":"Runtime warning","context":{"severity":8192,"message":"fputcsv(): the $escape parameter must be provided as its default value will change","file":"/var/www/html/dte /dte_sietelsa/src/services/IvaWorkbookExportService.php","line":523}}
[11-Jun-2026 22:36:29 America/El_Salvador] PHP Deprecated:  fputcsv(): the $escape parameter must be provided as its default value will change in /var/www/html/dte /dte_sietelsa/src/services/IvaWorkbookExportService.php on line 523
[11-Jun-2026 22:36:29 America/El_Salvador] [sietelsa] {"ts":"2026-06-11T22:36:29-06:00","message":"Runtime warning","context":{"severity":8192,"message":"fputcsv(): the $escape parameter must be provided as its default value will change","file":"/var/www/html/dte /dte_sietelsa/src/services/IvaWorkbookExportService.php","line":523}}
[11-Jun-2026 22:36:29 America/El_Salvador] PHP Deprecated:  fputcsv(): the $escape parameter must be provided as its default value will change in /var/www/html/dte /dte_sietelsa/src/services/IvaWorkbookExportService.php on line 523
[11-Jun-2026 22:36:29 America/El_Salvador] [sietelsa] {"ts":"2026-06-11T22:36:29-06:00","message":"Runtime warning","context":{"severity":8192,"message":"fputcsv(): the $escape parameter must be provided as its default value will change","file":"/var/www/html/dte /dte_sietelsa/src/services/IvaWorkbookExportService.php","line":523}}
[11-Jun-2026 22:36:29 America/El_Salvador] PHP Deprecated:  fputcsv(): the $escape parameter must be provided as its default value will change in /var/www/html/dte /dte_sietelsa/src/services/IvaWorkbookExportService.php on line 523
[11-Jun-2026 22:36:29 America/El_Salvador] [sietelsa] {"ts":"2026-06-11T22:36:29-06:00","message":"Runtime warning","context":{"severity":8192,"message":"fputcsv(): the $escape parameter must be provided as its default value will change","file":"/var/www/html/dte /dte_sietelsa/src/services/IvaWorkbookExportService.php","line":523}}
[11-Jun-2026 22:36:29 America/El_Salvador] PHP Deprecated:  fputcsv(): the $escape parameter must be provided as its default value will change in /var/www/html/dte /dte_sietelsa/src/services/IvaWorkbookExportService.php on line 523
[11-Jun-2026 22:36:29 America/El_Salvador] [sietelsa] {"ts":"2026-06-11T22:36:29-06:00","message":"Runtime warning","context":{"severity":8192,"message":"fputcsv(): the $escape parameter must be provided as its default value will change","file":"/var/www/html/dte /dte_sietelsa/src/services/IvaWorkbookExportService.php","line":523}}
[11-Jun-2026 22:36:29 America/El_Salvador] PHP Deprecated:  fputcsv(): the $escape parameter must be provided as its default value will change in /var/www/html/dte /dte_sietelsa/src/services/IvaWorkbookExportService.php on line 523
[11-Jun-2026 22:36:29 America/El_Salvador] [sietelsa] {"ts":"2026-06-11T22:36:29-06:00","message":"Runtime warning","context":{"severity":8192,"message":"fputcsv(): the $escape parameter must be provided as its default value will change","file":"/var/www/html/dte /dte_sietelsa/src/services/IvaWorkbookExportService.php","line":523}}
[11-Jun-2026 22:36:29 America/El_Salvador] PHP Deprecated:  fputcsv(): the $escape parameter must be provided as its default value will change in /var/www/html/dte /dte_sietelsa/src/services/IvaWorkbookExportService.php on line 523
[11-Jun-2026 22:36:29 America/El_Salvador] [sietelsa] {"ts":"2026-06-11T22:36:29-06:00","message":"Runtime warning","context":{"severity":8192,"message":"fputcsv(): the $escape parameter must be provided as its default value will change","file":"/var/www/html/dte /dte_sietelsa/src/services/IvaWorkbookExportService.php","line":523}}
[11-Jun-2026 22:36:29 America/El_Salvador] PHP Deprecated:  fputcsv(): the $escape parameter must be provided as its default value will change in /var/www/html/dte /dte_sietelsa/src/services/IvaWorkbookExportService.php on line 523
[11-Jun-2026 22:36:29 America/El_Salvador] [sietelsa] {"ts":"2026-06-11T22:36:29-06:00","message":"Runtime warning","context":{"severity":8192,"message":"fputcsv(): the $escape parameter must be provided as its default value will change","file":"/var/www/html/dte /dte_sietelsa/src/services/IvaWorkbookExportService.php","line":523}}
[11-Jun-2026 22:36:29 America/El_Salvador] PHP Deprecated:  fputcsv(): the $escape parameter must be provided as its default value will change in /var/www/html/dte /dte_sietelsa/src/services/IvaWorkbookExportService.php on line 523
[11-Jun-2026 22:36:29 America/El_Salvador] [sietelsa] {"ts":"2026-06-11T22:36:29-06:00","message":"Runtime warning","context":{"severity":8192,"message":"fputcsv(): the $escape parameter must be provided as its default value will change","file":"/var/www/html/dte /dte_sietelsa/src/services/IvaWorkbookExportService.php","line":523}}
[11-Jun-2026 22:36:29 America/El_Salvador] PHP Deprecated:  fputcsv(): the $escape parameter must be provided as its default value will change in /var/www/html/dte /dte_sietelsa/src/services/IvaWorkbookExportService.php on line 523
[11-Jun-2026 22:36:29 America/El_Salvador] [sietelsa] {"ts":"2026-06-11T22:36:29-06:00","message":"Runtime warning","context":{"severity":8192,"message":"fputcsv(): the $escape parameter must be provided as its default value will change","file":"/var/www/html/dte /dte_sietelsa/src/services/IvaWorkbookExportService.php","line":523}}
[11-Jun-2026 22:36:29 America/El_Salvador] PHP Deprecated:  fputcsv(): the $escape parameter must be provided as its default value will change in /var/www/html/dte /dte_sietelsa/src/services/IvaWorkbookExportService.php on line 523
[11-Jun-2026 22:36:29 America/El_Salvador] [sietelsa] {"ts":"2026-06-11T22:36:29-06:00","message":"Runtime warning","context":{"severity":8192,"message":"fputcsv(): the $escape parameter must be provided as its default value will change","file":"/var/www/html/dte /dte_sietelsa/src/services/IvaWorkbookExportService.php","line":523}}
[11-Jun-2026 22:36:29 America/El_Salvador] PHP Deprecated:  fputcsv(): the $escape parameter must be provided as its default value will change in /var/www/html/dte /dte_sietelsa/src/services/IvaWorkbookExportService.php on line 523
[11-Jun-2026 22:36:29 America/El_Salvador] [sietelsa] {"ts":"2026-06-11T22:36:29-06:00","message":"Runtime warning","context":{"severity":8192,"message":"fputcsv(): the $escape parameter must be provided as its default value will change","file":"/var/www/html/dte /dte_sietelsa/src/services/IvaWorkbookExportService.php","line":523}}
[11-Jun-2026 22:36:29 America/El_Salvador] PHP Deprecated:  fputcsv(): the $escape parameter must be provided as its default value will change in /var/www/html/dte /dte_sietelsa/src/services/IvaWorkbookExportService.php on line 523
[11-Jun-2026 22:36:29 America/El_Salvador] [sietelsa] {"ts":"2026-06-11T22:36:29-06:00","message":"Runtime warning","context":{"severity":8192,"message":"fputcsv(): the $escape parameter must be provided as its default value will change","file":"/var/www/html/dte /dte_sietelsa/src/services/IvaWorkbookExportService.php","line":523}}
[11-Jun-2026 22:36:29 America/El_Salvador] PHP Deprecated:  fputcsv(): the $escape parameter must be provided as its default value will change in /var/www/html/dte /dte_sietelsa/src/services/IvaWorkbookExportService.php on line 523
[11-Jun-2026 22:36:29 America/El_Salvador] [sietelsa] {"ts":"2026-06-11T22:36:29-06:00","message":"Runtime warning","context":{"severity":8192,"message":"fputcsv(): the $escape parameter must be provided as its default value will change","file":"/var/www/html/dte /dte_sietelsa/src/services/IvaWorkbookExportService.php","line":523}}
[11-Jun-2026 22:36:29 America/El_Salvador] PHP Deprecated:  fputcsv(): the $escape parameter must be provided as its default value will change in /var/www/html/dte /dte_sietelsa/src/services/IvaWorkbookExportService.php on line 523
[11-Jun-2026 22:36:29 America/El_Salvador] [sietelsa] {"ts":"2026-06-11T22:36:29-06:00","message":"Runtime warning","context":{"severity":8192,"message":"fputcsv(): the $escape parameter must be provided as its default value will change","file":"/var/www/html/dte /dte_sietelsa/src/services/IvaWorkbookExportService.php","line":523}}
[11-Jun-2026 22:36:29 America/El_Salvador] PHP Deprecated:  fputcsv(): the $escape parameter must be provided as its default value will change in /var/www/html/dte /dte_sietelsa/src/services/IvaWorkbookExportService.php on line 523
[11-Jun-2026 22:36:29 America/El_Salvador] [sietelsa] {"ts":"2026-06-11T22:36:29-06:00","message":"Runtime warning","context":{"severity":8192,"message":"fputcsv(): the $escape parameter must be provided as its default value will change","file":"/var/www/html/dte /dte_sietelsa/src/services/IvaWorkbookExportService.php","line":523}}
[11-Jun-2026 22:36:29 America/El_Salvador] PHP Deprecated:  fputcsv(): the $escape parameter must be provided as its default value will change in /var/www/html/dte /dte_sietelsa/src/services/IvaWorkbookExportService.php on line 523
[11-Jun-2026 22:36:29 America/El_Salvador] [sietelsa] {"ts":"2026-06-11T22:36:29-06:00","message":"Runtime warning","context":{"severity":8192,"message":"fputcsv(): the $escape parameter must be provided as its default value will change","file":"/var/www/html/dte /dte_sietelsa/src/services/IvaWorkbookExportService.php","line":523}}
[11-Jun-2026 22:36:29 America/El_Salvador] PHP Deprecated:  fputcsv(): the $escape parameter must be provided as its default value will change in /var/www/html/dte /dte_sietelsa/src/services/IvaWorkbookExportService.php on line 523
[11-Jun-2026 22:36:29 America/El_Salvador] [sietelsa] {"ts":"2026-06-11T22:36:29-06:00","message":"Runtime warning","context":{"severity":8192,"message":"fputcsv(): the $escape parameter must be provided as its default value will change","file":"/var/www/html/dte /dte_sietelsa/src/services/IvaWorkbookExportService.php","line":523}}
[11-Jun-2026 22:36:29 America/El_Salvador] PHP Deprecated:  fputcsv(): the $escape parameter must be provided as its default value will change in /var/www/html/dte /dte_sietelsa/src/services/IvaWorkbookExportService.php on line 523
[11-Jun-2026 22:36:29 America/El_Salvador] [sietelsa] {"ts":"2026-06-11T22:36:29-06:00","message":"Runtime warning","context":{"severity":8192,"message":"fputcsv(): the $escape parameter must be provided as its default value will change","file":"/var/www/html/dte /dte_sietelsa/src/services/IvaWorkbookExportService.php","line":523}}
[11-Jun-2026 22:36:29 America/El_Salvador] PHP Deprecated:  fputcsv(): the $escape parameter must be provided as its default value will change in /var/www/html/dte /dte_sietelsa/src/services/IvaWorkbookExportService.php on line 523
[11-Jun-2026 22:36:29 America/El_Salvador] [sietelsa] {"ts":"2026-06-11T22:36:29-06:00","message":"Runtime warning","context":{"severity":8192,"message":"fputcsv(): the $escape parameter must be provided as its default value will change","file":"/var/www/html/dte /dte_sietelsa/src/services/IvaWorkbookExportService.php","line":523}}
[11-Jun-2026 22:36:29 America/El_Salvador] PHP Deprecated:  fputcsv(): the $escape parameter must be provided as its default value will change in /var/www/html/dte /dte_sietelsa/src/services/IvaWorkbookExportService.php on line 523
[11-Jun-2026 22:36:29 America/El_Salvador] [sietelsa] {"ts":"2026-06-11T22:36:29-06:00","message":"Runtime warning","context":{"severity":8192,"message":"fputcsv(): the $escape parameter must be provided as its default value will change","file":"/var/www/html/dte /dte_sietelsa/src/services/IvaWorkbookExportService.php","line":523}}
[11-Jun-2026 22:36:29 America/El_Salvador] PHP Deprecated:  fputcsv(): the $escape parameter must be provided as its default value will change in /var/www/html/dte /dte_sietelsa/src/services/IvaWorkbookExportService.php on line 523
[11-Jun-2026 22:36:29 America/El_Salvador] [sietelsa] {"ts":"2026-06-11T22:36:29-06:00","message":"Runtime warning","context":{"severity":8192,"message":"fputcsv(): the $escape parameter must be provided as its default value will change","file":"/var/www/html/dte /dte_sietelsa/src/services/IvaWorkbookExportService.php","line":523}}
[11-Jun-2026 22:36:29 America/El_Salvador] PHP Deprecated:  fputcsv(): the $escape parameter must be provided as its default value will change in /var/www/html/dte /dte_sietelsa/src/services/IvaWorkbookExportService.php on line 523
[11-Jun-2026 22:36:29 America/El_Salvador] [sietelsa] {"ts":"2026-06-11T22:36:29-06:00","message":"Runtime warning","context":{"severity":8192,"message":"fputcsv(): the $escape parameter must be provided as its default value will change","file":"/var/www/html/dte /dte_sietelsa/src/services/IvaWorkbookExportService.php","line":523}}
[11-Jun-2026 22:36:29 America/El_Salvador] PHP Deprecated:  fputcsv(): the $escape parameter must be provided as its default value will change in /var/www/html/dte /dte_sietelsa/src/services/IvaWorkbookExportService.php on line 523
[11-Jun-2026 22:36:29 America/El_Salvador] [sietelsa] {"ts":"2026-06-11T22:36:29-06:00","message":"Runtime warning","context":{"severity":8192,"message":"fputcsv(): the $escape parameter must be provided as its default value will change","file":"/var/www/html/dte /dte_sietelsa/src/services/IvaWorkbookExportService.php","line":523}}
[11-Jun-2026 22:36:29 America/El_Salvador] PHP Deprecated:  fputcsv(): the $escape parameter must be provided as its default value will change in /var/www/html/dte /dte_sietelsa/src/services/IvaWorkbookExportService.php on line 523
[11-Jun-2026 22:36:29 America/El_Salvador] [sietelsa] {"ts":"2026-06-11T22:36:29-06:00","message":"Runtime warning","context":{"severity":8192,"message":"fputcsv(): the $escape parameter must be provided as its default value will change","file":"/var/www/html/dte /dte_sietelsa/src/services/IvaWorkbookExportService.php","line":523}}
[11-Jun-2026 22:36:29 America/El_Salvador] PHP Deprecated:  fputcsv(): the $escape parameter must be provided as its default value will change in /var/www/html/dte /dte_sietelsa/src/services/IvaWorkbookExportService.php on line 523
[11-Jun-2026 22:36:29 America/El_Salvador] [sietelsa] {"ts":"2026-06-11T22:36:29-06:00","message":"Runtime warning","context":{"severity":8192,"message":"fputcsv(): the $escape parameter must be provided as its default value will change","file":"/var/www/html/dte /dte_sietelsa/src/services/IvaWorkbookExportService.php","line":523}}
[11-Jun-2026 22:36:29 America/El_Salvador] PHP Deprecated:  fputcsv(): the $escape parameter must be provided as its default value will change in /var/www/html/dte /dte_sietelsa/src/services/IvaWorkbookExportService.php on line 523
[11-Jun-2026 22:36:29 America/El_Salvador] [sietelsa] {"ts":"2026-06-11T22:36:29-06:00","message":"Runtime warning","context":{"severity":8192,"message":"fputcsv(): the $escape parameter must be provided as its default value will change","file":"/var/www/html/dte /dte_sietelsa/src/services/IvaWorkbookExportService.php","line":523}}
[11-Jun-2026 22:36:29 America/El_Salvador] PHP Deprecated:  fputcsv(): the $escape parameter must be provided as its default value will change in /var/www/html/dte /dte_sietelsa/src/services/IvaWorkbookExportService.php on line 523
[11-Jun-2026 22:36:29 America/El_Salvador] [sietelsa] {"ts":"2026-06-11T22:36:29-06:00","message":"Runtime warning","context":{"severity":8192,"message":"fputcsv(): the $escape parameter must be provided as its default value will change","file":"/var/www/html/dte /dte_sietelsa/src/services/IvaWorkbookExportService.php","line":523}}
[11-Jun-2026 22:36:29 America/El_Salvador] PHP Deprecated:  fputcsv(): the $escape parameter must be provided as its default value will change in /var/www/html/dte /dte_sietelsa/src/services/IvaWorkbookExportService.php on line 523
[11-Jun-2026 22:36:29 America/El_Salvador] [sietelsa] {"ts":"2026-06-11T22:36:29-06:00","message":"Runtime warning","context":{"severity":8192,"message":"fputcsv(): the $escape parameter must be provided as its default value will change","file":"/var/www/html/dte /dte_sietelsa/src/services/IvaWorkbookExportService.php","line":523}}
[11-Jun-2026 22:36:29 America/El_Salvador] PHP Deprecated:  fputcsv(): the $escape parameter must be provided as its default value will change in /var/www/html/dte /dte_sietelsa/src/services/IvaWorkbookExportService.php on line 523
[11-Jun-2026 22:36:29 America/El_Salvador] [sietelsa] {"ts":"2026-06-11T22:36:29-06:00","message":"Runtime warning","context":{"severity":8192,"message":"fputcsv(): the $escape parameter must be provided as its default value will change","file":"/var/www/html/dte /dte_sietelsa/src/services/IvaWorkbookExportService.php","line":523}}
[11-Jun-2026 22:36:29 America/El_Salvador] PHP Deprecated:  fputcsv(): the $escape parameter must be provided as its default value will change in /var/www/html/dte /dte_sietelsa/src/services/IvaWorkbookExportService.php on line 523
[11-Jun-2026 22:36:29 America/El_Salvador] [sietelsa] {"ts":"2026-06-11T22:36:29-06:00","message":"Runtime warning","context":{"severity":8192,"message":"fputcsv(): the $escape parameter must be provided as its default value will change","file":"/var/www/html/dte /dte_sietelsa/src/services/IvaWorkbookExportService.php","line":523}}
[11-Jun-2026 22:36:29 America/El_Salvador] PHP Deprecated:  fputcsv(): the $escape parameter must be provided as its default value will change in /var/www/html/dte /dte_sietelsa/src/services/IvaWorkbookExportService.php on line 523
[11-Jun-2026 22:36:29 America/El_Salvador] [sietelsa] {"ts":"2026-06-11T22:36:29-06:00","message":"Runtime warning","context":{"severity":8192,"message":"fputcsv(): the $escape parameter must be provided as its default value will change","file":"/var/www/html/dte /dte_sietelsa/src/services/IvaWorkbookExportService.php","line":523}}
[11-Jun-2026 22:36:29 America/El_Salvador] PHP Deprecated:  fputcsv(): the $escape parameter must be provided as its default value will change in /var/www/html/dte /dte_sietelsa/src/services/IvaWorkbookExportService.php on line 523
[11-Jun-2026 22:36:29 America/El_Salvador] [sietelsa] {"ts":"2026-06-11T22:36:29-06:00","message":"Runtime warning","context":{"severity":8192,"message":"fputcsv(): the $escape parameter must be provided as its default value will change","file":"/var/www/html/dte /dte_sietelsa/src/services/IvaWorkbookExportService.php","line":523}}
[11-Jun-2026 22:36:29 America/El_Salvador] PHP Deprecated:  fputcsv(): the $escape parameter must be provided as its default value will change in /var/www/html/dte /dte_sietelsa/src/services/IvaWorkbookExportService.php on line 523
[11-Jun-2026 22:36:29 America/El_Salvador] [sietelsa] {"ts":"2026-06-11T22:36:29-06:00","message":"Runtime warning","context":{"severity":8192,"message":"fputcsv(): the $escape parameter must be provided as its default value will change","file":"/var/www/html/dte /dte_sietelsa/src/services/IvaWorkbookExportService.php","line":523}}
[11-Jun-2026 22:36:29 America/El_Salvador] PHP Deprecated:  fputcsv(): the $escape parameter must be provided as its default value will change in /var/www/html/dte /dte_sietelsa/src/services/IvaWorkbookExportService.php on line 523
[11-Jun-2026 22:36:29 America/El_Salvador] [sietelsa] {"ts":"2026-06-11T22:36:29-06:00","message":"Runtime warning","context":{"severity":8192,"message":"fputcsv(): the $escape parameter must be provided as its default value will change","file":"/var/www/html/dte /dte_sietelsa/src/services/IvaWorkbookExportService.php","line":523}}
[11-Jun-2026 22:36:29 America/El_Salvador] PHP Deprecated:  fputcsv(): the $escape parameter must be provided as its default value will change in /var/www/html/dte /dte_sietelsa/src/services/IvaWorkbookExportService.php on line 523
[11-Jun-2026 22:36:29 America/El_Salvador] [sietelsa] {"ts":"2026-06-11T22:36:29-06:00","message":"Runtime warning","context":{"severity":8192,"message":"fputcsv(): the $escape parameter must be provided as its default value will change","file":"/var/www/html/dte /dte_sietelsa/src/services/IvaWorkbookExportService.php","line":523}}
[11-Jun-2026 22:36:29 America/El_Salvador] PHP Deprecated:  fputcsv(): the $escape parameter must be provided as its default value will change in /var/www/html/dte /dte_sietelsa/src/services/IvaWorkbookExportService.php on line 523
[11-Jun-2026 22:36:29 America/El_Salvador] [sietelsa] {"ts":"2026-06-11T22:36:29-06:00","message":"Runtime warning","context":{"severity":8192,"message":"fputcsv(): the $escape parameter must be provided as its default value will change","file":"/var/www/html/dte /dte_sietelsa/src/services/IvaWorkbookExportService.php","line":523}}
[11-Jun-2026 22:36:29 America/El_Salvador] PHP Deprecated:  fputcsv(): the $escape parameter must be provided as its default value will change in /var/www/html/dte /dte_sietelsa/src/services/IvaWorkbookExportService.php on line 523
[11-Jun-2026 22:36:29 America/El_Salvador] [sietelsa] {"ts":"2026-06-11T22:36:29-06:00","message":"Runtime warning","context":{"severity":8192,"message":"fputcsv(): the $escape parameter must be provided as its default value will change","file":"/var/www/html/dte /dte_sietelsa/src/services/IvaWorkbookExportService.php","line":523}}
[11-Jun-2026 22:36:29 America/El_Salvador] PHP Deprecated:  fputcsv(): the $escape parameter must be provided as its default value will change in /var/www/html/dte /dte_sietelsa/src/services/IvaWorkbookExportService.php on line 523
[11-Jun-2026 22:36:29 America/El_Salvador] [sietelsa] {"ts":"2026-06-11T22:36:29-06:00","message":"Runtime warning","context":{"severity":8192,"message":"fputcsv(): the $escape parameter must be provided as its default value will change","file":"/var/www/html/dte /dte_sietelsa/src/services/IvaWorkbookExportService.php","line":523}}
[11-Jun-2026 22:36:29 America/El_Salvador] PHP Deprecated:  fputcsv(): the $escape parameter must be provided as its default value will change in /var/www/html/dte /dte_sietelsa/src/services/IvaWorkbookExportService.php on line 523
[11-Jun-2026 22:36:29 America/El_Salvador] [sietelsa] {"ts":"2026-06-11T22:36:29-06:00","message":"Runtime warning","context":{"severity":8192,"message":"fputcsv(): the $escape parameter must be provided as its default value will change","file":"/var/www/html/dte /dte_sietelsa/src/services/IvaWorkbookExportService.php","line":523}}
[11-Jun-2026 22:36:29 America/El_Salvador] PHP Deprecated:  fputcsv(): the $escape parameter must be provided as its default value will change in /var/www/html/dte /dte_sietelsa/src/services/IvaWorkbookExportService.php on line 523
[11-Jun-2026 22:36:29 America/El_Salvador] [sietelsa] {"ts":"2026-06-11T22:36:29-06:00","message":"Runtime warning","context":{"severity":8192,"message":"fputcsv(): the $escape parameter must be provided as its default value will change","file":"/var/www/html/dte /dte_sietelsa/src/services/IvaWorkbookExportService.php","line":523}}
[11-Jun-2026 22:36:29 America/El_Salvador] PHP Deprecated:  fputcsv(): the $escape parameter must be provided as its default value will change in /var/www/html/dte /dte_sietelsa/src/services/IvaWorkbookExportService.php on line 523
[11-Jun-2026 22:36:29 America/El_Salvador] [sietelsa] {"ts":"2026-06-11T22:36:29-06:00","message":"Runtime warning","context":{"severity":8192,"message":"fputcsv(): the $escape parameter must be provided as its default value will change","file":"/var/www/html/dte /dte_sietelsa/src/services/IvaWorkbookExportService.php","line":523}}
[11-Jun-2026 22:36:29 America/El_Salvador] PHP Deprecated:  fputcsv(): the $escape parameter must be provided as its default value will change in /var/www/html/dte /dte_sietelsa/src/services/IvaWorkbookExportService.php on line 523
[11-Jun-2026 22:36:29 America/El_Salvador] [sietelsa] {"ts":"2026-06-11T22:36:29-06:00","message":"Runtime warning","context":{"severity":8192,"message":"fputcsv(): the $escape parameter must be provided as its default value will change","file":"/var/www/html/dte /dte_sietelsa/src/services/IvaWorkbookExportService.php","line":523}}
[11-Jun-2026 22:36:29 America/El_Salvador] PHP Deprecated:  fputcsv(): the $escape parameter must be provided as its default value will change in /var/www/html/dte /dte_sietelsa/src/services/IvaWorkbookExportService.php on line 523
[11-Jun-2026 22:36:29 America/El_Salvador] [sietelsa] {"ts":"2026-06-11T22:36:29-06:00","message":"Runtime warning","context":{"severity":8192,"message":"fputcsv(): the $escape parameter must be provided as its default value will change","file":"/var/www/html/dte /dte_sietelsa/src/services/IvaWorkbookExportService.php","line":523}}
[11-Jun-2026 22:36:29 America/El_Salvador] PHP Deprecated:  fputcsv(): the $escape parameter must be provided as its default value will change in /var/www/html/dte /dte_sietelsa/src/services/IvaWorkbookExportService.php on line 523
[11-Jun-2026 22:36:29 America/El_Salvador] [sietelsa] {"ts":"2026-06-11T22:36:29-06:00","message":"Runtime warning","context":{"severity":8192,"message":"fputcsv(): the $escape parameter must be provided as its default value will change","file":"/var/www/html/dte /dte_sietelsa/src/services/IvaWorkbookExportService.php","line":523}}
[11-Jun-2026 22:36:29 America/El_Salvador] PHP Deprecated:  fputcsv(): the $escape parameter must be provided as its default value will change in /var/www/html/dte /dte_sietelsa/src/services/IvaWorkbookExportService.php on line 523
[11-Jun-2026 22:36:29 America/El_Salvador] [sietelsa] {"ts":"2026-06-11T22:36:29-06:00","message":"Runtime warning","context":{"severity":8192,"message":"fputcsv(): the $escape parameter must be provided as its default value will change","file":"/var/www/html/dte /dte_sietelsa/src/services/IvaWorkbookExportService.php","line":523}}
[11-Jun-2026 22:36:29 America/El_Salvador] PHP Deprecated:  fputcsv(): the $escape parameter must be provided as its default value will change in /var/www/html/dte /dte_sietelsa/src/services/IvaWorkbookExportService.php on line 523
[11-Jun-2026 22:36:29 America/El_Salvador] [sietelsa] {"ts":"2026-06-11T22:36:29-06:00","message":"Runtime warning","context":{"severity":8192,"message":"fputcsv(): the $escape parameter must be provided as its default value will change","file":"/var/www/html/dte /dte_sietelsa/src/services/IvaWorkbookExportService.php","line":523}}
[11-Jun-2026 22:36:29 America/El_Salvador] PHP Deprecated:  fputcsv(): the $escape parameter must be provided as its default value will change in /var/www/html/dte /dte_sietelsa/src/services/IvaWorkbookExportService.php on line 523
[11-Jun-2026 22:36:29 America/El_Salvador] [sietelsa] {"ts":"2026-06-11T22:36:29-06:00","message":"Runtime warning","context":{"severity":8192,"message":"fputcsv(): the $escape parameter must be provided as its default value will change","file":"/var/www/html/dte /dte_sietelsa/src/services/IvaWorkbookExportService.php","line":523}}
[11-Jun-2026 22:36:29 America/El_Salvador] PHP Deprecated:  fputcsv(): the $escape parameter must be provided as its default value will change in /var/www/html/dte /dte_sietelsa/src/services/IvaWorkbookExportService.php on line 523
[11-Jun-2026 22:36:29 America/El_Salvador] [sietelsa] {"ts":"2026-06-11T22:36:29-06:00","message":"Runtime warning","context":{"severity":8192,"message":"fputcsv(): the $escape parameter must be provided as its default value will change","file":"/var/www/html/dte /dte_sietelsa/src/services/IvaWorkbookExportService.php","line":523}}
[11-Jun-2026 22:36:29 America/El_Salvador] PHP Deprecated:  fputcsv(): the $escape parameter must be provided as its default value will change in /var/www/html/dte /dte_sietelsa/src/services/IvaWorkbookExportService.php on line 523
[11-Jun-2026 22:36:29 America/El_Salvador] [sietelsa] {"ts":"2026-06-11T22:36:29-06:00","message":"Runtime warning","context":{"severity":8192,"message":"fputcsv(): the $escape parameter must be provided as its default value will change","file":"/var/www/html/dte /dte_sietelsa/src/services/IvaWorkbookExportService.php","line":523}}
[11-Jun-2026 22:36:29 America/El_Salvador] PHP Deprecated:  fputcsv(): the $escape parameter must be provided as its default value will change in /var/www/html/dte /dte_sietelsa/src/services/IvaWorkbookExportService.php on line 523
[11-Jun-2026 22:36:29 America/El_Salvador] [sietelsa] {"ts":"2026-06-11T22:36:29-06:00","message":"Runtime warning","context":{"severity":8192,"message":"fputcsv(): the $escape parameter must be provided as its default value will change","file":"/var/www/html/dte /dte_sietelsa/src/services/IvaWorkbookExportService.php","line":523}}
[11-Jun-2026 22:36:29 America/El_Salvador] PHP Deprecated:  fputcsv(): the $escape parameter must be provided as its default value will change in /var/www/html/dte /dte_sietelsa/src/services/IvaWorkbookExportService.php on line 523
[11-Jun-2026 22:36:29 America/El_Salvador] [sietelsa] {"ts":"2026-06-11T22:36:29-06:00","message":"Runtime warning","context":{"severity":8192,"message":"fputcsv(): the $escape parameter must be provided as its default value will change","file":"/var/www/html/dte /dte_sietelsa/src/services/IvaWorkbookExportService.php","line":523}}
[11-Jun-2026 22:36:29 America/El_Salvador] PHP Deprecated:  fputcsv(): the $escape parameter must be provided as its default value will change in /var/www/html/dte /dte_sietelsa/src/services/IvaWorkbookExportService.php on line 523
[11-Jun-2026 22:36:29 America/El_Salvador] [sietelsa] {"ts":"2026-06-11T22:36:29-06:00","message":"Runtime warning","context":{"severity":8192,"message":"fputcsv(): the $escape parameter must be provided as its default value will change","file":"/var/www/html/dte /dte_sietelsa/src/services/IvaWorkbookExportService.php","line":523}}
[11-Jun-2026 22:36:29 America/El_Salvador] PHP Deprecated:  fputcsv(): the $escape parameter must be provided as its default value will change in /var/www/html/dte /dte_sietelsa/src/services/IvaWorkbookExportService.php on line 523
[11-Jun-2026 22:36:29 America/El_Salvador] [sietelsa] {"ts":"2026-06-11T22:36:29-06:00","message":"Runtime warning","context":{"severity":8192,"message":"fputcsv(): the $escape parameter must be provided as its default value will change","file":"/var/www/html/dte /dte_sietelsa/src/services/IvaWorkbookExportService.php","line":523}}
[11-Jun-2026 22:36:29 America/El_Salvador] PHP Deprecated:  fputcsv(): the $escape parameter must be provided as its default value will change in /var/www/html/dte /dte_sietelsa/src/services/IvaWorkbookExportService.php on line 523
[11-Jun-2026 22:36:29 America/El_Salvador] [sietelsa] {"ts":"2026-06-11T22:36:29-06:00","message":"Runtime warning","context":{"severity":8192,"message":"fputcsv(): the $escape parameter must be provided as its default value will change","file":"/var/www/html/dte /dte_sietelsa/src/services/IvaWorkbookExportService.php","line":523}}
[11-Jun-2026 22:36:29 America/El_Salvador] PHP Deprecated:  fputcsv(): the $escape parameter must be provided as its default value will change in /var/www/html/dte /dte_sietelsa/src/services/IvaWorkbookExportService.php on line 523
[11-Jun-2026 22:36:29 America/El_Salvador] [sietelsa] {"ts":"2026-06-11T22:36:29-06:00","message":"Runtime warning","context":{"severity":8192,"message":"fputcsv(): the $escape parameter must be provided as its default value will change","file":"/var/www/html/dte /dte_sietelsa/src/services/IvaWorkbookExportService.php","line":523}}
[11-Jun-2026 22:36:29 America/El_Salvador] PHP Deprecated:  fputcsv(): the $escape parameter must be provided as its default value will change in /var/www/html/dte /dte_sietelsa/src/services/IvaWorkbookExportService.php on line 523
[11-Jun-2026 22:36:29 America/El_Salvador] [sietelsa] {"ts":"2026-06-11T22:36:29-06:00","message":"Runtime warning","context":{"severity":8192,"message":"fputcsv(): the $escape parameter must be provided as its default value will change","file":"/var/www/html/dte /dte_sietelsa/src/services/IvaWorkbookExportService.php","line":523}}
[11-Jun-2026 22:36:29 America/El_Salvador] PHP Deprecated:  fputcsv(): the $escape parameter must be provided as its default value will change in /var/www/html/dte /dte_sietelsa/src/services/IvaWorkbookExportService.php on line 523
[11-Jun-2026 22:36:29 America/El_Salvador] [sietelsa] {"ts":"2026-06-11T22:36:29-06:00","message":"Runtime warning","context":{"severity":8192,"message":"fputcsv(): the $escape parameter must be provided as its default value will change","file":"/var/www/html/dte /dte_sietelsa/src/services/IvaWorkbookExportService.php","line":523}}
[11-Jun-2026 22:36:29 America/El_Salvador] PHP Deprecated:  fputcsv(): the $escape parameter must be provided as its default value will change in /var/www/html/dte /dte_sietelsa/src/services/IvaWorkbookExportService.php on line 523
[11-Jun-2026 22:36:29 America/El_Salvador] [sietelsa] {"ts":"2026-06-11T22:36:29-06:00","message":"Runtime warning","context":{"severity":8192,"message":"fputcsv(): the $escape parameter must be provided as its default value will change","file":"/var/www/html/dte /dte_sietelsa/src/services/IvaWorkbookExportService.php","line":523}}
[11-Jun-2026 22:36:29 America/El_Salvador] PHP Deprecated:  fputcsv(): the $escape parameter must be provided as its default value will change in /var/www/html/dte /dte_sietelsa/src/services/IvaWorkbookExportService.php on line 523
[11-Jun-2026 22:36:29 America/El_Salvador] [sietelsa] {"ts":"2026-06-11T22:36:29-06:00","message":"Runtime warning","context":{"severity":8192,"message":"fputcsv(): the $escape parameter must be provided as its default value will change","file":"/var/www/html/dte /dte_sietelsa/src/services/IvaWorkbookExportService.php","line":523}}
[11-Jun-2026 22:36:29 America/El_Salvador] PHP Deprecated:  fputcsv(): the $escape parameter must be provided as its default value will change in /var/www/html/dte /dte_sietelsa/src/services/IvaWorkbookExportService.php on line 523
[11-Jun-2026 22:36:29 America/El_Salvador] [sietelsa] {"ts":"2026-06-11T22:36:29-06:00","message":"Runtime warning","context":{"severity":8192,"message":"fputcsv(): the $escape parameter must be provided as its default value will change","file":"/var/www/html/dte /dte_sietelsa/src/services/IvaWorkbookExportService.php","line":523}}
[11-Jun-2026 22:36:29 America/El_Salvador] PHP Deprecated:  fputcsv(): the $escape parameter must be provided as its default value will change in /var/www/html/dte /dte_sietelsa/src/services/IvaWorkbookExportService.php on line 523
[11-Jun-2026 22:36:29 America/El_Salvador] [sietelsa] {"ts":"2026-06-11T22:36:29-06:00","message":"Runtime warning","context":{"severity":8192,"message":"fputcsv(): the $escape parameter must be provided as its default value will change","file":"/var/www/html/dte /dte_sietelsa/src/services/IvaWorkbookExportService.php","line":523}}
[11-Jun-2026 22:36:29 America/El_Salvador] PHP Deprecated:  fputcsv(): the $escape parameter must be provided as its default value will change in /var/www/html/dte /dte_sietelsa/src/services/IvaWorkbookExportService.php on line 523
[11-Jun-2026 22:36:29 America/El_Salvador] [sietelsa] {"ts":"2026-06-11T22:36:29-06:00","message":"Runtime warning","context":{"severity":8192,"message":"fputcsv(): the $escape parameter must be provided as its default value will change","file":"/var/www/html/dte /dte_sietelsa/src/services/IvaWorkbookExportService.php","line":523}}
[11-Jun-2026 22:36:29 America/El_Salvador] PHP Deprecated:  fputcsv(): the $escape parameter must be provided as its default value will change in /var/www/html/dte /dte_sietelsa/src/services/IvaWorkbookExportService.php on line 523
[11-Jun-2026 22:36:29 America/El_Salvador] [sietelsa] {"ts":"2026-06-11T22:36:29-06:00","message":"Runtime warning","context":{"severity":8192,"message":"fputcsv(): the $escape parameter must be provided as its default value will change","file":"/var/www/html/dte /dte_sietelsa/src/services/IvaWorkbookExportService.php","line":523}}
[11-Jun-2026 22:36:29 America/El_Salvador] PHP Deprecated:  fputcsv(): the $escape parameter must be provided as its default value will change in /var/www/html/dte /dte_sietelsa/src/services/IvaWorkbookExportService.php on line 523
[11-Jun-2026 22:36:29 America/El_Salvador] [sietelsa] {"ts":"2026-06-11T22:36:29-06:00","message":"Runtime warning","context":{"severity":8192,"message":"fputcsv(): the $escape parameter must be provided as its default value will change","file":"/var/www/html/dte /dte_sietelsa/src/services/IvaWorkbookExportService.php","line":523}}
[11-Jun-2026 22:36:29 America/El_Salvador] PHP Deprecated:  fputcsv(): the $escape parameter must be provided as its default value will change in /var/www/html/dte /dte_sietelsa/src/services/IvaWorkbookExportService.php on line 523
[11-Jun-2026 22:36:29 America/El_Salvador] [sietelsa] {"ts":"2026-06-11T22:36:29-06:00","message":"Runtime warning","context":{"severity":8192,"message":"fputcsv(): the $escape parameter must be provided as its default value will change","file":"/var/www/html/dte /dte_sietelsa/src/services/IvaWorkbookExportService.php","line":523}}
[11-Jun-2026 22:36:29 America/El_Salvador] PHP Deprecated:  fputcsv(): the $escape parameter must be provided as its default value will change in /var/www/html/dte /dte_sietelsa/src/services/IvaWorkbookExportService.php on line 523
[11-Jun-2026 22:36:29 America/El_Salvador] [sietelsa] {"ts":"2026-06-11T22:36:29-06:00","message":"Runtime warning","context":{"severity":8192,"message":"fputcsv(): the $escape parameter must be provided as its default value will change","file":"/var/www/html/dte /dte_sietelsa/src/services/IvaWorkbookExportService.php","line":523}}
[11-Jun-2026 22:36:29 America/El_Salvador] PHP Deprecated:  fputcsv(): the $escape parameter must be provided as its default value will change in /var/www/html/dte /dte_sietelsa/src/services/IvaWorkbookExportService.php on line 523
[11-Jun-2026 22:36:29 America/El_Salvador] [sietelsa] {"ts":"2026-06-11T22:36:29-06:00","message":"Runtime warning","context":{"severity":8192,"message":"fputcsv(): the $escape parameter must be provided as its default value will change","file":"/var/www/html/dte /dte_sietelsa/src/services/IvaWorkbookExportService.php","line":523}}
[11-Jun-2026 22:36:29 America/El_Salvador] PHP Deprecated:  fputcsv(): the $escape parameter must be provided as its default value will change in /var/www/html/dte /dte_sietelsa/src/services/IvaWorkbookExportService.php on line 523
[11-Jun-2026 22:36:29 America/El_Salvador] [sietelsa] {"ts":"2026-06-11T22:36:29-06:00","message":"Runtime warning","context":{"severity":8192,"message":"fputcsv(): the $escape parameter must be provided as its default value will change","file":"/var/www/html/dte /dte_sietelsa/src/services/IvaWorkbookExportService.php","line":523}}
[11-Jun-2026 22:36:29 America/El_Salvador] PHP Deprecated:  fputcsv(): the $escape parameter must be provided as its default value will change in /var/www/html/dte /dte_sietelsa/src/services/IvaWorkbookExportService.php on line 523
[11-Jun-2026 22:36:29 America/El_Salvador] [sietelsa] {"ts":"2026-06-11T22:36:29-06:00","message":"Runtime warning","context":{"severity":8192,"message":"fputcsv(): the $escape parameter must be provided as its default value will change","file":"/var/www/html/dte /dte_sietelsa/src/services/IvaWorkbookExportService.php","line":523}}
[11-Jun-2026 22:36:29 America/El_Salvador] PHP Deprecated:  fputcsv(): the $escape parameter must be provided as its default value will change in /var/www/html/dte /dte_sietelsa/src/services/IvaWorkbookExportService.php on line 523
[11-Jun-2026 22:36:29 America/El_Salvador] [sietelsa] {"ts":"2026-06-11T22:36:29-06:00","message":"Runtime warning","context":{"severity":8192,"message":"fputcsv(): the $escape parameter must be provided as its default value will change","file":"/var/www/html/dte /dte_sietelsa/src/services/IvaWorkbookExportService.php","line":523}}
[11-Jun-2026 22:36:29 America/El_Salvador] PHP Deprecated:  fputcsv(): the $escape parameter must be provided as its default value will change in /var/www/html/dte /dte_sietelsa/src/services/IvaWorkbookExportService.php on line 523
[11-Jun-2026 22:36:29 America/El_Salvador] [sietelsa] {"ts":"2026-06-11T22:36:29-06:00","message":"Runtime warning","context":{"severity":8192,"message":"fputcsv(): the $escape parameter must be provided as its default value will change","file":"/var/www/html/dte /dte_sietelsa/src/services/IvaWorkbookExportService.php","line":523}}
[11-Jun-2026 22:36:29 America/El_Salvador] PHP Deprecated:  fputcsv(): the $escape parameter must be provided as its default value will change in /var/www/html/dte /dte_sietelsa/src/services/IvaWorkbookExportService.php on line 523
[11-Jun-2026 22:36:29 America/El_Salvador] [sietelsa] {"ts":"2026-06-11T22:36:29-06:00","message":"Runtime warning","context":{"severity":8192,"message":"fputcsv(): the $escape parameter must be provided as its default value will change","file":"/var/www/html/dte /dte_sietelsa/src/services/IvaWorkbookExportService.php","line":523}}
[11-Jun-2026 22:36:29 America/El_Salvador] PHP Deprecated:  fputcsv(): the $escape parameter must be provided as its default value will change in /var/www/html/dte /dte_sietelsa/src/services/IvaWorkbookExportService.php on line 523
[11-Jun-2026 22:36:29 America/El_Salvador] [sietelsa] {"ts":"2026-06-11T22:36:29-06:00","message":"Runtime warning","context":{"severity":8192,"message":"fputcsv(): the $escape parameter must be provided as its default value will change","file":"/var/www/html/dte /dte_sietelsa/src/services/IvaWorkbookExportService.php","line":523}}
[11-Jun-2026 22:36:29 America/El_Salvador] PHP Deprecated:  fputcsv(): the $escape parameter must be provided as its default value will change in /var/www/html/dte /dte_sietelsa/src/services/IvaWorkbookExportService.php on line 523
[11-Jun-2026 22:36:29 America/El_Salvador] [sietelsa] {"ts":"2026-06-11T22:36:29-06:00","message":"Runtime warning","context":{"severity":8192,"message":"fputcsv(): the $escape parameter must be provided as its default value will change","file":"/var/www/html/dte /dte_sietelsa/src/services/IvaWorkbookExportService.php","line":523}}
[11-Jun-2026 22:36:29 America/El_Salvador] PHP Deprecated:  fputcsv(): the $escape parameter must be provided as its default value will change in /var/www/html/dte /dte_sietelsa/src/services/IvaWorkbookExportService.php on line 523
[11-Jun-2026 22:36:29 America/El_Salvador] [sietelsa] {"ts":"2026-06-11T22:36:29-06:00","message":"Runtime warning","context":{"severity":8192,"message":"fputcsv(): the $escape parameter must be provided as its default value will change","file":"/var/www/html/dte /dte_sietelsa/src/services/IvaWorkbookExportService.php","line":523}}
[11-Jun-2026 22:36:29 America/El_Salvador] PHP Deprecated:  fputcsv(): the $escape parameter must be provided as its default value will change in /var/www/html/dte /dte_sietelsa/src/services/IvaWorkbookExportService.php on line 523
[11-Jun-2026 22:36:29 America/El_Salvador] [sietelsa] {"ts":"2026-06-11T22:36:29-06:00","message":"Runtime warning","context":{"severity":8192,"message":"fputcsv(): the $escape parameter must be provided as its default value will change","file":"/var/www/html/dte /dte_sietelsa/src/services/IvaWorkbookExportService.php","line":523}}
[11-Jun-2026 22:36:29 America/El_Salvador] PHP Deprecated:  fputcsv(): the $escape parameter must be provided as its default value will change in /var/www/html/dte /dte_sietelsa/src/services/IvaWorkbookExportService.php on line 523
[11-Jun-2026 22:36:29 America/El_Salvador] [sietelsa] {"ts":"2026-06-11T22:36:29-06:00","message":"Runtime warning","context":{"severity":8192,"message":"fputcsv(): the $escape parameter must be provided as its default value will change","file":"/var/www/html/dte /dte_sietelsa/src/services/IvaWorkbookExportService.php","line":523}}
[11-Jun-2026 22:36:29 America/El_Salvador] PHP Deprecated:  fputcsv(): the $escape parameter must be provided as its default value will change in /var/www/html/dte /dte_sietelsa/src/services/IvaWorkbookExportService.php on line 523
[11-Jun-2026 22:36:29 America/El_Salvador] [sietelsa] {"ts":"2026-06-11T22:36:29-06:00","message":"Runtime warning","context":{"severity":8192,"message":"fputcsv(): the $escape parameter must be provided as its default value will change","file":"/var/www/html/dte /dte_sietelsa/src/services/IvaWorkbookExportService.php","line":523}}
[11-Jun-2026 22:36:29 America/El_Salvador] PHP Deprecated:  fputcsv(): the $escape parameter must be provided as its default value will change in /var/www/html/dte /dte_sietelsa/src/services/IvaWorkbookExportService.php on line 523
[11-Jun-2026 22:36:29 America/El_Salvador] [sietelsa] {"ts":"2026-06-11T22:36:29-06:00","message":"Runtime warning","context":{"severity":8192,"message":"fputcsv(): the $escape parameter must be provided as its default value will change","file":"/var/www/html/dte /dte_sietelsa/src/services/IvaWorkbookExportService.php","line":523}}
[11-Jun-2026 22:36:29 America/El_Salvador] PHP Deprecated:  fputcsv(): the $escape parameter must be provided as its default value will change in /var/www/html/dte /dte_sietelsa/src/services/IvaWorkbookExportService.php on line 523
[11-Jun-2026 22:36:29 America/El_Salvador] [sietelsa] {"ts":"2026-06-11T22:36:29-06:00","message":"Runtime warning","context":{"severity":8192,"message":"fputcsv(): the $escape parameter must be provided as its default value will change","file":"/var/www/html/dte /dte_sietelsa/src/services/IvaWorkbookExportService.php","line":523}}
[11-Jun-2026 22:36:29 America/El_Salvador] PHP Deprecated:  fputcsv(): the $escape parameter must be provided as its default value will change in /var/www/html/dte /dte_sietelsa/src/services/IvaWorkbookExportService.php on line 523
[11-Jun-2026 22:36:29 America/El_Salvador] [sietelsa] {"ts":"2026-06-11T22:36:29-06:00","message":"Runtime warning","context":{"severity":8192,"message":"fputcsv(): the $escape parameter must be provided as its default value will change","file":"/var/www/html/dte /dte_sietelsa/src/services/IvaWorkbookExportService.php","line":523}}
[11-Jun-2026 22:36:29 America/El_Salvador] PHP Deprecated:  fputcsv(): the $escape parameter must be provided as its default value will change in /var/www/html/dte /dte_sietelsa/src/services/IvaWorkbookExportService.php on line 523
[11-Jun-2026 22:36:29 America/El_Salvador] [sietelsa] {"ts":"2026-06-11T22:36:29-06:00","message":"Runtime warning","context":{"severity":8192,"message":"fputcsv(): the $escape parameter must be provided as its default value will change","file":"/var/www/html/dte /dte_sietelsa/src/services/IvaWorkbookExportService.php","line":523}}
[11-Jun-2026 22:36:29 America/El_Salvador] PHP Deprecated:  fputcsv(): the $escape parameter must be provided as its default value will change in /var/www/html/dte /dte_sietelsa/src/services/IvaWorkbookExportService.php on line 523
[11-Jun-2026 22:36:29 America/El_Salvador] [sietelsa] {"ts":"2026-06-11T22:36:29-06:00","message":"Runtime warning","context":{"severity":8192,"message":"fputcsv(): the $escape parameter must be provided as its default value will change","file":"/var/www/html/dte /dte_sietelsa/src/services/IvaWorkbookExportService.php","line":523}}
[11-Jun-2026 22:36:29 America/El_Salvador] PHP Deprecated:  fputcsv(): the $escape parameter must be provided as its default value will change in /var/www/html/dte /dte_sietelsa/src/services/IvaWorkbookExportService.php on line 523
[11-Jun-2026 22:36:29 America/El_Salvador] [sietelsa] {"ts":"2026-06-11T22:36:29-06:00","message":"Runtime warning","context":{"severity":8192,"message":"fputcsv(): the $escape parameter must be provided as its default value will change","file":"/var/www/html/dte /dte_sietelsa/src/services/IvaWorkbookExportService.php","line":523}}
[11-Jun-2026 22:36:29 America/El_Salvador] PHP Deprecated:  fputcsv(): the $escape parameter must be provided as its default value will change in /var/www/html/dte /dte_sietelsa/src/services/IvaWorkbookExportService.php on line 523
[11-Jun-2026 22:36:29 America/El_Salvador] [sietelsa] {"ts":"2026-06-11T22:36:29-06:00","message":"Runtime warning","context":{"severity":8192,"message":"fputcsv(): the $escape parameter must be provided as its default value will change","file":"/var/www/html/dte /dte_sietelsa/src/services/IvaWorkbookExportService.php","line":523}}
[11-Jun-2026 22:36:29 America/El_Salvador] PHP Deprecated:  fputcsv(): the $escape parameter must be provided as its default value will change in /var/www/html/dte /dte_sietelsa/src/services/IvaWorkbookExportService.php on line 523
[11-Jun-2026 22:36:29 America/El_Salvador] [sietelsa] {"ts":"2026-06-11T22:36:29-06:00","message":"Runtime warning","context":{"severity":8192,"message":"fputcsv(): the $escape parameter must be provided as its default value will change","file":"/var/www/html/dte /dte_sietelsa/src/services/IvaWorkbookExportService.php","line":523}}
[11-Jun-2026 22:36:29 America/El_Salvador] PHP Deprecated:  fputcsv(): the $escape parameter must be provided as its default value will change in /var/www/html/dte /dte_sietelsa/src/services/IvaWorkbookExportService.php on line 523
[11-Jun-2026 22:36:29 America/El_Salvador] [sietelsa] {"ts":"2026-06-11T22:36:29-06:00","message":"Runtime warning","context":{"severity":8192,"message":"fputcsv(): the $escape parameter must be provided as its default value will change","file":"/var/www/html/dte /dte_sietelsa/src/services/IvaWorkbookExportService.php","line":523}}
[11-Jun-2026 22:36:29 America/El_Salvador] PHP Deprecated:  fputcsv(): the $escape parameter must be provided as its default value will change in /var/www/html/dte /dte_sietelsa/src/services/IvaWorkbookExportService.php on line 523
[11-Jun-2026 22:36:29 America/El_Salvador] [sietelsa] {"ts":"2026-06-11T22:36:29-06:00","message":"Runtime warning","context":{"severity":8192,"message":"fputcsv(): the $escape parameter must be provided as its default value will change","file":"/var/www/html/dte /dte_sietelsa/src/services/IvaWorkbookExportService.php","line":523}}
[11-Jun-2026 22:36:29 America/El_Salvador] PHP Deprecated:  fputcsv(): the $escape parameter must be provided as its default value will change in /var/www/html/dte /dte_sietelsa/src/services/IvaWorkbookExportService.php on line 523
[11-Jun-2026 22:36:29 America/El_Salvador] [sietelsa] {"ts":"2026-06-11T22:36:29-06:00","message":"Runtime warning","context":{"severity":8192,"message":"fputcsv(): the $escape parameter must be provided as its default value will change","file":"/var/www/html/dte /dte_sietelsa/src/services/IvaWorkbookExportService.php","line":523}}
[11-Jun-2026 22:36:29 America/El_Salvador] PHP Deprecated:  fputcsv(): the $escape parameter must be provided as its default value will change in /var/www/html/dte /dte_sietelsa/src/services/IvaWorkbookExportService.php on line 523
[11-Jun-2026 22:36:29 America/El_Salvador] [sietelsa] {"ts":"2026-06-11T22:36:29-06:00","message":"Runtime warning","context":{"severity":8192,"message":"fputcsv(): the $escape parameter must be provided as its default value will change","file":"/var/www/html/dte /dte_sietelsa/src/services/IvaWorkbookExportService.php","line":523}}
[11-Jun-2026 22:36:29 America/El_Salvador] PHP Deprecated:  fputcsv(): the $escape parameter must be provided as its default value will change in /var/www/html/dte /dte_sietelsa/src/services/IvaWorkbookExportService.php on line 523
[11-Jun-2026 22:36:29 America/El_Salvador] [sietelsa] {"ts":"2026-06-11T22:36:29-06:00","message":"Runtime warning","context":{"severity":8192,"message":"fputcsv(): the $escape parameter must be provided as its default value will change","file":"/var/www/html/dte /dte_sietelsa/src/services/IvaWorkbookExportService.php","line":523}}
[11-Jun-2026 22:36:29 America/El_Salvador] PHP Deprecated:  fputcsv(): the $escape parameter must be provided as its default value will change in /var/www/html/dte /dte_sietelsa/src/services/IvaWorkbookExportService.php on line 523
[11-Jun-2026 22:36:29 America/El_Salvador] [sietelsa] {"ts":"2026-06-11T22:36:29-06:00","message":"Runtime warning","context":{"severity":8192,"message":"fputcsv(): the $escape parameter must be provided as its default value will change","file":"/var/www/html/dte /dte_sietelsa/src/services/IvaWorkbookExportService.php","line":523}}
[11-Jun-2026 22:36:29 America/El_Salvador] PHP Deprecated:  fputcsv(): the $escape parameter must be provided as its default value will change in /var/www/html/dte /dte_sietelsa/src/services/IvaWorkbookExportService.php on line 523
[11-Jun-2026 22:36:29 America/El_Salvador] [sietelsa] {"ts":"2026-06-11T22:36:29-06:00","message":"Runtime warning","context":{"severity":8192,"message":"fputcsv(): the $escape parameter must be provided as its default value will change","file":"/var/www/html/dte /dte_sietelsa/src/services/IvaWorkbookExportService.php","line":523}}
[11-Jun-2026 22:36:29 America/El_Salvador] PHP Deprecated:  fputcsv(): the $escape parameter must be provided as its default value will change in /var/www/html/dte /dte_sietelsa/src/services/IvaWorkbookExportService.php on line 523
[11-Jun-2026 22:36:29 America/El_Salvador] [sietelsa] {"ts":"2026-06-11T22:36:29-06:00","message":"Runtime warning","context":{"severity":8192,"message":"fputcsv(): the $escape parameter must be provided as its default value will change","file":"/var/www/html/dte /dte_sietelsa/src/services/IvaWorkbookExportService.php","line":523}}
[11-Jun-2026 22:36:29 America/El_Salvador] PHP Deprecated:  fputcsv(): the $escape parameter must be provided as its default value will change in /var/www/html/dte /dte_sietelsa/src/services/IvaWorkbookExportService.php on line 523
[11-Jun-2026 22:36:29 America/El_Salvador] [sietelsa] {"ts":"2026-06-11T22:36:29-06:00","message":"Runtime warning","context":{"severity":8192,"message":"fputcsv(): the $escape parameter must be provided as its default value will change","file":"/var/www/html/dte /dte_sietelsa/src/services/IvaWorkbookExportService.php","line":523}}
[11-Jun-2026 22:36:29 America/El_Salvador] PHP Deprecated:  fputcsv(): the $escape parameter must be provided as its default value will change in /var/www/html/dte /dte_sietelsa/src/services/IvaWorkbookExportService.php on line 523
[11-Jun-2026 22:36:29 America/El_Salvador] [sietelsa] {"ts":"2026-06-11T22:36:29-06:00","message":"Runtime warning","context":{"severity":8192,"message":"fputcsv(): the $escape parameter must be provided as its default value will change","file":"/var/www/html/dte /dte_sietelsa/src/services/IvaWorkbookExportService.php","line":523}}
[11-Jun-2026 22:36:29 America/El_Salvador] PHP Deprecated:  fputcsv(): the $escape parameter must be provided as its default value will change in /var/www/html/dte /dte_sietelsa/src/services/IvaWorkbookExportService.php on line 523
[11-Jun-2026 22:36:29 America/El_Salvador] [sietelsa] {"ts":"2026-06-11T22:36:29-06:00","message":"Runtime warning","context":{"severity":8192,"message":"fputcsv(): the $escape parameter must be provided as its default value will change","file":"/var/www/html/dte /dte_sietelsa/src/services/IvaWorkbookExportService.php","line":523}}
[11-Jun-2026 22:36:29 America/El_Salvador] PHP Deprecated:  fputcsv(): the $escape parameter must be provided as its default value will change in /var/www/html/dte /dte_sietelsa/src/services/IvaWorkbookExportService.php on line 523
[11-Jun-2026 22:36:29 America/El_Salvador] [sietelsa] {"ts":"2026-06-11T22:36:29-06:00","message":"Runtime warning","context":{"severity":8192,"message":"fputcsv(): the $escape parameter must be provided as its default value will change","file":"/var/www/html/dte /dte_sietelsa/src/services/IvaWorkbookExportService.php","line":523}}
[11-Jun-2026 22:36:29 America/El_Salvador] PHP Deprecated:  fputcsv(): the $escape parameter must be provided as its default value will change in /var/www/html/dte /dte_sietelsa/src/services/IvaWorkbookExportService.php on line 523
[11-Jun-2026 22:36:29 America/El_Salvador] [sietelsa] {"ts":"2026-06-11T22:36:29-06:00","message":"Runtime warning","context":{"severity":8192,"message":"fputcsv(): the $escape parameter must be provided as its default value will change","file":"/var/www/html/dte /dte_sietelsa/src/services/IvaWorkbookExportService.php","line":523}}
[11-Jun-2026 22:36:29 America/El_Salvador] PHP Deprecated:  fputcsv(): the $escape parameter must be provided as its default value will change in /var/www/html/dte /dte_sietelsa/src/services/IvaWorkbookExportService.php on line 523
[11-Jun-2026 22:36:29 America/El_Salvador] [sietelsa] {"ts":"2026-06-11T22:36:29-06:00","message":"Runtime warning","context":{"severity":8192,"message":"fputcsv(): the $escape parameter must be provided as its default value will change","file":"/var/www/html/dte /dte_sietelsa/src/services/IvaWorkbookExportService.php","line":523}}
[11-Jun-2026 22:36:29 America/El_Salvador] PHP Deprecated:  fputcsv(): the $escape parameter must be provided as its default value will change in /var/www/html/dte /dte_sietelsa/src/services/IvaWorkbookExportService.php on line 523
[11-Jun-2026 22:36:29 America/El_Salvador] [sietelsa] {"ts":"2026-06-11T22:36:29-06:00","message":"Runtime warning","context":{"severity":8192,"message":"fputcsv(): the $escape parameter must be provided as its default value will change","file":"/var/www/html/dte /dte_sietelsa/src/services/IvaWorkbookExportService.php","line":523}}
[11-Jun-2026 22:36:29 America/El_Salvador] PHP Deprecated:  fputcsv(): the $escape parameter must be provided as its default value will change in /var/www/html/dte /dte_sietelsa/src/services/IvaWorkbookExportService.php on line 523
[11-Jun-2026 22:36:29 America/El_Salvador] [sietelsa] {"ts":"2026-06-11T22:36:29-06:00","message":"Runtime warning","context":{"severity":8192,"message":"fputcsv(): the $escape parameter must be provided as its default value will change","file":"/var/www/html/dte /dte_sietelsa/src/services/IvaWorkbookExportService.php","line":523}}
[11-Jun-2026 22:36:29 America/El_Salvador] PHP Deprecated:  fputcsv(): the $escape parameter must be provided as its default value will change in /var/www/html/dte /dte_sietelsa/src/services/IvaWorkbookExportService.php on line 523
[11-Jun-2026 22:36:29 America/El_Salvador] [sietelsa] {"ts":"2026-06-11T22:36:29-06:00","message":"Runtime warning","context":{"severity":8192,"message":"fputcsv(): the $escape parameter must be provided as its default value will change","file":"/var/www/html/dte /dte_sietelsa/src/services/IvaWorkbookExportService.php","line":523}}
[11-Jun-2026 22:36:29 America/El_Salvador] PHP Deprecated:  fputcsv(): the $escape parameter must be provided as its default value will change in /var/www/html/dte /dte_sietelsa/src/services/IvaWorkbookExportService.php on line 523
[11-Jun-2026 22:36:29 America/El_Salvador] [sietelsa] {"ts":"2026-06-11T22:36:29-06:00","message":"Runtime warning","context":{"severity":8192,"message":"fputcsv(): the $escape parameter must be provided as its default value will change","file":"/var/www/html/dte /dte_sietelsa/src/services/IvaWorkbookExportService.php","line":523}}
[11-Jun-2026 22:36:29 America/El_Salvador] PHP Deprecated:  fputcsv(): the $escape parameter must be provided as its default value will change in /var/www/html/dte /dte_sietelsa/src/services/IvaWorkbookExportService.php on line 523
[11-Jun-2026 22:36:29 America/El_Salvador] [sietelsa] {"ts":"2026-06-11T22:36:29-06:00","message":"Runtime warning","context":{"severity":8192,"message":"fputcsv(): the $escape parameter must be provided as its default value will change","file":"/var/www/html/dte /dte_sietelsa/src/services/IvaWorkbookExportService.php","line":523}}
[11-Jun-2026 22:36:29 America/El_Salvador] PHP Deprecated:  fputcsv(): the $escape parameter must be provided as its default value will change in /var/www/html/dte /dte_sietelsa/src/services/IvaWorkbookExportService.php on line 523
[11-Jun-2026 22:36:29 America/El_Salvador] [sietelsa] {"ts":"2026-06-11T22:36:29-06:00","message":"Runtime warning","context":{"severity":8192,"message":"fputcsv(): the $escape parameter must be provided as its default value will change","file":"/var/www/html/dte /dte_sietelsa/src/services/IvaWorkbookExportService.php","line":523}}
[11-Jun-2026 22:36:29 America/El_Salvador] PHP Deprecated:  fputcsv(): the $escape parameter must be provided as its default value will change in /var/www/html/dte /dte_sietelsa/src/services/IvaWorkbookExportService.php on line 523
[11-Jun-2026 22:36:29 America/El_Salvador] [sietelsa] {"ts":"2026-06-11T22:36:29-06:00","message":"Runtime warning","context":{"severity":8192,"message":"fputcsv(): the $escape parameter must be provided as its default value will change","file":"/var/www/html/dte /dte_sietelsa/src/services/IvaWorkbookExportService.php","line":523}}
[11-Jun-2026 22:36:29 America/El_Salvador] PHP Deprecated:  fputcsv(): the $escape parameter must be provided as its default value will change in /var/www/html/dte /dte_sietelsa/src/services/IvaWorkbookExportService.php on line 523
[11-Jun-2026 22:36:29 America/El_Salvador] [sietelsa] {"ts":"2026-06-11T22:36:29-06:00","message":"Runtime warning","context":{"severity":8192,"message":"fputcsv(): the $escape parameter must be provided as its default value will change","file":"/var/www/html/dte /dte_sietelsa/src/services/IvaWorkbookExportService.php","line":523}}
[11-Jun-2026 22:36:29 America/El_Salvador] PHP Deprecated:  fputcsv(): the $escape parameter must be provided as its default value will change in /var/www/html/dte /dte_sietelsa/src/services/IvaWorkbookExportService.php on line 523
[11-Jun-2026 22:36:29 America/El_Salvador] [sietelsa] {"ts":"2026-06-11T22:36:29-06:00","message":"Runtime warning","context":{"severity":8192,"message":"fputcsv(): the $escape parameter must be provided as its default value will change","file":"/var/www/html/dte /dte_sietelsa/src/services/IvaWorkbookExportService.php","line":523}}
[11-Jun-2026 22:36:29 America/El_Salvador] PHP Deprecated:  fputcsv(): the $escape parameter must be provided as its default value will change in /var/www/html/dte /dte_sietelsa/src/services/IvaWorkbookExportService.php on line 523
[11-Jun-2026 22:36:29 America/El_Salvador] [sietelsa] {"ts":"2026-06-11T22:36:29-06:00","message":"Runtime warning","context":{"severity":8192,"message":"fputcsv(): the $escape parameter must be provided as its default value will change","file":"/var/www/html/dte /dte_sietelsa/src/services/IvaWorkbookExportService.php","line":523}}
[11-Jun-2026 22:36:29 America/El_Salvador] PHP Deprecated:  fputcsv(): the $escape parameter must be provided as its default value will change in /var/www/html/dte /dte_sietelsa/src/services/IvaWorkbookExportService.php on line 523
[11-Jun-2026 22:36:29 America/El_Salvador] [sietelsa] {"ts":"2026-06-11T22:36:29-06:00","message":"Runtime warning","context":{"severity":8192,"message":"fputcsv(): the $escape parameter must be provided as its default value will change","file":"/var/www/html/dte /dte_sietelsa/src/services/IvaWorkbookExportService.php","line":523}}
[11-Jun-2026 22:36:29 America/El_Salvador] PHP Deprecated:  fputcsv(): the $escape parameter must be provided as its default value will change in /var/www/html/dte /dte_sietelsa/src/services/IvaWorkbookExportService.php on line 523
[11-Jun-2026 22:36:29 America/El_Salvador] [sietelsa] {"ts":"2026-06-11T22:36:29-06:00","message":"Runtime warning","context":{"severity":8192,"message":"fputcsv(): the $escape parameter must be provided as its default value will change","file":"/var/www/html/dte /dte_sietelsa/src/services/IvaWorkbookExportService.php","line":523}}
[11-Jun-2026 22:36:29 America/El_Salvador] PHP Deprecated:  fputcsv(): the $escape parameter must be provided as its default value will change in /var/www/html/dte /dte_sietelsa/src/services/IvaWorkbookExportService.php on line 523
[11-Jun-2026 22:36:29 America/El_Salvador] [sietelsa] {"ts":"2026-06-11T22:36:29-06:00","message":"Runtime warning","context":{"severity":8192,"message":"fputcsv(): the $escape parameter must be provided as its default value will change","file":"/var/www/html/dte /dte_sietelsa/src/services/IvaWorkbookExportService.php","line":523}}
[11-Jun-2026 22:36:29 America/El_Salvador] PHP Deprecated:  fputcsv(): the $escape parameter must be provided as its default value will change in /var/www/html/dte /dte_sietelsa/src/services/IvaWorkbookExportService.php on line 523
[11-Jun-2026 22:36:29 America/El_Salvador] [sietelsa] {"ts":"2026-06-11T22:36:29-06:00","message":"Runtime warning","context":{"severity":8192,"message":"fputcsv(): the $escape parameter must be provided as its default value will change","file":"/var/www/html/dte /dte_sietelsa/src/services/IvaWorkbookExportService.php","line":523}}
[11-Jun-2026 22:36:29 America/El_Salvador] PHP Deprecated:  fputcsv(): the $escape parameter must be provided as its default value will change in /var/www/html/dte /dte_sietelsa/src/services/IvaWorkbookExportService.php on line 523
[11-Jun-2026 22:36:29 America/El_Salvador] [sietelsa] {"ts":"2026-06-11T22:36:29-06:00","message":"Runtime warning","context":{"severity":8192,"message":"fputcsv(): the $escape parameter must be provided as its default value will change","file":"/var/www/html/dte /dte_sietelsa/src/services/IvaWorkbookExportService.php","line":523}}
[11-Jun-2026 22:36:29 America/El_Salvador] PHP Deprecated:  fputcsv(): the $escape parameter must be provided as its default value will change in /var/www/html/dte /dte_sietelsa/src/services/IvaWorkbookExportService.php on line 523
[11-Jun-2026 22:36:29 America/El_Salvador] [sietelsa] {"ts":"2026-06-11T22:36:29-06:00","message":"Runtime warning","context":{"severity":8192,"message":"fputcsv(): the $escape parameter must be provided as its default value will change","file":"/var/www/html/dte /dte_sietelsa/src/services/IvaWorkbookExportService.php","line":523}}
[11-Jun-2026 22:36:29 America/El_Salvador] PHP Deprecated:  fputcsv(): the $escape parameter must be provided as its default value will change in /var/www/html/dte /dte_sietelsa/src/services/IvaWorkbookExportService.php on line 523
[11-Jun-2026 22:36:29 America/El_Salvador] [sietelsa] {"ts":"2026-06-11T22:36:29-06:00","message":"Runtime warning","context":{"severity":8192,"message":"fputcsv(): the $escape parameter must be provided as its default value will change","file":"/var/www/html/dte /dte_sietelsa/src/services/IvaWorkbookExportService.php","line":523}}
[11-Jun-2026 22:36:29 America/El_Salvador] PHP Deprecated:  fputcsv(): the $escape parameter must be provided as its default value will change in /var/www/html/dte /dte_sietelsa/src/services/IvaWorkbookExportService.php on line 523
[11-Jun-2026 22:36:29 America/El_Salvador] [sietelsa] {"ts":"2026-06-11T22:36:29-06:00","message":"Runtime warning","context":{"severity":8192,"message":"fputcsv(): the $escape parameter must be provided as its default value will change","file":"/var/www/html/dte /dte_sietelsa/src/services/IvaWorkbookExportService.php","line":523}}
[11-Jun-2026 22:36:29 America/El_Salvador] PHP Deprecated:  fputcsv(): the $escape parameter must be provided as its default value will change in /var/www/html/dte /dte_sietelsa/src/services/IvaWorkbookExportService.php on line 523
[11-Jun-2026 22:36:29 America/El_Salvador] [sietelsa] {"ts":"2026-06-11T22:36:29-06:00","message":"Runtime warning","context":{"severity":8192,"message":"fputcsv(): the $escape parameter must be provided as its default value will change","file":"/var/www/html/dte /dte_sietelsa/src/services/IvaWorkbookExportService.php","line":523}}
[11-Jun-2026 22:36:29 America/El_Salvador] PHP Deprecated:  fputcsv(): the $escape parameter must be provided as its default value will change in /var/www/html/dte /dte_sietelsa/src/services/IvaWorkbookExportService.php on line 523
[11-Jun-2026 22:36:29 America/El_Salvador] [sietelsa] {"ts":"2026-06-11T22:36:29-06:00","message":"Runtime warning","context":{"severity":8192,"message":"fputcsv(): the $escape parameter must be provided as its default value will change","file":"/var/www/html/dte /dte_sietelsa/src/services/IvaWorkbookExportService.php","line":523}}
[11-Jun-2026 22:36:29 America/El_Salvador] PHP Deprecated:  fputcsv(): the $escape parameter must be provided as its default value will change in /var/www/html/dte /dte_sietelsa/src/services/IvaWorkbookExportService.php on line 523
[11-Jun-2026 22:36:29 America/El_Salvador] [sietelsa] {"ts":"2026-06-11T22:36:29-06:00","message":"Runtime warning","context":{"severity":8192,"message":"fputcsv(): the $escape parameter must be provided as its default value will change","file":"/var/www/html/dte /dte_sietelsa/src/services/IvaWorkbookExportService.php","line":523}}
[11-Jun-2026 22:36:29 America/El_Salvador] PHP Deprecated:  fputcsv(): the $escape parameter must be provided as its default value will change in /var/www/html/dte /dte_sietelsa/src/services/IvaWorkbookExportService.php on line 523
[11-Jun-2026 22:36:29 America/El_Salvador] [sietelsa] {"ts":"2026-06-11T22:36:29-06:00","message":"Runtime warning","context":{"severity":8192,"message":"fputcsv(): the $escape parameter must be provided as its default value will change","file":"/var/www/html/dte /dte_sietelsa/src/services/IvaWorkbookExportService.php","line":523}}
[11-Jun-2026 22:36:29 America/El_Salvador] PHP Deprecated:  fputcsv(): the $escape parameter must be provided as its default value will change in /var/www/html/dte /dte_sietelsa/src/services/IvaWorkbookExportService.php on line 523
[11-Jun-2026 22:36:29 America/El_Salvador] [sietelsa] {"ts":"2026-06-11T22:36:29-06:00","message":"Runtime warning","context":{"severity":8192,"message":"fputcsv(): the $escape parameter must be provided as its default value will change","file":"/var/www/html/dte /dte_sietelsa/src/services/IvaWorkbookExportService.php","line":523}}
[11-Jun-2026 22:36:29 America/El_Salvador] PHP Deprecated:  fputcsv(): the $escape parameter must be provided as its default value will change in /var/www/html/dte /dte_sietelsa/src/services/IvaWorkbookExportService.php on line 523
[11-Jun-2026 22:36:29 America/El_Salvador] [sietelsa] {"ts":"2026-06-11T22:36:29-06:00","message":"Runtime warning","context":{"severity":8192,"message":"fputcsv(): the $escape parameter must be provided as its default value will change","file":"/var/www/html/dte /dte_sietelsa/src/services/IvaWorkbookExportService.php","line":523}}
[11-Jun-2026 22:36:29 America/El_Salvador] PHP Deprecated:  fputcsv(): the $escape parameter must be provided as its default value will change in /var/www/html/dte /dte_sietelsa/src/services/IvaWorkbookExportService.php on line 523
[11-Jun-2026 22:36:29 America/El_Salvador] [sietelsa] {"ts":"2026-06-11T22:36:29-06:00","message":"Runtime warning","context":{"severity":8192,"message":"fputcsv(): the $escape parameter must be provided as its default value will change","file":"/var/www/html/dte /dte_sietelsa/src/services/IvaWorkbookExportService.php","line":523}}
[11-Jun-2026 22:36:29 America/El_Salvador] PHP Deprecated:  fputcsv(): the $escape parameter must be provided as its default value will change in /var/www/html/dte /dte_sietelsa/src/services/IvaWorkbookExportService.php on line 523
[11-Jun-2026 22:36:29 America/El_Salvador] [sietelsa] {"ts":"2026-06-11T22:36:29-06:00","message":"Runtime warning","context":{"severity":8192,"message":"fputcsv(): the $escape parameter must be provided as its default value will change","file":"/var/www/html/dte /dte_sietelsa/src/services/IvaWorkbookExportService.php","line":523}}
[11-Jun-2026 22:36:29 America/El_Salvador] PHP Deprecated:  fputcsv(): the $escape parameter must be provided as its default value will change in /var/www/html/dte /dte_sietelsa/src/services/IvaWorkbookExportService.php on line 523
[11-Jun-2026 22:36:29 America/El_Salvador] [sietelsa] {"ts":"2026-06-11T22:36:29-06:00","message":"Runtime warning","context":{"severity":8192,"message":"fputcsv(): the $escape parameter must be provided as its default value will change","file":"/var/www/html/dte /dte_sietelsa/src/services/IvaWorkbookExportService.php","line":523}}
[11-Jun-2026 22:36:29 America/El_Salvador] PHP Deprecated:  fputcsv(): the $escape parameter must be provided as its default value will change in /var/www/html/dte /dte_sietelsa/src/services/IvaWorkbookExportService.php on line 523
[11-Jun-2026 22:36:29 America/El_Salvador] [sietelsa] {"ts":"2026-06-11T22:36:29-06:00","message":"Runtime warning","context":{"severity":8192,"message":"fputcsv(): the $escape parameter must be provided as its default value will change","file":"/var/www/html/dte /dte_sietelsa/src/services/IvaWorkbookExportService.php","line":523}}
[11-Jun-2026 22:36:29 America/El_Salvador] PHP Deprecated:  fputcsv(): the $escape parameter must be provided as its default value will change in /var/www/html/dte /dte_sietelsa/src/services/IvaWorkbookExportService.php on line 523
[11-Jun-2026 22:36:29 America/El_Salvador] [sietelsa] {"ts":"2026-06-11T22:36:29-06:00","message":"Runtime warning","context":{"severity":8192,"message":"fputcsv(): the $escape parameter must be provided as its default value will change","file":"/var/www/html/dte /dte_sietelsa/src/services/IvaWorkbookExportService.php","line":523}}
[11-Jun-2026 22:36:29 America/El_Salvador] PHP Deprecated:  fputcsv(): the $escape parameter must be provided as its default value will change in /var/www/html/dte /dte_sietelsa/src/services/IvaWorkbookExportService.php on line 523
[11-Jun-2026 22:36:29 America/El_Salvador] [sietelsa] {"ts":"2026-06-11T22:36:29-06:00","message":"Runtime warning","context":{"severity":8192,"message":"fputcsv(): the $escape parameter must be provided as its default value will change","file":"/var/www/html/dte /dte_sietelsa/src/services/IvaWorkbookExportService.php","line":523}}
[11-Jun-2026 22:36:29 America/El_Salvador] PHP Deprecated:  fputcsv(): the $escape parameter must be provided as its default value will change in /var/www/html/dte /dte_sietelsa/src/services/IvaWorkbookExportService.php on line 523
[11-Jun-2026 22:36:29 America/El_Salvador] [sietelsa] {"ts":"2026-06-11T22:36:29-06:00","message":"Runtime warning","context":{"severity":8192,"message":"fputcsv(): the $escape parameter must be provided as its default value will change","file":"/var/www/html/dte /dte_sietelsa/src/services/IvaWorkbookExportService.php","line":523}}
[11-Jun-2026 22:36:29 America/El_Salvador] PHP Deprecated:  fputcsv(): the $escape parameter must be provided as its default value will change in /var/www/html/dte /dte_sietelsa/src/services/IvaWorkbookExportService.php on line 523
[11-Jun-2026 22:36:29 America/El_Salvador] [sietelsa] {"ts":"2026-06-11T22:36:29-06:00","message":"Runtime warning","context":{"severity":8192,"message":"fputcsv(): the $escape parameter must be provided as its default value will change","file":"/var/www/html/dte /dte_sietelsa/src/services/IvaWorkbookExportService.php","line":523}}
[11-Jun-2026 22:36:29 America/El_Salvador] PHP Deprecated:  fputcsv(): the $escape parameter must be provided as its default value will change in /var/www/html/dte /dte_sietelsa/src/services/IvaWorkbookExportService.php on line 523
[11-Jun-2026 22:36:29 America/El_Salvador] [sietelsa] {"ts":"2026-06-11T22:36:29-06:00","message":"Runtime warning","context":{"severity":8192,"message":"fputcsv(): the $escape parameter must be provided as its default value will change","file":"/var/www/html/dte /dte_sietelsa/src/services/IvaWorkbookExportService.php","line":523}}
[11-Jun-2026 22:36:29 America/El_Salvador] PHP Deprecated:  fputcsv(): the $escape parameter must be provided as its default value will change in /var/www/html/dte /dte_sietelsa/src/services/IvaWorkbookExportService.php on line 523
[11-Jun-2026 22:36:29 America/El_Salvador] [sietelsa] {"ts":"2026-06-11T22:36:29-06:00","message":"Runtime warning","context":{"severity":8192,"message":"fputcsv(): the $escape parameter must be provided as its default value will change","file":"/var/www/html/dte /dte_sietelsa/src/services/IvaWorkbookExportService.php","line":523}}
[11-Jun-2026 22:36:29 America/El_Salvador] PHP Deprecated:  fputcsv(): the $escape parameter must be provided as its default value will change in /var/www/html/dte /dte_sietelsa/src/services/IvaWorkbookExportService.php on line 523
[11-Jun-2026 22:36:29 America/El_Salvador] [sietelsa] {"ts":"2026-06-11T22:36:29-06:00","message":"Runtime warning","context":{"severity":8192,"message":"fputcsv(): the $escape parameter must be provided as its default value will change","file":"/var/www/html/dte /dte_sietelsa/src/services/IvaWorkbookExportService.php","line":523}}
[11-Jun-2026 22:36:29 America/El_Salvador] PHP Deprecated:  fputcsv(): the $escape parameter must be provided as its default value will change in /var/www/html/dte /dte_sietelsa/src/services/IvaWorkbookExportService.php on line 523
[11-Jun-2026 22:36:29 America/El_Salvador] [sietelsa] {"ts":"2026-06-11T22:36:29-06:00","message":"Runtime warning","context":{"severity":8192,"message":"fputcsv(): the $escape parameter must be provided as its default value will change","file":"/var/www/html/dte /dte_sietelsa/src/services/IvaWorkbookExportService.php","line":523}}
[11-Jun-2026 22:36:29 America/El_Salvador] PHP Deprecated:  fputcsv(): the $escape parameter must be provided as its default value will change in /var/www/html/dte /dte_sietelsa/src/services/IvaWorkbookExportService.php on line 523
[11-Jun-2026 22:36:29 America/El_Salvador] [sietelsa] {"ts":"2026-06-11T22:36:29-06:00","message":"Runtime warning","context":{"severity":8192,"message":"fputcsv(): the $escape parameter must be provided as its default value will change","file":"/var/www/html/dte /dte_sietelsa/src/services/IvaWorkbookExportService.php","line":523}}
[11-Jun-2026 22:36:29 America/El_Salvador] PHP Deprecated:  fputcsv(): the $escape parameter must be provided as its default value will change in /var/www/html/dte /dte_sietelsa/src/services/IvaWorkbookExportService.php on line 523
[11-Jun-2026 22:36:29 America/El_Salvador] [sietelsa] {"ts":"2026-06-11T22:36:29-06:00","message":"Runtime warning","context":{"severity":8192,"message":"fputcsv(): the $escape parameter must be provided as its default value will change","file":"/var/www/html/dte /dte_sietelsa/src/services/IvaWorkbookExportService.php","line":523}}
[11-Jun-2026 22:36:29 America/El_Salvador] PHP Deprecated:  fputcsv(): the $escape parameter must be provided as its default value will change in /var/www/html/dte /dte_sietelsa/src/services/IvaWorkbookExportService.php on line 523
[11-Jun-2026 22:36:29 America/El_Salvador] [sietelsa] {"ts":"2026-06-11T22:36:29-06:00","message":"Runtime warning","context":{"severity":8192,"message":"fputcsv(): the $escape parameter must be provided as its default value will change","file":"/var/www/html/dte /dte_sietelsa/src/services/IvaWorkbookExportService.php","line":523}}
[11-Jun-2026 22:36:29 America/El_Salvador] PHP Deprecated:  fputcsv(): the $escape parameter must be provided as its default value will change in /var/www/html/dte /dte_sietelsa/src/services/IvaWorkbookExportService.php on line 523
[11-Jun-2026 22:36:29 America/El_Salvador] [sietelsa] {"ts":"2026-06-11T22:36:29-06:00","message":"Runtime warning","context":{"severity":8192,"message":"fputcsv(): the $escape parameter must be provided as its default value will change","file":"/var/www/html/dte /dte_sietelsa/src/services/IvaWorkbookExportService.php","line":523}}
[11-Jun-2026 22:36:29 America/El_Salvador] PHP Deprecated:  fputcsv(): the $escape parameter must be provided as its default value will change in /var/www/html/dte /dte_sietelsa/src/services/IvaWorkbookExportService.php on line 523
[11-Jun-2026 22:36:29 America/El_Salvador] [sietelsa] {"ts":"2026-06-11T22:36:29-06:00","message":"Runtime warning","context":{"severity":8192,"message":"fputcsv(): the $escape parameter must be provided as its default value will change","file":"/var/www/html/dte /dte_sietelsa/src/services/IvaWorkbookExportService.php","line":523}}
[11-Jun-2026 22:36:29 America/El_Salvador] PHP Deprecated:  fputcsv(): the $escape parameter must be provided as its default value will change in /var/www/html/dte /dte_sietelsa/src/services/IvaWorkbookExportService.php on line 523
[11-Jun-2026 22:36:29 America/El_Salvador] [sietelsa] {"ts":"2026-06-11T22:36:29-06:00","message":"Runtime warning","context":{"severity":8192,"message":"fputcsv(): the $escape parameter must be provided as its default value will change","file":"/var/www/html/dte /dte_sietelsa/src/services/IvaWorkbookExportService.php","line":523}}
[11-Jun-2026 22:36:29 America/El_Salvador] PHP Deprecated:  fputcsv(): the $escape parameter must be provided as its default value will change in /var/www/html/dte /dte_sietelsa/src/services/IvaWorkbookExportService.php on line 523
[11-Jun-2026 22:36:29 America/El_Salvador] [sietelsa] {"ts":"2026-06-11T22:36:29-06:00","message":"Runtime warning","context":{"severity":8192,"message":"fputcsv(): the $escape parameter must be provided as its default value will change","file":"/var/www/html/dte /dte_sietelsa/src/services/IvaWorkbookExportService.php","line":523}}
[11-Jun-2026 22:36:29 America/El_Salvador] PHP Deprecated:  fputcsv(): the $escape parameter must be provided as its default value will change in /var/www/html/dte /dte_sietelsa/src/services/IvaWorkbookExportService.php on line 523
[11-Jun-2026 22:36:29 America/El_Salvador] [sietelsa] {"ts":"2026-06-11T22:36:29-06:00","message":"Runtime warning","context":{"severity":8192,"message":"fputcsv(): the $escape parameter must be provided as its default value will change","file":"/var/www/html/dte /dte_sietelsa/src/services/IvaWorkbookExportService.php","line":523}}
[11-Jun-2026 22:36:29 America/El_Salvador] PHP Deprecated:  fputcsv(): the $escape parameter must be provided as its default value will change in /var/www/html/dte /dte_sietelsa/src/services/IvaWorkbookExportService.php on line 523
[11-Jun-2026 22:36:29 America/El_Salvador] [sietelsa] {"ts":"2026-06-11T22:36:29-06:00","message":"Runtime warning","context":{"severity":8192,"message":"fputcsv(): the $escape parameter must be provided as its default value will change","file":"/var/www/html/dte /dte_sietelsa/src/services/IvaWorkbookExportService.php","line":523}}
[11-Jun-2026 22:36:29 America/El_Salvador] PHP Deprecated:  fputcsv(): the $escape parameter must be provided as its default value will change in /var/www/html/dte /dte_sietelsa/src/services/IvaWorkbookExportService.php on line 523
[11-Jun-2026 22:36:29 America/El_Salvador] [sietelsa] {"ts":"2026-06-11T22:36:29-06:00","message":"Runtime warning","context":{"severity":8192,"message":"fputcsv(): the $escape parameter must be provided as its default value will change","file":"/var/www/html/dte /dte_sietelsa/src/services/IvaWorkbookExportService.php","line":523}}
[11-Jun-2026 22:36:29 America/El_Salvador] PHP Deprecated:  fputcsv(): the $escape parameter must be provided as its default value will change in /var/www/html/dte /dte_sietelsa/src/services/IvaWorkbookExportService.php on line 523
[11-Jun-2026 22:36:29 America/El_Salvador] [sietelsa] {"ts":"2026-06-11T22:36:29-06:00","message":"Runtime warning","context":{"severity":8192,"message":"fputcsv(): the $escape parameter must be provided as its default value will change","file":"/var/www/html/dte /dte_sietelsa/src/services/IvaWorkbookExportService.php","line":523}}
[11-Jun-2026 22:36:29 America/El_Salvador] PHP Deprecated:  fputcsv(): the $escape parameter must be provided as its default value will change in /var/www/html/dte /dte_sietelsa/src/services/IvaWorkbookExportService.php on line 523
[11-Jun-2026 22:36:29 America/El_Salvador] [sietelsa] {"ts":"2026-06-11T22:36:29-06:00","message":"Runtime warning","context":{"severity":8192,"message":"fputcsv(): the $escape parameter must be provided as its default value will change","file":"/var/www/html/dte /dte_sietelsa/src/services/IvaWorkbookExportService.php","line":523}}
[11-Jun-2026 22:36:29 America/El_Salvador] PHP Deprecated:  fputcsv(): the $escape parameter must be provided as its default value will change in /var/www/html/dte /dte_sietelsa/src/services/IvaWorkbookExportService.php on line 523
[11-Jun-2026 22:36:29 America/El_Salvador] [sietelsa] {"ts":"2026-06-11T22:36:29-06:00","message":"Runtime warning","context":{"severity":8192,"message":"fputcsv(): the $escape parameter must be provided as its default value will change","file":"/var/www/html/dte /dte_sietelsa/src/services/IvaWorkbookExportService.php","line":523}}
[11-Jun-2026 22:36:29 America/El_Salvador] PHP Deprecated:  fputcsv(): the $escape parameter must be provided as its default value will change in /var/www/html/dte /dte_sietelsa/src/services/IvaWorkbookExportService.php on line 523
[11-Jun-2026 22:36:29 America/El_Salvador] [sietelsa] {"ts":"2026-06-11T22:36:29-06:00","message":"Runtime warning","context":{"severity":8192,"message":"fputcsv(): the $escape parameter must be provided as its default value will change","file":"/var/www/html/dte /dte_sietelsa/src/services/IvaWorkbookExportService.php","line":523}}
[11-Jun-2026 22:36:29 America/El_Salvador] PHP Deprecated:  fputcsv(): the $escape parameter must be provided as its default value will change in /var/www/html/dte /dte_sietelsa/src/services/IvaWorkbookExportService.php on line 523
[11-Jun-2026 22:36:29 America/El_Salvador] [sietelsa] {"ts":"2026-06-11T22:36:29-06:00","message":"Runtime warning","context":{"severity":8192,"message":"fputcsv(): the $escape parameter must be provided as its default value will change","file":"/var/www/html/dte /dte_sietelsa/src/services/IvaWorkbookExportService.php","line":523}}
[11-Jun-2026 22:36:29 America/El_Salvador] PHP Deprecated:  fputcsv(): the $escape parameter must be provided as its default value will change in /var/www/html/dte /dte_sietelsa/src/services/IvaWorkbookExportService.php on line 523
[11-Jun-2026 22:36:29 America/El_Salvador] [sietelsa] {"ts":"2026-06-11T22:36:29-06:00","message":"Runtime warning","context":{"severity":8192,"message":"fputcsv(): the $escape parameter must be provided as its default value will change","file":"/var/www/html/dte /dte_sietelsa/src/services/IvaWorkbookExportService.php","line":523}}
[11-Jun-2026 22:36:29 America/El_Salvador] PHP Deprecated:  fputcsv(): the $escape parameter must be provided as its default value will change in /var/www/html/dte /dte_sietelsa/src/services/IvaWorkbookExportService.php on line 523
[11-Jun-2026 22:36:29 America/El_Salvador] [sietelsa] {"ts":"2026-06-11T22:36:29-06:00","message":"Runtime warning","context":{"severity":8192,"message":"fputcsv(): the $escape parameter must be provided as its default value will change","file":"/var/www/html/dte /dte_sietelsa/src/services/IvaWorkbookExportService.php","line":523}}
[11-Jun-2026 22:36:29 America/El_Salvador] PHP Deprecated:  fputcsv(): the $escape parameter must be provided as its default value will change in /var/www/html/dte /dte_sietelsa/src/services/IvaWorkbookExportService.php on line 523
[11-Jun-2026 22:36:29 America/El_Salvador] [sietelsa] {"ts":"2026-06-11T22:36:29-06:00","message":"Runtime warning","context":{"severity":8192,"message":"fputcsv(): the $escape parameter must be provided as its default value will change","file":"/var/www/html/dte /dte_sietelsa/src/services/IvaWorkbookExportService.php","line":523}}
[11-Jun-2026 22:36:29 America/El_Salvador] PHP Deprecated:  fputcsv(): the $escape parameter must be provided as its default value will change in /var/www/html/dte /dte_sietelsa/src/services/IvaWorkbookExportService.php on line 523
[11-Jun-2026 22:36:29 America/El_Salvador] [sietelsa] {"ts":"2026-06-11T22:36:29-06:00","message":"Runtime warning","context":{"severity":8192,"message":"fputcsv(): the $escape parameter must be provided as its default value will change","file":"/var/www/html/dte /dte_sietelsa/src/services/IvaWorkbookExportService.php","line":523}}
[11-Jun-2026 22:36:29 America/El_Salvador] PHP Deprecated:  fputcsv(): the $escape parameter must be provided as its default value will change in /var/www/html/dte /dte_sietelsa/src/services/IvaWorkbookExportService.php on line 523
[11-Jun-2026 22:36:29 America/El_Salvador] [sietelsa] {"ts":"2026-06-11T22:36:29-06:00","message":"Runtime warning","context":{"severity":8192,"message":"fputcsv(): the $escape parameter must be provided as its default value will change","file":"/var/www/html/dte /dte_sietelsa/src/services/IvaWorkbookExportService.php","line":523}}
[11-Jun-2026 22:36:29 America/El_Salvador] PHP Deprecated:  fputcsv(): the $escape parameter must be provided as its default value will change in /var/www/html/dte /dte_sietelsa/src/services/IvaWorkbookExportService.php on line 523
[11-Jun-2026 22:36:29 America/El_Salvador] [sietelsa] {"ts":"2026-06-11T22:36:29-06:00","message":"Runtime warning","context":{"severity":8192,"message":"fputcsv(): the $escape parameter must be provided as its default value will change","file":"/var/www/html/dte /dte_sietelsa/src/services/IvaWorkbookExportService.php","line":523}}
[11-Jun-2026 22:36:29 America/El_Salvador] PHP Deprecated:  fputcsv(): the $escape parameter must be provided as its default value will change in /var/www/html/dte /dte_sietelsa/src/services/IvaWorkbookExportService.php on line 523
[11-Jun-2026 22:36:29 America/El_Salvador] [sietelsa] {"ts":"2026-06-11T22:36:29-06:00","message":"Runtime warning","context":{"severity":8192,"message":"fputcsv(): the $escape parameter must be provided as its default value will change","file":"/var/www/html/dte /dte_sietelsa/src/services/IvaWorkbookExportService.php","line":523}}
[11-Jun-2026 22:36:29 America/El_Salvador] PHP Deprecated:  fputcsv(): the $escape parameter must be provided as its default value will change in /var/www/html/dte /dte_sietelsa/src/services/IvaWorkbookExportService.php on line 523
[11-Jun-2026 22:36:29 America/El_Salvador] [sietelsa] {"ts":"2026-06-11T22:36:29-06:00","message":"Runtime warning","context":{"severity":8192,"message":"fputcsv(): the $escape parameter must be provided as its default value will change","file":"/var/www/html/dte /dte_sietelsa/src/services/IvaWorkbookExportService.php","line":523}}
[11-Jun-2026 22:36:29 America/El_Salvador] PHP Deprecated:  fputcsv(): the $escape parameter must be provided as its default value will change in /var/www/html/dte /dte_sietelsa/src/services/IvaWorkbookExportService.php on line 523
[11-Jun-2026 22:36:29 America/El_Salvador] [sietelsa] {"ts":"2026-06-11T22:36:29-06:00","message":"Runtime warning","context":{"severity":8192,"message":"fputcsv(): the $escape parameter must be provided as its default value will change","file":"/var/www/html/dte /dte_sietelsa/src/services/IvaWorkbookExportService.php","line":523}}
[11-Jun-2026 22:36:29 America/El_Salvador] PHP Deprecated:  fputcsv(): the $escape parameter must be provided as its default value will change in /var/www/html/dte /dte_sietelsa/src/services/IvaWorkbookExportService.php on line 523
[11-Jun-2026 22:36:29 America/El_Salvador] [sietelsa] {"ts":"2026-06-11T22:36:29-06:00","message":"Runtime warning","context":{"severity":8192,"message":"fputcsv(): the $escape parameter must be provided as its default value will change","file":"/var/www/html/dte /dte_sietelsa/src/services/IvaWorkbookExportService.php","line":523}}
[11-Jun-2026 22:36:29 America/El_Salvador] PHP Deprecated:  fputcsv(): the $escape parameter must be provided as its default value will change in /var/www/html/dte /dte_sietelsa/src/services/IvaWorkbookExportService.php on line 523
[11-Jun-2026 22:36:29 America/El_Salvador] [sietelsa] {"ts":"2026-06-11T22:36:29-06:00","message":"Runtime warning","context":{"severity":8192,"message":"fputcsv(): the $escape parameter must be provided as its default value will change","file":"/var/www/html/dte /dte_sietelsa/src/services/IvaWorkbookExportService.php","line":523}}
[11-Jun-2026 22:36:29 America/El_Salvador] PHP Deprecated:  fputcsv(): the $escape parameter must be provided as its default value will change in /var/www/html/dte /dte_sietelsa/src/services/IvaWorkbookExportService.php on line 523
[11-Jun-2026 22:36:29 America/El_Salvador] [sietelsa] {"ts":"2026-06-11T22:36:29-06:00","message":"Runtime warning","context":{"severity":8192,"message":"fputcsv(): the $escape parameter must be provided as its default value will change","file":"/var/www/html/dte /dte_sietelsa/src/services/IvaWorkbookExportService.php","line":523}}
[11-Jun-2026 22:36:29 America/El_Salvador] PHP Deprecated:  fputcsv(): the $escape parameter must be provided as its default value will change in /var/www/html/dte /dte_sietelsa/src/services/IvaWorkbookExportService.php on line 523
[11-Jun-2026 22:36:29 America/El_Salvador] [sietelsa] {"ts":"2026-06-11T22:36:29-06:00","message":"Runtime warning","context":{"severity":8192,"message":"fputcsv(): the $escape parameter must be provided as its default value will change","file":"/var/www/html/dte /dte_sietelsa/src/services/IvaWorkbookExportService.php","line":523}}
[11-Jun-2026 22:36:29 America/El_Salvador] PHP Deprecated:  fputcsv(): the $escape parameter must be provided as its default value will change in /var/www/html/dte /dte_sietelsa/src/services/IvaWorkbookExportService.php on line 523
[11-Jun-2026 22:36:29 America/El_Salvador] [sietelsa] {"ts":"2026-06-11T22:36:29-06:00","message":"Runtime warning","context":{"severity":8192,"message":"fputcsv(): the $escape parameter must be provided as its default value will change","file":"/var/www/html/dte /dte_sietelsa/src/services/IvaWorkbookExportService.php","line":523}}
[11-Jun-2026 22:36:29 America/El_Salvador] PHP Deprecated:  fputcsv(): the $escape parameter must be provided as its default value will change in /var/www/html/dte /dte_sietelsa/src/services/IvaWorkbookExportService.php on line 523
[11-Jun-2026 22:36:29 America/El_Salvador] [sietelsa] {"ts":"2026-06-11T22:36:29-06:00","message":"Runtime warning","context":{"severity":8192,"message":"fputcsv(): the $escape parameter must be provided as its default value will change","file":"/var/www/html/dte /dte_sietelsa/src/services/IvaWorkbookExportService.php","line":523}}
[11-Jun-2026 22:36:29 America/El_Salvador] PHP Deprecated:  fputcsv(): the $escape parameter must be provided as its default value will change in /var/www/html/dte /dte_sietelsa/src/services/IvaWorkbookExportService.php on line 523
[11-Jun-2026 22:36:29 America/El_Salvador] [sietelsa] {"ts":"2026-06-11T22:36:29-06:00","message":"Runtime warning","context":{"severity":8192,"message":"fputcsv(): the $escape parameter must be provided as its default value will change","file":"/var/www/html/dte /dte_sietelsa/src/services/IvaWorkbookExportService.php","line":523}}
[11-Jun-2026 22:36:29 America/El_Salvador] PHP Deprecated:  fputcsv(): the $escape parameter must be provided as its default value will change in /var/www/html/dte /dte_sietelsa/src/services/IvaWorkbookExportService.php on line 523
[11-Jun-2026 22:36:29 America/El_Salvador] [sietelsa] {"ts":"2026-06-11T22:36:29-06:00","message":"Runtime warning","context":{"severity":8192,"message":"fputcsv(): the $escape parameter must be provided as its default value will change","file":"/var/www/html/dte /dte_sietelsa/src/services/IvaWorkbookExportService.php","line":523}}
[11-Jun-2026 22:36:29 America/El_Salvador] PHP Deprecated:  fputcsv(): the $escape parameter must be provided as its default value will change in /var/www/html/dte /dte_sietelsa/src/services/IvaWorkbookExportService.php on line 523
[11-Jun-2026 22:36:29 America/El_Salvador] [sietelsa] {"ts":"2026-06-11T22:36:29-06:00","message":"Runtime warning","context":{"severity":8192,"message":"fputcsv(): the $escape parameter must be provided as its default value will change","file":"/var/www/html/dte /dte_sietelsa/src/services/IvaWorkbookExportService.php","line":523}}
[11-Jun-2026 22:36:29 America/El_Salvador] PHP Deprecated:  fputcsv(): the $escape parameter must be provided as its default value will change in /var/www/html/dte /dte_sietelsa/src/services/IvaWorkbookExportService.php on line 523
[11-Jun-2026 22:36:29 America/El_Salvador] [sietelsa] {"ts":"2026-06-11T22:36:29-06:00","message":"Runtime warning","context":{"severity":8192,"message":"fputcsv(): the $escape parameter must be provided as its default value will change","file":"/var/www/html/dte /dte_sietelsa/src/services/IvaWorkbookExportService.php","line":523}}
[11-Jun-2026 22:36:29 America/El_Salvador] PHP Deprecated:  fputcsv(): the $escape parameter must be provided as its default value will change in /var/www/html/dte /dte_sietelsa/src/services/IvaWorkbookExportService.php on line 523
[11-Jun-2026 22:36:29 America/El_Salvador] [sietelsa] {"ts":"2026-06-11T22:36:29-06:00","message":"Runtime warning","context":{"severity":8192,"message":"fputcsv(): the $escape parameter must be provided as its default value will change","file":"/var/www/html/dte /dte_sietelsa/src/services/IvaWorkbookExportService.php","line":523}}
[11-Jun-2026 22:36:29 America/El_Salvador] PHP Deprecated:  fputcsv(): the $escape parameter must be provided as its default value will change in /var/www/html/dte /dte_sietelsa/src/services/IvaWorkbookExportService.php on line 523
[11-Jun-2026 22:36:29 America/El_Salvador] [sietelsa] {"ts":"2026-06-11T22:36:29-06:00","message":"Runtime warning","context":{"severity":8192,"message":"fputcsv(): the $escape parameter must be provided as its default value will change","file":"/var/www/html/dte /dte_sietelsa/src/services/IvaWorkbookExportService.php","line":523}}
[11-Jun-2026 22:36:29 America/El_Salvador] PHP Deprecated:  fputcsv(): the $escape parameter must be provided as its default value will change in /var/www/html/dte /dte_sietelsa/src/services/IvaWorkbookExportService.php on line 523
[11-Jun-2026 22:36:29 America/El_Salvador] [sietelsa] {"ts":"2026-06-11T22:36:29-06:00","message":"Runtime warning","context":{"severity":8192,"message":"fputcsv(): the $escape parameter must be provided as its default value will change","file":"/var/www/html/dte /dte_sietelsa/src/services/IvaWorkbookExportService.php","line":523}}
[11-Jun-2026 22:36:29 America/El_Salvador] PHP Deprecated:  fputcsv(): the $escape parameter must be provided as its default value will change in /var/www/html/dte /dte_sietelsa/src/services/IvaWorkbookExportService.php on line 523
[11-Jun-2026 22:36:29 America/El_Salvador] [sietelsa] {"ts":"2026-06-11T22:36:29-06:00","message":"Runtime warning","context":{"severity":8192,"message":"fputcsv(): the $escape parameter must be provided as its default value will change","file":"/var/www/html/dte /dte_sietelsa/src/services/IvaWorkbookExportService.php","line":523}}
[11-Jun-2026 22:36:29 America/El_Salvador] PHP Deprecated:  fputcsv(): the $escape parameter must be provided as its default value will change in /var/www/html/dte /dte_sietelsa/src/services/IvaWorkbookExportService.php on line 523
[11-Jun-2026 22:36:29 America/El_Salvador] [sietelsa] {"ts":"2026-06-11T22:36:29-06:00","message":"Runtime warning","context":{"severity":8192,"message":"fputcsv(): the $escape parameter must be provided as its default value will change","file":"/var/www/html/dte /dte_sietelsa/src/services/IvaWorkbookExportService.php","line":523}}
[11-Jun-2026 22:36:29 America/El_Salvador] PHP Deprecated:  fputcsv(): the $escape parameter must be provided as its default value will change in /var/www/html/dte /dte_sietelsa/src/services/IvaWorkbookExportService.php on line 523
[11-Jun-2026 22:36:29 America/El_Salvador] [sietelsa] {"ts":"2026-06-11T22:36:29-06:00","message":"Runtime warning","context":{"severity":8192,"message":"fputcsv(): the $escape parameter must be provided as its default value will change","file":"/var/www/html/dte /dte_sietelsa/src/services/IvaWorkbookExportService.php","line":523}}
[11-Jun-2026 22:36:29 America/El_Salvador] PHP Deprecated:  fputcsv(): the $escape parameter must be provided as its default value will change in /var/www/html/dte /dte_sietelsa/src/services/IvaWorkbookExportService.php on line 523
[11-Jun-2026 22:36:29 America/El_Salvador] [sietelsa] {"ts":"2026-06-11T22:36:29-06:00","message":"Runtime warning","context":{"severity":8192,"message":"fputcsv(): the $escape parameter must be provided as its default value will change","file":"/var/www/html/dte /dte_sietelsa/src/services/IvaWorkbookExportService.php","line":523}}
[11-Jun-2026 22:36:29 America/El_Salvador] PHP Deprecated:  fputcsv(): the $escape parameter must be provided as its default value will change in /var/www/html/dte /dte_sietelsa/src/services/IvaWorkbookExportService.php on line 523
[11-Jun-2026 22:36:29 America/El_Salvador] [sietelsa] {"ts":"2026-06-11T22:36:29-06:00","message":"Runtime warning","context":{"severity":8192,"message":"fputcsv(): the $escape parameter must be provided as its default value will change","file":"/var/www/html/dte /dte_sietelsa/src/services/IvaWorkbookExportService.php","line":523}}
[11-Jun-2026 22:36:29 America/El_Salvador] PHP Deprecated:  fputcsv(): the $escape parameter must be provided as its default value will change in /var/www/html/dte /dte_sietelsa/src/services/IvaWorkbookExportService.php on line 523
[11-Jun-2026 22:36:29 America/El_Salvador] [sietelsa] {"ts":"2026-06-11T22:36:29-06:00","message":"Runtime warning","context":{"severity":8192,"message":"fputcsv(): the $escape parameter must be provided as its default value will change","file":"/var/www/html/dte /dte_sietelsa/src/services/IvaWorkbookExportService.php","line":523}}
[11-Jun-2026 22:36:29 America/El_Salvador] PHP Deprecated:  fputcsv(): the $escape parameter must be provided as its default value will change in /var/www/html/dte /dte_sietelsa/src/services/IvaWorkbookExportService.php on line 523
[11-Jun-2026 22:36:29 America/El_Salvador] [sietelsa] {"ts":"2026-06-11T22:36:29-06:00","message":"Runtime warning","context":{"severity":8192,"message":"fputcsv(): the $escape parameter must be provided as its default value will change","file":"/var/www/html/dte /dte_sietelsa/src/services/IvaWorkbookExportService.php","line":523}}
[11-Jun-2026 22:36:29 America/El_Salvador] PHP Deprecated:  fputcsv(): the $escape parameter must be provided as its default value will change in /var/www/html/dte /dte_sietelsa/src/services/IvaWorkbookExportService.php on line 523
[11-Jun-2026 22:36:29 America/El_Salvador] [sietelsa] {"ts":"2026-06-11T22:36:29-06:00","message":"Runtime warning","context":{"severity":8192,"message":"fputcsv(): the $escape parameter must be provided as its default value will change","file":"/var/www/html/dte /dte_sietelsa/src/services/IvaWorkbookExportService.php","line":523}}
[11-Jun-2026 22:36:29 America/El_Salvador] PHP Deprecated:  fputcsv(): the $escape parameter must be provided as its default value will change in /var/www/html/dte /dte_sietelsa/src/services/IvaWorkbookExportService.php on line 523
[11-Jun-2026 22:36:29 America/El_Salvador] [sietelsa] {"ts":"2026-06-11T22:36:29-06:00","message":"Runtime warning","context":{"severity":8192,"message":"fputcsv(): the $escape parameter must be provided as its default value will change","file":"/var/www/html/dte /dte_sietelsa/src/services/IvaWorkbookExportService.php","line":523}}
[11-Jun-2026 22:36:29 America/El_Salvador] PHP Deprecated:  fputcsv(): the $escape parameter must be provided as its default value will change in /var/www/html/dte /dte_sietelsa/src/services/IvaWorkbookExportService.php on line 523
[11-Jun-2026 22:36:29 America/El_Salvador] [sietelsa] {"ts":"2026-06-11T22:36:29-06:00","message":"Runtime warning","context":{"severity":8192,"message":"fputcsv(): the $escape parameter must be provided as its default value will change","file":"/var/www/html/dte /dte_sietelsa/src/services/IvaWorkbookExportService.php","line":523}}
[11-Jun-2026 22:36:29 America/El_Salvador] PHP Deprecated:  fputcsv(): the $escape parameter must be provided as its default value will change in /var/www/html/dte /dte_sietelsa/src/services/IvaWorkbookExportService.php on line 523
[11-Jun-2026 22:36:29 America/El_Salvador] [sietelsa] {"ts":"2026-06-11T22:36:29-06:00","message":"Runtime warning","context":{"severity":8192,"message":"fputcsv(): the $escape parameter must be provided as its default value will change","file":"/var/www/html/dte /dte_sietelsa/src/services/IvaWorkbookExportService.php","line":523}}
[11-Jun-2026 22:36:29 America/El_Salvador] PHP Deprecated:  fputcsv(): the $escape parameter must be provided as its default value will change in /var/www/html/dte /dte_sietelsa/src/services/IvaWorkbookExportService.php on line 523
[11-Jun-2026 22:36:29 America/El_Salvador] [sietelsa] {"ts":"2026-06-11T22:36:29-06:00","message":"Runtime warning","context":{"severity":8192,"message":"fputcsv(): the $escape parameter must be provided as its default value will change","file":"/var/www/html/dte /dte_sietelsa/src/services/IvaWorkbookExportService.php","line":523}}
[11-Jun-2026 22:36:29 America/El_Salvador] PHP Deprecated:  fputcsv(): the $escape parameter must be provided as its default value will change in /var/www/html/dte /dte_sietelsa/src/services/IvaWorkbookExportService.php on line 523
[11-Jun-2026 22:36:29 America/El_Salvador] [sietelsa] {"ts":"2026-06-11T22:36:29-06:00","message":"Runtime warning","context":{"severity":8192,"message":"fputcsv(): the $escape parameter must be provided as its default value will change","file":"/var/www/html/dte /dte_sietelsa/src/services/IvaWorkbookExportService.php","line":523}}
[11-Jun-2026 22:36:29 America/El_Salvador] PHP Deprecated:  fputcsv(): the $escape parameter must be provided as its default value will change in /var/www/html/dte /dte_sietelsa/src/services/IvaWorkbookExportService.php on line 523
[11-Jun-2026 22:36:29 America/El_Salvador] [sietelsa] {"ts":"2026-06-11T22:36:29-06:00","message":"Runtime warning","context":{"severity":8192,"message":"fputcsv(): the $escape parameter must be provided as its default value will change","file":"/var/www/html/dte /dte_sietelsa/src/services/IvaWorkbookExportService.php","line":523}}
[11-Jun-2026 22:36:29 America/El_Salvador] PHP Deprecated:  fputcsv(): the $escape parameter must be provided as its default value will change in /var/www/html/dte /dte_sietelsa/src/services/IvaWorkbookExportService.php on line 523
[11-Jun-2026 22:36:29 America/El_Salvador] [sietelsa] {"ts":"2026-06-11T22:36:29-06:00","message":"Runtime warning","context":{"severity":8192,"message":"fputcsv(): the $escape parameter must be provided as its default value will change","file":"/var/www/html/dte /dte_sietelsa/src/services/IvaWorkbookExportService.php","line":523}}
[11-Jun-2026 22:36:29 America/El_Salvador] PHP Deprecated:  fputcsv(): the $escape parameter must be provided as its default value will change in /var/www/html/dte /dte_sietelsa/src/services/IvaWorkbookExportService.php on line 523
[11-Jun-2026 22:36:29 America/El_Salvador] [sietelsa] {"ts":"2026-06-11T22:36:29-06:00","message":"Runtime warning","context":{"severity":8192,"message":"fputcsv(): the $escape parameter must be provided as its default value will change","file":"/var/www/html/dte /dte_sietelsa/src/services/IvaWorkbookExportService.php","line":523}}
[11-Jun-2026 22:36:29 America/El_Salvador] PHP Deprecated:  fputcsv(): the $escape parameter must be provided as its default value will change in /var/www/html/dte /dte_sietelsa/src/services/IvaWorkbookExportService.php on line 523
[11-Jun-2026 22:36:29 America/El_Salvador] [sietelsa] {"ts":"2026-06-11T22:36:29-06:00","message":"Runtime warning","context":{"severity":8192,"message":"fputcsv(): the $escape parameter must be provided as its default value will change","file":"/var/www/html/dte /dte_sietelsa/src/services/IvaWorkbookExportService.php","line":523}}
[11-Jun-2026 22:36:29 America/El_Salvador] PHP Deprecated:  fputcsv(): the $escape parameter must be provided as its default value will change in /var/www/html/dte /dte_sietelsa/src/services/IvaWorkbookExportService.php on line 523
[11-Jun-2026 22:36:29 America/El_Salvador] [sietelsa] {"ts":"2026-06-11T22:36:29-06:00","message":"Runtime warning","context":{"severity":8192,"message":"fputcsv(): the $escape parameter must be provided as its default value will change","file":"/var/www/html/dte /dte_sietelsa/src/services/IvaWorkbookExportService.php","line":523}}
[11-Jun-2026 22:36:29 America/El_Salvador] PHP Deprecated:  fputcsv(): the $escape parameter must be provided as its default value will change in /var/www/html/dte /dte_sietelsa/src/services/IvaWorkbookExportService.php on line 523
[11-Jun-2026 22:36:29 America/El_Salvador] [sietelsa] {"ts":"2026-06-11T22:36:29-06:00","message":"Runtime warning","context":{"severity":8192,"message":"fputcsv(): the $escape parameter must be provided as its default value will change","file":"/var/www/html/dte /dte_sietelsa/src/services/IvaWorkbookExportService.php","line":523}}
[11-Jun-2026 22:36:29 America/El_Salvador] PHP Deprecated:  fputcsv(): the $escape parameter must be provided as its default value will change in /var/www/html/dte /dte_sietelsa/src/services/IvaWorkbookExportService.php on line 523
[11-Jun-2026 22:36:29 America/El_Salvador] [sietelsa] {"ts":"2026-06-11T22:36:29-06:00","message":"Runtime warning","context":{"severity":8192,"message":"fputcsv(): the $escape parameter must be provided as its default value will change","file":"/var/www/html/dte /dte_sietelsa/src/services/IvaWorkbookExportService.php","line":523}}
[11-Jun-2026 22:36:29 America/El_Salvador] PHP Deprecated:  fputcsv(): the $escape parameter must be provided as its default value will change in /var/www/html/dte /dte_sietelsa/src/services/IvaWorkbookExportService.php on line 523
[11-Jun-2026 22:36:29 America/El_Salvador] [sietelsa] {"ts":"2026-06-11T22:36:29-06:00","message":"Runtime warning","context":{"severity":8192,"message":"fputcsv(): the $escape parameter must be provided as its default value will change","file":"/var/www/html/dte /dte_sietelsa/src/services/IvaWorkbookExportService.php","line":523}}
[11-Jun-2026 22:36:29 America/El_Salvador] PHP Deprecated:  fputcsv(): the $escape parameter must be provided as its default value will change in /var/www/html/dte /dte_sietelsa/src/services/IvaWorkbookExportService.php on line 523
[11-Jun-2026 22:36:29 America/El_Salvador] [sietelsa] {"ts":"2026-06-11T22:36:29-06:00","message":"Runtime warning","context":{"severity":8192,"message":"fputcsv(): the $escape parameter must be provided as its default value will change","file":"/var/www/html/dte /dte_sietelsa/src/services/IvaWorkbookExportService.php","line":523}}
[11-Jun-2026 22:36:29 America/El_Salvador] PHP Deprecated:  fputcsv(): the $escape parameter must be provided as its default value will change in /var/www/html/dte /dte_sietelsa/src/services/IvaWorkbookExportService.php on line 523
[11-Jun-2026 22:36:29 America/El_Salvador] [sietelsa] {"ts":"2026-06-11T22:36:29-06:00","message":"Runtime warning","context":{"severity":8192,"message":"fputcsv(): the $escape parameter must be provided as its default value will change","file":"/var/www/html/dte /dte_sietelsa/src/services/IvaWorkbookExportService.php","line":523}}
[11-Jun-2026 22:36:29 America/El_Salvador] PHP Deprecated:  fputcsv(): the $escape parameter must be provided as its default value will change in /var/www/html/dte /dte_sietelsa/src/services/IvaWorkbookExportService.php on line 523
[11-Jun-2026 22:36:29 America/El_Salvador] [sietelsa] {"ts":"2026-06-11T22:36:29-06:00","message":"Runtime warning","context":{"severity":8192,"message":"fputcsv(): the $escape parameter must be provided as its default value will change","file":"/var/www/html/dte /dte_sietelsa/src/services/IvaWorkbookExportService.php","line":523}}
[11-Jun-2026 22:36:29 America/El_Salvador] PHP Deprecated:  fputcsv(): the $escape parameter must be provided as its default value will change in /var/www/html/dte /dte_sietelsa/src/services/IvaWorkbookExportService.php on line 523
[11-Jun-2026 22:36:29 America/El_Salvador] [sietelsa] {"ts":"2026-06-11T22:36:29-06:00","message":"Runtime warning","context":{"severity":8192,"message":"fputcsv(): the $escape parameter must be provided as its default value will change","file":"/var/www/html/dte /dte_sietelsa/src/services/IvaWorkbookExportService.php","line":523}}
[11-Jun-2026 22:36:29 America/El_Salvador] PHP Deprecated:  fputcsv(): the $escape parameter must be provided as its default value will change in /var/www/html/dte /dte_sietelsa/src/services/IvaWorkbookExportService.php on line 523
[11-Jun-2026 22:36:29 America/El_Salvador] [sietelsa] {"ts":"2026-06-11T22:36:29-06:00","message":"Runtime warning","context":{"severity":8192,"message":"fputcsv(): the $escape parameter must be provided as its default value will change","file":"/var/www/html/dte /dte_sietelsa/src/services/IvaWorkbookExportService.php","line":523}}
[11-Jun-2026 22:36:29 America/El_Salvador] PHP Deprecated:  fputcsv(): the $escape parameter must be provided as its default value will change in /var/www/html/dte /dte_sietelsa/src/services/IvaWorkbookExportService.php on line 523
[11-Jun-2026 22:36:29 America/El_Salvador] [sietelsa] {"ts":"2026-06-11T22:36:29-06:00","message":"Runtime warning","context":{"severity":8192,"message":"fputcsv(): the $escape parameter must be provided as its default value will change","file":"/var/www/html/dte /dte_sietelsa/src/services/IvaWorkbookExportService.php","line":523}}
[11-Jun-2026 22:36:29 America/El_Salvador] PHP Deprecated:  fputcsv(): the $escape parameter must be provided as its default value will change in /var/www/html/dte /dte_sietelsa/src/services/IvaWorkbookExportService.php on line 523
[11-Jun-2026 22:36:29 America/El_Salvador] [sietelsa] {"ts":"2026-06-11T22:36:29-06:00","message":"Runtime warning","context":{"severity":8192,"message":"fputcsv(): the $escape parameter must be provided as its default value will change","file":"/var/www/html/dte /dte_sietelsa/src/services/IvaWorkbookExportService.php","line":523}}
[11-Jun-2026 22:36:29 America/El_Salvador] PHP Deprecated:  fputcsv(): the $escape parameter must be provided as its default value will change in /var/www/html/dte /dte_sietelsa/src/services/IvaWorkbookExportService.php on line 523
[11-Jun-2026 22:36:29 America/El_Salvador] [sietelsa] {"ts":"2026-06-11T22:36:29-06:00","message":"Runtime warning","context":{"severity":8192,"message":"fputcsv(): the $escape parameter must be provided as its default value will change","file":"/var/www/html/dte /dte_sietelsa/src/services/IvaWorkbookExportService.php","line":523}}
[11-Jun-2026 22:36:29 America/El_Salvador] PHP Deprecated:  fputcsv(): the $escape parameter must be provided as its default value will change in /var/www/html/dte /dte_sietelsa/src/services/IvaWorkbookExportService.php on line 523
[11-Jun-2026 22:36:29 America/El_Salvador] [sietelsa] {"ts":"2026-06-11T22:36:29-06:00","message":"Runtime warning","context":{"severity":8192,"message":"fputcsv(): the $escape parameter must be provided as its default value will change","file":"/var/www/html/dte /dte_sietelsa/src/services/IvaWorkbookExportService.php","line":523}}
[11-Jun-2026 22:36:29 America/El_Salvador] PHP Deprecated:  fputcsv(): the $escape parameter must be provided as its default value will change in /var/www/html/dte /dte_sietelsa/src/services/IvaWorkbookExportService.php on line 523
[11-Jun-2026 22:36:29 America/El_Salvador] [sietelsa] {"ts":"2026-06-11T22:36:29-06:00","message":"Runtime warning","context":{"severity":8192,"message":"fputcsv(): the $escape parameter must be provided as its default value will change","file":"/var/www/html/dte /dte_sietelsa/src/services/IvaWorkbookExportService.php","line":523}}
[11-Jun-2026 22:36:29 America/El_Salvador] PHP Deprecated:  fputcsv(): the $escape parameter must be provided as its default value will change in /var/www/html/dte /dte_sietelsa/src/services/IvaWorkbookExportService.php on line 523
[11-Jun-2026 22:36:29 America/El_Salvador] [sietelsa] {"ts":"2026-06-11T22:36:29-06:00","message":"Runtime warning","context":{"severity":8192,"message":"fputcsv(): the $escape parameter must be provided as its default value will change","file":"/var/www/html/dte /dte_sietelsa/src/services/IvaWorkbookExportService.php","line":523}}
[11-Jun-2026 22:36:29 America/El_Salvador] PHP Deprecated:  fputcsv(): the $escape parameter must be provided as its default value will change in /var/www/html/dte /dte_sietelsa/src/services/IvaWorkbookExportService.php on line 523
[11-Jun-2026 22:36:29 America/El_Salvador] [sietelsa] {"ts":"2026-06-11T22:36:29-06:00","message":"Runtime warning","context":{"severity":8192,"message":"fputcsv(): the $escape parameter must be provided as its default value will change","file":"/var/www/html/dte /dte_sietelsa/src/services/IvaWorkbookExportService.php","line":523}}
[11-Jun-2026 22:36:29 America/El_Salvador] PHP Deprecated:  fputcsv(): the $escape parameter must be provided as its default value will change in /var/www/html/dte /dte_sietelsa/src/services/IvaWorkbookExportService.php on line 523
[11-Jun-2026 22:36:29 America/El_Salvador] [sietelsa] {"ts":"2026-06-11T22:36:29-06:00","message":"Runtime warning","context":{"severity":8192,"message":"fputcsv(): the $escape parameter must be provided as its default value will change","file":"/var/www/html/dte /dte_sietelsa/src/services/IvaWorkbookExportService.php","line":523}}
[11-Jun-2026 22:36:29 America/El_Salvador] PHP Deprecated:  fputcsv(): the $escape parameter must be provided as its default value will change in /var/www/html/dte /dte_sietelsa/src/services/IvaWorkbookExportService.php on line 523
[11-Jun-2026 22:36:29 America/El_Salvador] [sietelsa] {"ts":"2026-06-11T22:36:29-06:00","message":"Runtime warning","context":{"severity":8192,"message":"fputcsv(): the $escape parameter must be provided as its default value will change","file":"/var/www/html/dte /dte_sietelsa/src/services/IvaWorkbookExportService.php","line":523}}
[11-Jun-2026 22:36:29 America/El_Salvador] PHP Deprecated:  fputcsv(): the $escape parameter must be provided as its default value will change in /var/www/html/dte /dte_sietelsa/src/services/IvaWorkbookExportService.php on line 523
[11-Jun-2026 22:36:29 America/El_Salvador] [sietelsa] {"ts":"2026-06-11T22:36:29-06:00","message":"Runtime warning","context":{"severity":8192,"message":"fputcsv(): the $escape parameter must be provided as its default value will change","file":"/var/www/html/dte /dte_sietelsa/src/services/IvaWorkbookExportService.php","line":523}}
[11-Jun-2026 22:36:29 America/El_Salvador] PHP Deprecated:  fputcsv(): the $escape parameter must be provided as its default value will change in /var/www/html/dte /dte_sietelsa/src/services/IvaWorkbookExportService.php on line 523
[11-Jun-2026 22:36:29 America/El_Salvador] [sietelsa] {"ts":"2026-06-11T22:36:29-06:00","message":"Runtime warning","context":{"severity":8192,"message":"fputcsv(): the $escape parameter must be provided as its default value will change","file":"/var/www/html/dte /dte_sietelsa/src/services/IvaWorkbookExportService.php","line":523}}
[11-Jun-2026 22:36:29 America/El_Salvador] PHP Deprecated:  fputcsv(): the $escape parameter must be provided as its default value will change in /var/www/html/dte /dte_sietelsa/src/services/IvaWorkbookExportService.php on line 523
[11-Jun-2026 22:36:29 America/El_Salvador] [sietelsa] {"ts":"2026-06-11T22:36:29-06:00","message":"Runtime warning","context":{"severity":8192,"message":"fputcsv(): the $escape parameter must be provided as its default value will change","file":"/var/www/html/dte /dte_sietelsa/src/services/IvaWorkbookExportService.php","line":523}}
[11-Jun-2026 22:36:29 America/El_Salvador] PHP Deprecated:  fputcsv(): the $escape parameter must be provided as its default value will change in /var/www/html/dte /dte_sietelsa/src/services/IvaWorkbookExportService.php on line 523
[11-Jun-2026 22:36:29 America/El_Salvador] [sietelsa] {"ts":"2026-06-11T22:36:29-06:00","message":"Runtime warning","context":{"severity":8192,"message":"fputcsv(): the $escape parameter must be provided as its default value will change","file":"/var/www/html/dte /dte_sietelsa/src/services/IvaWorkbookExportService.php","line":523}}
[11-Jun-2026 22:36:29 America/El_Salvador] PHP Deprecated:  fputcsv(): the $escape parameter must be provided as its default value will change in /var/www/html/dte /dte_sietelsa/src/services/IvaWorkbookExportService.php on line 523
[11-Jun-2026 22:36:29 America/El_Salvador] [sietelsa] {"ts":"2026-06-11T22:36:29-06:00","message":"Runtime warning","context":{"severity":8192,"message":"fputcsv(): the $escape parameter must be provided as its default value will change","file":"/var/www/html/dte /dte_sietelsa/src/services/IvaWorkbookExportService.php","line":523}}
[11-Jun-2026 22:36:29 America/El_Salvador] PHP Deprecated:  fputcsv(): the $escape parameter must be provided as its default value will change in /var/www/html/dte /dte_sietelsa/src/services/IvaWorkbookExportService.php on line 523
[11-Jun-2026 22:36:29 America/El_Salvador] [sietelsa] {"ts":"2026-06-11T22:36:29-06:00","message":"Runtime warning","context":{"severity":8192,"message":"fputcsv(): the $escape parameter must be provided as its default value will change","file":"/var/www/html/dte /dte_sietelsa/src/services/IvaWorkbookExportService.php","line":523}}
[11-Jun-2026 22:36:29 America/El_Salvador] PHP Deprecated:  fputcsv(): the $escape parameter must be provided as its default value will change in /var/www/html/dte /dte_sietelsa/src/services/IvaWorkbookExportService.php on line 523
[11-Jun-2026 22:36:29 America/El_Salvador] [sietelsa] {"ts":"2026-06-11T22:36:29-06:00","message":"Runtime warning","context":{"severity":8192,"message":"fputcsv(): the $escape parameter must be provided as its default value will change","file":"/var/www/html/dte /dte_sietelsa/src/services/IvaWorkbookExportService.php","line":523}}
[11-Jun-2026 22:36:29 America/El_Salvador] PHP Deprecated:  fputcsv(): the $escape parameter must be provided as its default value will change in /var/www/html/dte /dte_sietelsa/src/services/IvaWorkbookExportService.php on line 523
[11-Jun-2026 22:36:29 America/El_Salvador] [sietelsa] {"ts":"2026-06-11T22:36:29-06:00","message":"Runtime warning","context":{"severity":8192,"message":"fputcsv(): the $escape parameter must be provided as its default value will change","file":"/var/www/html/dte /dte_sietelsa/src/services/IvaWorkbookExportService.php","line":523}}
[11-Jun-2026 22:36:29 America/El_Salvador] PHP Deprecated:  fputcsv(): the $escape parameter must be provided as its default value will change in /var/www/html/dte /dte_sietelsa/src/services/IvaWorkbookExportService.php on line 523
[11-Jun-2026 22:36:29 America/El_Salvador] [sietelsa] {"ts":"2026-06-11T22:36:29-06:00","message":"Runtime warning","context":{"severity":8192,"message":"fputcsv(): the $escape parameter must be provided as its default value will change","file":"/var/www/html/dte /dte_sietelsa/src/services/IvaWorkbookExportService.php","line":523}}
[11-Jun-2026 22:36:29 America/El_Salvador] PHP Deprecated:  fputcsv(): the $escape parameter must be provided as its default value will change in /var/www/html/dte /dte_sietelsa/src/services/IvaWorkbookExportService.php on line 523
[11-Jun-2026 22:36:29 America/El_Salvador] [sietelsa] {"ts":"2026-06-11T22:36:29-06:00","message":"Runtime warning","context":{"severity":8192,"message":"fputcsv(): the $escape parameter must be provided as its default value will change","file":"/var/www/html/dte /dte_sietelsa/src/services/IvaWorkbookExportService.php","line":523}}
[11-Jun-2026 22:36:29 America/El_Salvador] PHP Deprecated:  fputcsv(): the $escape parameter must be provided as its default value will change in /var/www/html/dte /dte_sietelsa/src/services/IvaWorkbookExportService.php on line 523
[11-Jun-2026 22:36:29 America/El_Salvador] [sietelsa] {"ts":"2026-06-11T22:36:29-06:00","message":"Runtime warning","context":{"severity":8192,"message":"fputcsv(): the $escape parameter must be provided as its default value will change","file":"/var/www/html/dte /dte_sietelsa/src/services/IvaWorkbookExportService.php","line":523}}
[11-Jun-2026 22:36:29 America/El_Salvador] PHP Deprecated:  fputcsv(): the $escape parameter must be provided as its default value will change in /var/www/html/dte /dte_sietelsa/src/services/IvaWorkbookExportService.php on line 523
[11-Jun-2026 22:36:29 America/El_Salvador] [sietelsa] {"ts":"2026-06-11T22:36:29-06:00","message":"Runtime warning","context":{"severity":8192,"message":"fputcsv(): the $escape parameter must be provided as its default value will change","file":"/var/www/html/dte /dte_sietelsa/src/services/IvaWorkbookExportService.php","line":523}}
[11-Jun-2026 22:36:29 America/El_Salvador] PHP Deprecated:  fputcsv(): the $escape parameter must be provided as its default value will change in /var/www/html/dte /dte_sietelsa/src/services/IvaWorkbookExportService.php on line 523
[11-Jun-2026 22:36:29 America/El_Salvador] [sietelsa] {"ts":"2026-06-11T22:36:29-06:00","message":"Runtime warning","context":{"severity":8192,"message":"fputcsv(): the $escape parameter must be provided as its default value will change","file":"/var/www/html/dte /dte_sietelsa/src/services/IvaWorkbookExportService.php","line":523}}
[11-Jun-2026 22:36:29 America/El_Salvador] PHP Deprecated:  fputcsv(): the $escape parameter must be provided as its default value will change in /var/www/html/dte /dte_sietelsa/src/services/IvaWorkbookExportService.php on line 523
[11-Jun-2026 22:36:29 America/El_Salvador] [sietelsa] {"ts":"2026-06-11T22:36:29-06:00","message":"Runtime warning","context":{"severity":8192,"message":"fputcsv(): the $escape parameter must be provided as its default value will change","file":"/var/www/html/dte /dte_sietelsa/src/services/IvaWorkbookExportService.php","line":523}}
[11-Jun-2026 22:36:29 America/El_Salvador] PHP Deprecated:  fputcsv(): the $escape parameter must be provided as its default value will change in /var/www/html/dte /dte_sietelsa/src/services/IvaWorkbookExportService.php on line 523
[11-Jun-2026 22:36:29 America/El_Salvador] [sietelsa] {"ts":"2026-06-11T22:36:29-06:00","message":"Runtime warning","context":{"severity":8192,"message":"fputcsv(): the $escape parameter must be provided as its default value will change","file":"/var/www/html/dte /dte_sietelsa/src/services/IvaWorkbookExportService.php","line":523}}
[11-Jun-2026 22:36:29 America/El_Salvador] PHP Deprecated:  fputcsv(): the $escape parameter must be provided as its default value will change in /var/www/html/dte /dte_sietelsa/src/services/IvaWorkbookExportService.php on line 523
[11-Jun-2026 22:36:29 America/El_Salvador] [sietelsa] {"ts":"2026-06-11T22:36:29-06:00","message":"Runtime warning","context":{"severity":8192,"message":"fputcsv(): the $escape parameter must be provided as its default value will change","file":"/var/www/html/dte /dte_sietelsa/src/services/IvaWorkbookExportService.php","line":523}}
[11-Jun-2026 22:36:29 America/El_Salvador] PHP Deprecated:  fputcsv(): the $escape parameter must be provided as its default value will change in /var/www/html/dte /dte_sietelsa/src/services/IvaWorkbookExportService.php on line 523
[11-Jun-2026 22:36:29 America/El_Salvador] [sietelsa] {"ts":"2026-06-11T22:36:29-06:00","message":"Runtime warning","context":{"severity":8192,"message":"fputcsv(): the $escape parameter must be provided as its default value will change","file":"/var/www/html/dte /dte_sietelsa/src/services/IvaWorkbookExportService.php","line":523}}
[11-Jun-2026 22:36:29 America/El_Salvador] PHP Deprecated:  fputcsv(): the $escape parameter must be provided as its default value will change in /var/www/html/dte /dte_sietelsa/src/services/IvaWorkbookExportService.php on line 523
[11-Jun-2026 22:36:29 America/El_Salvador] [sietelsa] {"ts":"2026-06-11T22:36:29-06:00","message":"Runtime warning","context":{"severity":8192,"message":"fputcsv(): the $escape parameter must be provided as its default value will change","file":"/var/www/html/dte /dte_sietelsa/src/services/IvaWorkbookExportService.php","line":523}}
[11-Jun-2026 22:36:29 America/El_Salvador] PHP Deprecated:  fputcsv(): the $escape parameter must be provided as its default value will change in /var/www/html/dte /dte_sietelsa/src/services/IvaWorkbookExportService.php on line 523
[11-Jun-2026 22:36:29 America/El_Salvador] [sietelsa] {"ts":"2026-06-11T22:36:29-06:00","message":"Runtime warning","context":{"severity":8192,"message":"fputcsv(): the $escape parameter must be provided as its default value will change","file":"/var/www/html/dte /dte_sietelsa/src/services/IvaWorkbookExportService.php","line":523}}
[11-Jun-2026 22:36:29 America/El_Salvador] PHP Deprecated:  fputcsv(): the $escape parameter must be provided as its default value will change in /var/www/html/dte /dte_sietelsa/src/services/IvaWorkbookExportService.php on line 523
[11-Jun-2026 22:36:29 America/El_Salvador] [sietelsa] {"ts":"2026-06-11T22:36:29-06:00","message":"Runtime warning","context":{"severity":8192,"message":"fputcsv(): the $escape parameter must be provided as its default value will change","file":"/var/www/html/dte /dte_sietelsa/src/services/IvaWorkbookExportService.php","line":523}}
[11-Jun-2026 22:36:29 America/El_Salvador] PHP Deprecated:  fputcsv(): the $escape parameter must be provided as its default value will change in /var/www/html/dte /dte_sietelsa/src/services/IvaWorkbookExportService.php on line 523
[11-Jun-2026 22:36:29 America/El_Salvador] [sietelsa] {"ts":"2026-06-11T22:36:29-06:00","message":"Runtime warning","context":{"severity":8192,"message":"fputcsv(): the $escape parameter must be provided as its default value will change","file":"/var/www/html/dte /dte_sietelsa/src/services/IvaWorkbookExportService.php","line":523}}
[11-Jun-2026 22:36:29 America/El_Salvador] PHP Deprecated:  fputcsv(): the $escape parameter must be provided as its default value will change in /var/www/html/dte /dte_sietelsa/src/services/IvaWorkbookExportService.php on line 523
[11-Jun-2026 22:36:29 America/El_Salvador] [sietelsa] {"ts":"2026-06-11T22:36:29-06:00","message":"Runtime warning","context":{"severity":8192,"message":"fputcsv(): the $escape parameter must be provided as its default value will change","file":"/var/www/html/dte /dte_sietelsa/src/services/IvaWorkbookExportService.php","line":523}}
[11-Jun-2026 22:36:29 America/El_Salvador] PHP Deprecated:  fputcsv(): the $escape parameter must be provided as its default value will change in /var/www/html/dte /dte_sietelsa/src/services/IvaWorkbookExportService.php on line 523
[11-Jun-2026 22:36:29 America/El_Salvador] [sietelsa] {"ts":"2026-06-11T22:36:29-06:00","message":"Runtime warning","context":{"severity":8192,"message":"fputcsv(): the $escape parameter must be provided as its default value will change","file":"/var/www/html/dte /dte_sietelsa/src/services/IvaWorkbookExportService.php","line":523}}
[11-Jun-2026 22:36:29 America/El_Salvador] PHP Deprecated:  fputcsv(): the $escape parameter must be provided as its default value will change in /var/www/html/dte /dte_sietelsa/src/services/IvaWorkbookExportService.php on line 523
[11-Jun-2026 22:36:29 America/El_Salvador] [sietelsa] {"ts":"2026-06-11T22:36:29-06:00","message":"Runtime warning","context":{"severity":8192,"message":"fputcsv(): the $escape parameter must be provided as its default value will change","file":"/var/www/html/dte /dte_sietelsa/src/services/IvaWorkbookExportService.php","line":523}}
[11-Jun-2026 22:36:29 America/El_Salvador] PHP Deprecated:  fputcsv(): the $escape parameter must be provided as its default value will change in /var/www/html/dte /dte_sietelsa/src/services/IvaWorkbookExportService.php on line 523
[11-Jun-2026 22:36:29 America/El_Salvador] [sietelsa] {"ts":"2026-06-11T22:36:29-06:00","message":"Runtime warning","context":{"severity":8192,"message":"fputcsv(): the $escape parameter must be provided as its default value will change","file":"/var/www/html/dte /dte_sietelsa/src/services/IvaWorkbookExportService.php","line":523}}
[11-Jun-2026 22:36:29 America/El_Salvador] PHP Deprecated:  fputcsv(): the $escape parameter must be provided as its default value will change in /var/www/html/dte /dte_sietelsa/src/services/IvaWorkbookExportService.php on line 523
[11-Jun-2026 22:36:29 America/El_Salvador] [sietelsa] {"ts":"2026-06-11T22:36:29-06:00","message":"Runtime warning","context":{"severity":8192,"message":"fputcsv(): the $escape parameter must be provided as its default value will change","file":"/var/www/html/dte /dte_sietelsa/src/services/IvaWorkbookExportService.php","line":523}}
[11-Jun-2026 22:36:29 America/El_Salvador] PHP Deprecated:  fputcsv(): the $escape parameter must be provided as its default value will change in /var/www/html/dte /dte_sietelsa/src/services/IvaWorkbookExportService.php on line 523
[11-Jun-2026 22:36:29 America/El_Salvador] [sietelsa] {"ts":"2026-06-11T22:36:29-06:00","message":"Runtime warning","context":{"severity":8192,"message":"fputcsv(): the $escape parameter must be provided as its default value will change","file":"/var/www/html/dte /dte_sietelsa/src/services/IvaWorkbookExportService.php","line":523}}
[11-Jun-2026 22:36:29 America/El_Salvador] PHP Deprecated:  fputcsv(): the $escape parameter must be provided as its default value will change in /var/www/html/dte /dte_sietelsa/src/services/IvaWorkbookExportService.php on line 523
[11-Jun-2026 22:36:29 America/El_Salvador] [sietelsa] {"ts":"2026-06-11T22:36:29-06:00","message":"Runtime warning","context":{"severity":8192,"message":"fputcsv(): the $escape parameter must be provided as its default value will change","file":"/var/www/html/dte /dte_sietelsa/src/services/IvaWorkbookExportService.php","line":523}}
[11-Jun-2026 22:36:29 America/El_Salvador] PHP Deprecated:  fputcsv(): the $escape parameter must be provided as its default value will change in /var/www/html/dte /dte_sietelsa/src/services/IvaWorkbookExportService.php on line 523
[11-Jun-2026 22:36:29 America/El_Salvador] [sietelsa] {"ts":"2026-06-11T22:36:29-06:00","message":"Runtime warning","context":{"severity":8192,"message":"fputcsv(): the $escape parameter must be provided as its default value will change","file":"/var/www/html/dte /dte_sietelsa/src/services/IvaWorkbookExportService.php","line":523}}
[11-Jun-2026 22:36:29 America/El_Salvador] PHP Deprecated:  fputcsv(): the $escape parameter must be provided as its default value will change in /var/www/html/dte /dte_sietelsa/src/services/IvaWorkbookExportService.php on line 523
[11-Jun-2026 22:36:29 America/El_Salvador] [sietelsa] {"ts":"2026-06-11T22:36:29-06:00","message":"Runtime warning","context":{"severity":8192,"message":"fputcsv(): the $escape parameter must be provided as its default value will change","file":"/var/www/html/dte /dte_sietelsa/src/services/IvaWorkbookExportService.php","line":523}}
[11-Jun-2026 22:36:29 America/El_Salvador] PHP Deprecated:  fputcsv(): the $escape parameter must be provided as its default value will change in /var/www/html/dte /dte_sietelsa/src/services/IvaWorkbookExportService.php on line 523
[11-Jun-2026 22:36:29 America/El_Salvador] [sietelsa] {"ts":"2026-06-11T22:36:29-06:00","message":"Runtime warning","context":{"severity":8192,"message":"fputcsv(): the $escape parameter must be provided as its default value will change","file":"/var/www/html/dte /dte_sietelsa/src/services/IvaWorkbookExportService.php","line":523}}
[11-Jun-2026 22:36:29 America/El_Salvador] PHP Deprecated:  fputcsv(): the $escape parameter must be provided as its default value will change in /var/www/html/dte /dte_sietelsa/src/services/IvaWorkbookExportService.php on line 523
[11-Jun-2026 22:36:29 America/El_Salvador] [sietelsa] {"ts":"2026-06-11T22:36:29-06:00","message":"Runtime warning","context":{"severity":8192,"message":"fputcsv(): the $escape parameter must be provided as its default value will change","file":"/var/www/html/dte /dte_sietelsa/src/services/IvaWorkbookExportService.php","line":523}}
[11-Jun-2026 22:36:29 America/El_Salvador] PHP Deprecated:  fputcsv(): the $escape parameter must be provided as its default value will change in /var/www/html/dte /dte_sietelsa/src/services/IvaWorkbookExportService.php on line 523
[11-Jun-2026 22:36:29 America/El_Salvador] [sietelsa] {"ts":"2026-06-11T22:36:29-06:00","message":"Runtime warning","context":{"severity":8192,"message":"fputcsv(): the $escape parameter must be provided as its default value will change","file":"/var/www/html/dte /dte_sietelsa/src/services/IvaWorkbookExportService.php","line":523}}
[11-Jun-2026 22:36:29 America/El_Salvador] PHP Deprecated:  fputcsv(): the $escape parameter must be provided as its default value will change in /var/www/html/dte /dte_sietelsa/src/services/IvaWorkbookExportService.php on line 523
[11-Jun-2026 22:36:29 America/El_Salvador] [sietelsa] {"ts":"2026-06-11T22:36:29-06:00","message":"Runtime warning","context":{"severity":8192,"message":"fputcsv(): the $escape parameter must be provided as its default value will change","file":"/var/www/html/dte /dte_sietelsa/src/services/IvaWorkbookExportService.php","line":523}}
[11-Jun-2026 22:36:29 America/El_Salvador] PHP Deprecated:  fputcsv(): the $escape parameter must be provided as its default value will change in /var/www/html/dte /dte_sietelsa/src/services/IvaWorkbookExportService.php on line 523
[11-Jun-2026 22:36:29 America/El_Salvador] [sietelsa] {"ts":"2026-06-11T22:36:29-06:00","message":"Runtime warning","context":{"severity":8192,"message":"fputcsv(): the $escape parameter must be provided as its default value will change","file":"/var/www/html/dte /dte_sietelsa/src/services/IvaWorkbookExportService.php","line":523}}
[11-Jun-2026 22:36:29 America/El_Salvador] PHP Deprecated:  fputcsv(): the $escape parameter must be provided as its default value will change in /var/www/html/dte /dte_sietelsa/src/services/IvaWorkbookExportService.php on line 523
[11-Jun-2026 22:36:29 America/El_Salvador] [sietelsa] {"ts":"2026-06-11T22:36:29-06:00","message":"Runtime warning","context":{"severity":8192,"message":"fputcsv(): the $escape parameter must be provided as its default value will change","file":"/var/www/html/dte /dte_sietelsa/src/services/IvaWorkbookExportService.php","line":523}}
[11-Jun-2026 22:36:29 America/El_Salvador] PHP Deprecated:  fputcsv(): the $escape parameter must be provided as its default value will change in /var/www/html/dte /dte_sietelsa/src/services/IvaWorkbookExportService.php on line 523
[11-Jun-2026 22:36:29 America/El_Salvador] [sietelsa] {"ts":"2026-06-11T22:36:29-06:00","message":"Runtime warning","context":{"severity":8192,"message":"fputcsv(): the $escape parameter must be provided as its default value will change","file":"/var/www/html/dte /dte_sietelsa/src/services/IvaWorkbookExportService.php","line":523}}
[11-Jun-2026 22:36:29 America/El_Salvador] PHP Deprecated:  fputcsv(): the $escape parameter must be provided as its default value will change in /var/www/html/dte /dte_sietelsa/src/services/IvaWorkbookExportService.php on line 523
[11-Jun-2026 22:36:29 America/El_Salvador] [sietelsa] {"ts":"2026-06-11T22:36:29-06:00","message":"Runtime warning","context":{"severity":8192,"message":"fputcsv(): the $escape parameter must be provided as its default value will change","file":"/var/www/html/dte /dte_sietelsa/src/services/IvaWorkbookExportService.php","line":523}}
[11-Jun-2026 22:36:29 America/El_Salvador] PHP Deprecated:  fputcsv(): the $escape parameter must be provided as its default value will change in /var/www/html/dte /dte_sietelsa/src/services/IvaWorkbookExportService.php on line 523
[11-Jun-2026 22:36:29 America/El_Salvador] [sietelsa] {"ts":"2026-06-11T22:36:29-06:00","message":"Runtime warning","context":{"severity":8192,"message":"fputcsv(): the $escape parameter must be provided as its default value will change","file":"/var/www/html/dte /dte_sietelsa/src/services/IvaWorkbookExportService.php","line":523}}
[11-Jun-2026 22:36:29 America/El_Salvador] PHP Deprecated:  fputcsv(): the $escape parameter must be provided as its default value will change in /var/www/html/dte /dte_sietelsa/src/services/IvaWorkbookExportService.php on line 523
[11-Jun-2026 22:36:29 America/El_Salvador] [sietelsa] {"ts":"2026-06-11T22:36:29-06:00","message":"Runtime warning","context":{"severity":8192,"message":"fputcsv(): the $escape parameter must be provided as its default value will change","file":"/var/www/html/dte /dte_sietelsa/src/services/IvaWorkbookExportService.php","line":523}}
[11-Jun-2026 22:36:29 America/El_Salvador] PHP Deprecated:  fputcsv(): the $escape parameter must be provided as its default value will change in /var/www/html/dte /dte_sietelsa/src/services/IvaWorkbookExportService.php on line 523
[11-Jun-2026 22:36:29 America/El_Salvador] [sietelsa] {"ts":"2026-06-11T22:36:29-06:00","message":"Runtime warning","context":{"severity":8192,"message":"fputcsv(): the $escape parameter must be provided as its default value will change","file":"/var/www/html/dte /dte_sietelsa/src/services/IvaWorkbookExportService.php","line":523}}
[11-Jun-2026 22:36:29 America/El_Salvador] PHP Deprecated:  fputcsv(): the $escape parameter must be provided as its default value will change in /var/www/html/dte /dte_sietelsa/src/services/IvaWorkbookExportService.php on line 523
[11-Jun-2026 22:36:29 America/El_Salvador] [sietelsa] {"ts":"2026-06-11T22:36:29-06:00","message":"Runtime warning","context":{"severity":8192,"message":"fputcsv(): the $escape parameter must be provided as its default value will change","file":"/var/www/html/dte /dte_sietelsa/src/services/IvaWorkbookExportService.php","line":523}}
[11-Jun-2026 22:36:29 America/El_Salvador] PHP Deprecated:  fputcsv(): the $escape parameter must be provided as its default value will change in /var/www/html/dte /dte_sietelsa/src/services/IvaWorkbookExportService.php on line 523
[11-Jun-2026 22:36:29 America/El_Salvador] [sietelsa] {"ts":"2026-06-11T22:36:29-06:00","message":"Runtime warning","context":{"severity":8192,"message":"fputcsv(): the $escape parameter must be provided as its default value will change","file":"/var/www/html/dte /dte_sietelsa/src/services/IvaWorkbookExportService.php","line":523}}
[11-Jun-2026 22:36:29 America/El_Salvador] PHP Deprecated:  fputcsv(): the $escape parameter must be provided as its default value will change in /var/www/html/dte /dte_sietelsa/src/services/IvaWorkbookExportService.php on line 523
[11-Jun-2026 22:36:29 America/El_Salvador] [sietelsa] {"ts":"2026-06-11T22:36:29-06:00","message":"Runtime warning","context":{"severity":8192,"message":"fputcsv(): the $escape parameter must be provided as its default value will change","file":"/var/www/html/dte /dte_sietelsa/src/services/IvaWorkbookExportService.php","line":523}}
[11-Jun-2026 22:36:29 America/El_Salvador] PHP Deprecated:  fputcsv(): the $escape parameter must be provided as its default value will change in /var/www/html/dte /dte_sietelsa/src/services/IvaWorkbookExportService.php on line 523
[11-Jun-2026 22:36:29 America/El_Salvador] [sietelsa] {"ts":"2026-06-11T22:36:29-06:00","message":"Runtime warning","context":{"severity":8192,"message":"fputcsv(): the $escape parameter must be provided as its default value will change","file":"/var/www/html/dte /dte_sietelsa/src/services/IvaWorkbookExportService.php","line":523}}
[11-Jun-2026 22:36:29 America/El_Salvador] PHP Deprecated:  fputcsv(): the $escape parameter must be provided as its default value will change in /var/www/html/dte /dte_sietelsa/src/services/IvaWorkbookExportService.php on line 523
[11-Jun-2026 22:36:29 America/El_Salvador] [sietelsa] {"ts":"2026-06-11T22:36:29-06:00","message":"Runtime warning","context":{"severity":8192,"message":"fputcsv(): the $escape parameter must be provided as its default value will change","file":"/var/www/html/dte /dte_sietelsa/src/services/IvaWorkbookExportService.php","line":523}}
[11-Jun-2026 22:36:29 America/El_Salvador] PHP Deprecated:  fputcsv(): the $escape parameter must be provided as its default value will change in /var/www/html/dte /dte_sietelsa/src/services/IvaWorkbookExportService.php on line 523
[11-Jun-2026 22:36:29 America/El_Salvador] [sietelsa] {"ts":"2026-06-11T22:36:29-06:00","message":"Runtime warning","context":{"severity":8192,"message":"fputcsv(): the $escape parameter must be provided as its default value will change","file":"/var/www/html/dte /dte_sietelsa/src/services/IvaWorkbookExportService.php","line":523}}
[11-Jun-2026 22:36:29 America/El_Salvador] PHP Deprecated:  fputcsv(): the $escape parameter must be provided as its default value will change in /var/www/html/dte /dte_sietelsa/src/services/IvaWorkbookExportService.php on line 523
[11-Jun-2026 22:36:29 America/El_Salvador] [sietelsa] {"ts":"2026-06-11T22:36:29-06:00","message":"Runtime warning","context":{"severity":8192,"message":"fputcsv(): the $escape parameter must be provided as its default value will change","file":"/var/www/html/dte /dte_sietelsa/src/services/IvaWorkbookExportService.php","line":523}}
[11-Jun-2026 22:36:29 America/El_Salvador] PHP Deprecated:  fputcsv(): the $escape parameter must be provided as its default value will change in /var/www/html/dte /dte_sietelsa/src/services/IvaWorkbookExportService.php on line 523
[11-Jun-2026 22:36:29 America/El_Salvador] [sietelsa] {"ts":"2026-06-11T22:36:29-06:00","message":"Runtime warning","context":{"severity":8192,"message":"fputcsv(): the $escape parameter must be provided as its default value will change","file":"/var/www/html/dte /dte_sietelsa/src/services/IvaWorkbookExportService.php","line":523}}
[11-Jun-2026 22:36:29 America/El_Salvador] PHP Deprecated:  fputcsv(): the $escape parameter must be provided as its default value will change in /var/www/html/dte /dte_sietelsa/src/services/IvaWorkbookExportService.php on line 523
[11-Jun-2026 22:36:29 America/El_Salvador] [sietelsa] {"ts":"2026-06-11T22:36:29-06:00","message":"Runtime warning","context":{"severity":8192,"message":"fputcsv(): the $escape parameter must be provided as its default value will change","file":"/var/www/html/dte /dte_sietelsa/src/services/IvaWorkbookExportService.php","line":523}}
[11-Jun-2026 22:36:29 America/El_Salvador] PHP Deprecated:  fputcsv(): the $escape parameter must be provided as its default value will change in /var/www/html/dte /dte_sietelsa/src/services/IvaWorkbookExportService.php on line 523
[11-Jun-2026 22:36:29 America/El_Salvador] [sietelsa] {"ts":"2026-06-11T22:36:29-06:00","message":"Runtime warning","context":{"severity":8192,"message":"fputcsv(): the $escape parameter must be provided as its default value will change","file":"/var/www/html/dte /dte_sietelsa/src/services/IvaWorkbookExportService.php","line":523}}
[11-Jun-2026 22:36:29 America/El_Salvador] PHP Deprecated:  fputcsv(): the $escape parameter must be provided as its default value will change in /var/www/html/dte /dte_sietelsa/src/services/IvaWorkbookExportService.php on line 523
[11-Jun-2026 22:36:29 America/El_Salvador] [sietelsa] {"ts":"2026-06-11T22:36:29-06:00","message":"Runtime warning","context":{"severity":8192,"message":"fputcsv(): the $escape parameter must be provided as its default value will change","file":"/var/www/html/dte /dte_sietelsa/src/services/IvaWorkbookExportService.php","line":523}}
[11-Jun-2026 22:36:29 America/El_Salvador] PHP Deprecated:  fputcsv(): the $escape parameter must be provided as its default value will change in /var/www/html/dte /dte_sietelsa/src/services/IvaWorkbookExportService.php on line 523
[11-Jun-2026 22:36:29 America/El_Salvador] [sietelsa] {"ts":"2026-06-11T22:36:29-06:00","message":"Runtime warning","context":{"severity":8192,"message":"fputcsv(): the $escape parameter must be provided as its default value will change","file":"/var/www/html/dte /dte_sietelsa/src/services/IvaWorkbookExportService.php","line":523}}
[11-Jun-2026 22:36:29 America/El_Salvador] PHP Deprecated:  fputcsv(): the $escape parameter must be provided as its default value will change in /var/www/html/dte /dte_sietelsa/src/services/IvaWorkbookExportService.php on line 523
[11-Jun-2026 22:36:29 America/El_Salvador] [sietelsa] {"ts":"2026-06-11T22:36:29-06:00","message":"Runtime warning","context":{"severity":8192,"message":"fputcsv(): the $escape parameter must be provided as its default value will change","file":"/var/www/html/dte /dte_sietelsa/src/services/IvaWorkbookExportService.php","line":523}}
[11-Jun-2026 22:36:29 America/El_Salvador] PHP Deprecated:  fputcsv(): the $escape parameter must be provided as its default value will change in /var/www/html/dte /dte_sietelsa/src/services/IvaWorkbookExportService.php on line 523
[11-Jun-2026 22:36:29 America/El_Salvador] [sietelsa] {"ts":"2026-06-11T22:36:29-06:00","message":"Runtime warning","context":{"severity":8192,"message":"fputcsv(): the $escape parameter must be provided as its default value will change","file":"/var/www/html/dte /dte_sietelsa/src/services/IvaWorkbookExportService.php","line":523}}
[11-Jun-2026 22:36:29 America/El_Salvador] PHP Deprecated:  fputcsv(): the $escape parameter must be provided as its default value will change in /var/www/html/dte /dte_sietelsa/src/services/IvaWorkbookExportService.php on line 523
[11-Jun-2026 22:36:29 America/El_Salvador] [sietelsa] {"ts":"2026-06-11T22:36:29-06:00","message":"Runtime warning","context":{"severity":8192,"message":"fputcsv(): the $escape parameter must be provided as its default value will change","file":"/var/www/html/dte /dte_sietelsa/src/services/IvaWorkbookExportService.php","line":523}}
[11-Jun-2026 22:36:29 America/El_Salvador] PHP Deprecated:  fputcsv(): the $escape parameter must be provided as its default value will change in /var/www/html/dte /dte_sietelsa/src/services/IvaWorkbookExportService.php on line 523
[11-Jun-2026 22:36:29 America/El_Salvador] [sietelsa] {"ts":"2026-06-11T22:36:29-06:00","message":"Runtime warning","context":{"severity":8192,"message":"fputcsv(): the $escape parameter must be provided as its default value will change","file":"/var/www/html/dte /dte_sietelsa/src/services/IvaWorkbookExportService.php","line":523}}
[11-Jun-2026 22:36:29 America/El_Salvador] PHP Deprecated:  fputcsv(): the $escape parameter must be provided as its default value will change in /var/www/html/dte /dte_sietelsa/src/services/IvaWorkbookExportService.php on line 523
[11-Jun-2026 22:36:29 America/El_Salvador] [sietelsa] {"ts":"2026-06-11T22:36:29-06:00","message":"Runtime warning","context":{"severity":8192,"message":"fputcsv(): the $escape parameter must be provided as its default value will change","file":"/var/www/html/dte /dte_sietelsa/src/services/IvaWorkbookExportService.php","line":523}}
[11-Jun-2026 22:36:29 America/El_Salvador] PHP Deprecated:  fputcsv(): the $escape parameter must be provided as its default value will change in /var/www/html/dte /dte_sietelsa/src/services/IvaWorkbookExportService.php on line 523
[11-Jun-2026 22:36:29 America/El_Salvador] [sietelsa] {"ts":"2026-06-11T22:36:29-06:00","message":"Runtime warning","context":{"severity":8192,"message":"fputcsv(): the $escape parameter must be provided as its default value will change","file":"/var/www/html/dte /dte_sietelsa/src/services/IvaWorkbookExportService.php","line":523}}
[11-Jun-2026 22:36:29 America/El_Salvador] PHP Deprecated:  fputcsv(): the $escape parameter must be provided as its default value will change in /var/www/html/dte /dte_sietelsa/src/services/IvaWorkbookExportService.php on line 523
[11-Jun-2026 22:36:29 America/El_Salvador] [sietelsa] {"ts":"2026-06-11T22:36:29-06:00","message":"Runtime warning","context":{"severity":8192,"message":"fputcsv(): the $escape parameter must be provided as its default value will change","file":"/var/www/html/dte /dte_sietelsa/src/services/IvaWorkbookExportService.php","line":523}}
[11-Jun-2026 22:36:29 America/El_Salvador] PHP Deprecated:  fputcsv(): the $escape parameter must be provided as its default value will change in /var/www/html/dte /dte_sietelsa/src/services/IvaWorkbookExportService.php on line 523
[11-Jun-2026 22:36:29 America/El_Salvador] [sietelsa] {"ts":"2026-06-11T22:36:29-06:00","message":"Runtime warning","context":{"severity":8192,"message":"fputcsv(): the $escape parameter must be provided as its default value will change","file":"/var/www/html/dte /dte_sietelsa/src/services/IvaWorkbookExportService.php","line":523}}
[11-Jun-2026 22:36:29 America/El_Salvador] PHP Deprecated:  fputcsv(): the $escape parameter must be provided as its default value will change in /var/www/html/dte /dte_sietelsa/src/services/IvaWorkbookExportService.php on line 523
[11-Jun-2026 22:36:29 America/El_Salvador] [sietelsa] {"ts":"2026-06-11T22:36:29-06:00","message":"Runtime warning","context":{"severity":8192,"message":"fputcsv(): the $escape parameter must be provided as its default value will change","file":"/var/www/html/dte /dte_sietelsa/src/services/IvaWorkbookExportService.php","line":523}}
[11-Jun-2026 22:36:29 America/El_Salvador] PHP Deprecated:  fputcsv(): the $escape parameter must be provided as its default value will change in /var/www/html/dte /dte_sietelsa/src/services/IvaWorkbookExportService.php on line 523
[11-Jun-2026 22:36:29 America/El_Salvador] [sietelsa] {"ts":"2026-06-11T22:36:29-06:00","message":"Runtime warning","context":{"severity":8192,"message":"fputcsv(): the $escape parameter must be provided as its default value will change","file":"/var/www/html/dte /dte_sietelsa/src/services/IvaWorkbookExportService.php","line":523}}
[11-Jun-2026 22:36:29 America/El_Salvador] PHP Deprecated:  fputcsv(): the $escape parameter must be provided as its default value will change in /var/www/html/dte /dte_sietelsa/src/services/IvaWorkbookExportService.php on line 523
[11-Jun-2026 22:36:29 America/El_Salvador] [sietelsa] {"ts":"2026-06-11T22:36:29-06:00","message":"Runtime warning","context":{"severity":8192,"message":"fputcsv(): the $escape parameter must be provided as its default value will change","file":"/var/www/html/dte /dte_sietelsa/src/services/IvaWorkbookExportService.php","line":523}}
[11-Jun-2026 22:36:29 America/El_Salvador] PHP Deprecated:  fputcsv(): the $escape parameter must be provided as its default value will change in /var/www/html/dte /dte_sietelsa/src/services/IvaWorkbookExportService.php on line 523
[11-Jun-2026 22:36:29 America/El_Salvador] [sietelsa] {"ts":"2026-06-11T22:36:29-06:00","message":"Runtime warning","context":{"severity":8192,"message":"fputcsv(): the $escape parameter must be provided as its default value will change","file":"/var/www/html/dte /dte_sietelsa/src/services/IvaWorkbookExportService.php","line":523}}
[11-Jun-2026 22:36:29 America/El_Salvador] PHP Deprecated:  fputcsv(): the $escape parameter must be provided as its default value will change in /var/www/html/dte /dte_sietelsa/src/services/IvaWorkbookExportService.php on line 523
[11-Jun-2026 22:36:29 America/El_Salvador] [sietelsa] {"ts":"2026-06-11T22:36:29-06:00","message":"Runtime warning","context":{"severity":8192,"message":"fputcsv(): the $escape parameter must be provided as its default value will change","file":"/var/www/html/dte /dte_sietelsa/src/services/IvaWorkbookExportService.php","line":523}}
[11-Jun-2026 22:36:29 America/El_Salvador] PHP Deprecated:  fputcsv(): the $escape parameter must be provided as its default value will change in /var/www/html/dte /dte_sietelsa/src/services/IvaWorkbookExportService.php on line 523
[11-Jun-2026 22:36:29 America/El_Salvador] [sietelsa] {"ts":"2026-06-11T22:36:29-06:00","message":"Runtime warning","context":{"severity":8192,"message":"fputcsv(): the $escape parameter must be provided as its default value will change","file":"/var/www/html/dte /dte_sietelsa/src/services/IvaWorkbookExportService.php","line":523}}
[11-Jun-2026 22:36:29 America/El_Salvador] PHP Deprecated:  fputcsv(): the $escape parameter must be provided as its default value will change in /var/www/html/dte /dte_sietelsa/src/services/IvaWorkbookExportService.php on line 523
[11-Jun-2026 22:36:29 America/El_Salvador] [sietelsa] {"ts":"2026-06-11T22:36:29-06:00","message":"Runtime warning","context":{"severity":8192,"message":"fputcsv(): the $escape parameter must be provided as its default value will change","file":"/var/www/html/dte /dte_sietelsa/src/services/IvaWorkbookExportService.php","line":523}}
[11-Jun-2026 22:36:29 America/El_Salvador] PHP Deprecated:  fputcsv(): the $escape parameter must be provided as its default value will change in /var/www/html/dte /dte_sietelsa/src/services/IvaWorkbookExportService.php on line 523
[11-Jun-2026 22:36:29 America/El_Salvador] [sietelsa] {"ts":"2026-06-11T22:36:29-06:00","message":"Runtime warning","context":{"severity":8192,"message":"fputcsv(): the $escape parameter must be provided as its default value will change","file":"/var/www/html/dte /dte_sietelsa/src/services/IvaWorkbookExportService.php","line":523}}
[11-Jun-2026 22:36:29 America/El_Salvador] PHP Deprecated:  fputcsv(): the $escape parameter must be provided as its default value will change in /var/www/html/dte /dte_sietelsa/src/services/IvaWorkbookExportService.php on line 523
[11-Jun-2026 22:36:29 America/El_Salvador] [sietelsa] {"ts":"2026-06-11T22:36:29-06:00","message":"Runtime warning","context":{"severity":8192,"message":"fputcsv(): the $escape parameter must be provided as its default value will change","file":"/var/www/html/dte /dte_sietelsa/src/services/IvaWorkbookExportService.php","line":523}}
[11-Jun-2026 22:36:29 America/El_Salvador] PHP Deprecated:  fputcsv(): the $escape parameter must be provided as its default value will change in /var/www/html/dte /dte_sietelsa/src/services/IvaWorkbookExportService.php on line 523
[11-Jun-2026 22:36:29 America/El_Salvador] [sietelsa] {"ts":"2026-06-11T22:36:29-06:00","message":"Runtime warning","context":{"severity":8192,"message":"fputcsv(): the $escape parameter must be provided as its default value will change","file":"/var/www/html/dte /dte_sietelsa/src/services/IvaWorkbookExportService.php","line":523}}
[11-Jun-2026 22:36:29 America/El_Salvador] PHP Deprecated:  fputcsv(): the $escape parameter must be provided as its default value will change in /var/www/html/dte /dte_sietelsa/src/services/IvaWorkbookExportService.php on line 523
[11-Jun-2026 22:36:29 America/El_Salvador] [sietelsa] {"ts":"2026-06-11T22:36:29-06:00","message":"Runtime warning","context":{"severity":8192,"message":"fputcsv(): the $escape parameter must be provided as its default value will change","file":"/var/www/html/dte /dte_sietelsa/src/services/IvaWorkbookExportService.php","line":523}}
[11-Jun-2026 22:36:29 America/El_Salvador] PHP Deprecated:  fputcsv(): the $escape parameter must be provided as its default value will change in /var/www/html/dte /dte_sietelsa/src/services/IvaWorkbookExportService.php on line 523
[11-Jun-2026 22:36:29 America/El_Salvador] [sietelsa] {"ts":"2026-06-11T22:36:29-06:00","message":"Runtime warning","context":{"severity":8192,"message":"fputcsv(): the $escape parameter must be provided as its default value will change","file":"/var/www/html/dte /dte_sietelsa/src/services/IvaWorkbookExportService.php","line":523}}
[11-Jun-2026 22:36:29 America/El_Salvador] PHP Deprecated:  fputcsv(): the $escape parameter must be provided as its default value will change in /var/www/html/dte /dte_sietelsa/src/services/IvaWorkbookExportService.php on line 523
[11-Jun-2026 22:36:29 America/El_Salvador] [sietelsa] {"ts":"2026-06-11T22:36:29-06:00","message":"Runtime warning","context":{"severity":8192,"message":"fputcsv(): the $escape parameter must be provided as its default value will change","file":"/var/www/html/dte /dte_sietelsa/src/services/IvaWorkbookExportService.php","line":523}}
[11-Jun-2026 22:36:29 America/El_Salvador] PHP Deprecated:  fputcsv(): the $escape parameter must be provided as its default value will change in /var/www/html/dte /dte_sietelsa/src/services/IvaWorkbookExportService.php on line 523
[11-Jun-2026 22:36:29 America/El_Salvador] [sietelsa] {"ts":"2026-06-11T22:36:29-06:00","message":"Runtime warning","context":{"severity":8192,"message":"fputcsv(): the $escape parameter must be provided as its default value will change","file":"/var/www/html/dte /dte_sietelsa/src/services/IvaWorkbookExportService.php","line":523}}
[11-Jun-2026 22:36:29 America/El_Salvador] PHP Deprecated:  fputcsv(): the $escape parameter must be provided as its default value will change in /var/www/html/dte /dte_sietelsa/src/services/IvaWorkbookExportService.php on line 523
[11-Jun-2026 22:36:29 America/El_Salvador] [sietelsa] {"ts":"2026-06-11T22:36:29-06:00","message":"Runtime warning","context":{"severity":8192,"message":"fputcsv(): the $escape parameter must be provided as its default value will change","file":"/var/www/html/dte /dte_sietelsa/src/services/IvaWorkbookExportService.php","line":523}}
[11-Jun-2026 22:36:29 America/El_Salvador] PHP Deprecated:  fputcsv(): the $escape parameter must be provided as its default value will change in /var/www/html/dte /dte_sietelsa/src/services/IvaWorkbookExportService.php on line 523
[11-Jun-2026 22:36:29 America/El_Salvador] [sietelsa] {"ts":"2026-06-11T22:36:29-06:00","message":"Runtime warning","context":{"severity":8192,"message":"fputcsv(): the $escape parameter must be provided as its default value will change","file":"/var/www/html/dte /dte_sietelsa/src/services/IvaWorkbookExportService.php","line":523}}
[11-Jun-2026 22:36:29 America/El_Salvador] PHP Deprecated:  fputcsv(): the $escape parameter must be provided as its default value will change in /var/www/html/dte /dte_sietelsa/src/services/IvaWorkbookExportService.php on line 523
[11-Jun-2026 22:36:29 America/El_Salvador] [sietelsa] {"ts":"2026-06-11T22:36:29-06:00","message":"Runtime warning","context":{"severity":8192,"message":"fputcsv(): the $escape parameter must be provided as its default value will change","file":"/var/www/html/dte /dte_sietelsa/src/services/IvaWorkbookExportService.php","line":523}}
[11-Jun-2026 22:36:29 America/El_Salvador] PHP Deprecated:  fputcsv(): the $escape parameter must be provided as its default value will change in /var/www/html/dte /dte_sietelsa/src/services/IvaWorkbookExportService.php on line 523
[11-Jun-2026 22:36:29 America/El_Salvador] [sietelsa] {"ts":"2026-06-11T22:36:29-06:00","message":"Runtime warning","context":{"severity":8192,"message":"fputcsv(): the $escape parameter must be provided as its default value will change","file":"/var/www/html/dte /dte_sietelsa/src/services/IvaWorkbookExportService.php","line":523}}
[11-Jun-2026 22:36:29 America/El_Salvador] PHP Deprecated:  fputcsv(): the $escape parameter must be provided as its default value will change in /var/www/html/dte /dte_sietelsa/src/services/IvaWorkbookExportService.php on line 523
[11-Jun-2026 22:36:29 America/El_Salvador] [sietelsa] {"ts":"2026-06-11T22:36:29-06:00","message":"Runtime warning","context":{"severity":8192,"message":"fputcsv(): the $escape parameter must be provided as its default value will change","file":"/var/www/html/dte /dte_sietelsa/src/services/IvaWorkbookExportService.php","line":523}}
[11-Jun-2026 22:36:29 America/El_Salvador] PHP Deprecated:  fputcsv(): the $escape parameter must be provided as its default value will change in /var/www/html/dte /dte_sietelsa/src/services/IvaWorkbookExportService.php on line 523
[11-Jun-2026 22:36:29 America/El_Salvador] [sietelsa] {"ts":"2026-06-11T22:36:29-06:00","message":"Runtime warning","context":{"severity":8192,"message":"fputcsv(): the $escape parameter must be provided as its default value will change","file":"/var/www/html/dte /dte_sietelsa/src/services/IvaWorkbookExportService.php","line":523}}
[11-Jun-2026 22:36:29 America/El_Salvador] PHP Deprecated:  fputcsv(): the $escape parameter must be provided as its default value will change in /var/www/html/dte /dte_sietelsa/src/services/IvaWorkbookExportService.php on line 523
[11-Jun-2026 22:36:29 America/El_Salvador] [sietelsa] {"ts":"2026-06-11T22:36:29-06:00","message":"Runtime warning","context":{"severity":8192,"message":"fputcsv(): the $escape parameter must be provided as its default value will change","file":"/var/www/html/dte /dte_sietelsa/src/services/IvaWorkbookExportService.php","line":523}}
[11-Jun-2026 22:36:29 America/El_Salvador] PHP Deprecated:  fputcsv(): the $escape parameter must be provided as its default value will change in /var/www/html/dte /dte_sietelsa/src/services/IvaWorkbookExportService.php on line 523
[11-Jun-2026 22:36:29 America/El_Salvador] [sietelsa] {"ts":"2026-06-11T22:36:29-06:00","message":"Runtime warning","context":{"severity":8192,"message":"fputcsv(): the $escape parameter must be provided as its default value will change","file":"/var/www/html/dte /dte_sietelsa/src/services/IvaWorkbookExportService.php","line":523}}
[11-Jun-2026 22:36:29 America/El_Salvador] PHP Deprecated:  fputcsv(): the $escape parameter must be provided as its default value will change in /var/www/html/dte /dte_sietelsa/src/services/IvaWorkbookExportService.php on line 523
[11-Jun-2026 22:36:29 America/El_Salvador] [sietelsa] {"ts":"2026-06-11T22:36:29-06:00","message":"Runtime warning","context":{"severity":8192,"message":"fputcsv(): the $escape parameter must be provided as its default value will change","file":"/var/www/html/dte /dte_sietelsa/src/services/IvaWorkbookExportService.php","line":523}}
[11-Jun-2026 22:36:29 America/El_Salvador] PHP Deprecated:  fputcsv(): the $escape parameter must be provided as its default value will change in /var/www/html/dte /dte_sietelsa/src/services/IvaWorkbookExportService.php on line 523
[11-Jun-2026 22:36:29 America/El_Salvador] [sietelsa] {"ts":"2026-06-11T22:36:29-06:00","message":"Runtime warning","context":{"severity":8192,"message":"fputcsv(): the $escape parameter must be provided as its default value will change","file":"/var/www/html/dte /dte_sietelsa/src/services/IvaWorkbookExportService.php","line":523}}
[11-Jun-2026 22:36:29 America/El_Salvador] PHP Deprecated:  fputcsv(): the $escape parameter must be provided as its default value will change in /var/www/html/dte /dte_sietelsa/src/services/IvaWorkbookExportService.php on line 523
[11-Jun-2026 22:36:29 America/El_Salvador] [sietelsa] {"ts":"2026-06-11T22:36:29-06:00","message":"Runtime warning","context":{"severity":8192,"message":"fputcsv(): the $escape parameter must be provided as its default value will change","file":"/var/www/html/dte /dte_sietelsa/src/services/IvaWorkbookExportService.php","line":523}}
[11-Jun-2026 22:36:29 America/El_Salvador] PHP Deprecated:  fputcsv(): the $escape parameter must be provided as its default value will change in /var/www/html/dte /dte_sietelsa/src/services/IvaWorkbookExportService.php on line 523
[11-Jun-2026 22:36:29 America/El_Salvador] [sietelsa] {"ts":"2026-06-11T22:36:29-06:00","message":"Runtime warning","context":{"severity":8192,"message":"fputcsv(): the $escape parameter must be provided as its default value will change","file":"/var/www/html/dte /dte_sietelsa/src/services/IvaWorkbookExportService.php","line":523}}
[11-Jun-2026 22:36:29 America/El_Salvador] PHP Deprecated:  fputcsv(): the $escape parameter must be provided as its default value will change in /var/www/html/dte /dte_sietelsa/src/services/IvaWorkbookExportService.php on line 523
[11-Jun-2026 22:36:29 America/El_Salvador] [sietelsa] {"ts":"2026-06-11T22:36:29-06:00","message":"Runtime warning","context":{"severity":8192,"message":"fputcsv(): the $escape parameter must be provided as its default value will change","file":"/var/www/html/dte /dte_sietelsa/src/services/IvaWorkbookExportService.php","line":523}}
[11-Jun-2026 22:36:29 America/El_Salvador] PHP Deprecated:  fputcsv(): the $escape parameter must be provided as its default value will change in /var/www/html/dte /dte_sietelsa/src/services/IvaWorkbookExportService.php on line 523
[11-Jun-2026 22:36:29 America/El_Salvador] [sietelsa] {"ts":"2026-06-11T22:36:29-06:00","message":"Runtime warning","context":{"severity":8192,"message":"fputcsv(): the $escape parameter must be provided as its default value will change","file":"/var/www/html/dte /dte_sietelsa/src/services/IvaWorkbookExportService.php","line":523}}
[11-Jun-2026 22:36:29 America/El_Salvador] PHP Deprecated:  fputcsv(): the $escape parameter must be provided as its default value will change in /var/www/html/dte /dte_sietelsa/src/services/IvaWorkbookExportService.php on line 523
[11-Jun-2026 22:36:29 America/El_Salvador] [sietelsa] {"ts":"2026-06-11T22:36:29-06:00","message":"Runtime warning","context":{"severity":8192,"message":"fputcsv(): the $escape parameter must be provided as its default value will change","file":"/var/www/html/dte /dte_sietelsa/src/services/IvaWorkbookExportService.php","line":523}}
[11-Jun-2026 22:36:29 America/El_Salvador] PHP Deprecated:  fputcsv(): the $escape parameter must be provided as its default value will change in /var/www/html/dte /dte_sietelsa/src/services/IvaWorkbookExportService.php on line 523
[11-Jun-2026 22:36:29 America/El_Salvador] [sietelsa] {"ts":"2026-06-11T22:36:29-06:00","message":"Runtime warning","context":{"severity":8192,"message":"fputcsv(): the $escape parameter must be provided as its default value will change","file":"/var/www/html/dte /dte_sietelsa/src/services/IvaWorkbookExportService.php","line":523}}
[11-Jun-2026 22:36:29 America/El_Salvador] PHP Deprecated:  fputcsv(): the $escape parameter must be provided as its default value will change in /var/www/html/dte /dte_sietelsa/src/services/IvaWorkbookExportService.php on line 523
[11-Jun-2026 22:36:29 America/El_Salvador] [sietelsa] {"ts":"2026-06-11T22:36:29-06:00","message":"Runtime warning","context":{"severity":8192,"message":"fputcsv(): the $escape parameter must be provided as its default value will change","file":"/var/www/html/dte /dte_sietelsa/src/services/IvaWorkbookExportService.php","line":523}}
[11-Jun-2026 22:36:29 America/El_Salvador] PHP Deprecated:  fputcsv(): the $escape parameter must be provided as its default value will change in /var/www/html/dte /dte_sietelsa/src/services/IvaWorkbookExportService.php on line 523
[11-Jun-2026 22:36:29 America/El_Salvador] [sietelsa] {"ts":"2026-06-11T22:36:29-06:00","message":"Runtime warning","context":{"severity":8192,"message":"fputcsv(): the $escape parameter must be provided as its default value will change","file":"/var/www/html/dte /dte_sietelsa/src/services/IvaWorkbookExportService.php","line":523}}
[11-Jun-2026 22:36:29 America/El_Salvador] PHP Deprecated:  fputcsv(): the $escape parameter must be provided as its default value will change in /var/www/html/dte /dte_sietelsa/src/services/IvaWorkbookExportService.php on line 523
[11-Jun-2026 22:36:29 America/El_Salvador] [sietelsa] {"ts":"2026-06-11T22:36:29-06:00","message":"Runtime warning","context":{"severity":8192,"message":"fputcsv(): the $escape parameter must be provided as its default value will change","file":"/var/www/html/dte /dte_sietelsa/src/services/IvaWorkbookExportService.php","line":523}}
[11-Jun-2026 22:36:29 America/El_Salvador] PHP Deprecated:  fputcsv(): the $escape parameter must be provided as its default value will change in /var/www/html/dte /dte_sietelsa/src/services/IvaWorkbookExportService.php on line 523
[11-Jun-2026 22:36:29 America/El_Salvador] [sietelsa] {"ts":"2026-06-11T22:36:29-06:00","message":"Runtime warning","context":{"severity":8192,"message":"fputcsv(): the $escape parameter must be provided as its default value will change","file":"/var/www/html/dte /dte_sietelsa/src/services/IvaWorkbookExportService.php","line":523}}
[11-Jun-2026 22:36:29 America/El_Salvador] PHP Deprecated:  fputcsv(): the $escape parameter must be provided as its default value will change in /var/www/html/dte /dte_sietelsa/src/services/IvaWorkbookExportService.php on line 523
[11-Jun-2026 22:36:29 America/El_Salvador] [sietelsa] {"ts":"2026-06-11T22:36:29-06:00","message":"Runtime warning","context":{"severity":8192,"message":"fputcsv(): the $escape parameter must be provided as its default value will change","file":"/var/www/html/dte /dte_sietelsa/src/services/IvaWorkbookExportService.php","line":523}}
[11-Jun-2026 22:36:29 America/El_Salvador] PHP Deprecated:  fputcsv(): the $escape parameter must be provided as its default value will change in /var/www/html/dte /dte_sietelsa/src/services/IvaWorkbookExportService.php on line 523
[11-Jun-2026 22:36:29 America/El_Salvador] [sietelsa] {"ts":"2026-06-11T22:36:29-06:00","message":"Runtime warning","context":{"severity":8192,"message":"fputcsv(): the $escape parameter must be provided as its default value will change","file":"/var/www/html/dte /dte_sietelsa/src/services/IvaWorkbookExportService.php","line":523}}
[11-Jun-2026 22:36:29 America/El_Salvador] PHP Deprecated:  fputcsv(): the $escape parameter must be provided as its default value will change in /var/www/html/dte /dte_sietelsa/src/services/IvaWorkbookExportService.php on line 523
[11-Jun-2026 22:36:29 America/El_Salvador] [sietelsa] {"ts":"2026-06-11T22:36:29-06:00","message":"Runtime warning","context":{"severity":8192,"message":"fputcsv(): the $escape parameter must be provided as its default value will change","file":"/var/www/html/dte /dte_sietelsa/src/services/IvaWorkbookExportService.php","line":523}}
[11-Jun-2026 22:36:29 America/El_Salvador] PHP Deprecated:  fputcsv(): the $escape parameter must be provided as its default value will change in /var/www/html/dte /dte_sietelsa/src/services/IvaWorkbookExportService.php on line 523
[11-Jun-2026 22:36:29 America/El_Salvador] [sietelsa] {"ts":"2026-06-11T22:36:29-06:00","message":"Runtime warning","context":{"severity":8192,"message":"fputcsv(): the $escape parameter must be provided as its default value will change","file":"/var/www/html/dte /dte_sietelsa/src/services/IvaWorkbookExportService.php","line":523}}
[11-Jun-2026 22:36:29 America/El_Salvador] PHP Deprecated:  fputcsv(): the $escape parameter must be provided as its default value will change in /var/www/html/dte /dte_sietelsa/src/services/IvaWorkbookExportService.php on line 523
[11-Jun-2026 22:36:29 America/El_Salvador] [sietelsa] {"ts":"2026-06-11T22:36:29-06:00","message":"Runtime warning","context":{"severity":8192,"message":"fputcsv(): the $escape parameter must be provided as its default value will change","file":"/var/www/html/dte /dte_sietelsa/src/services/IvaWorkbookExportService.php","line":523}}
[11-Jun-2026 22:36:29 America/El_Salvador] PHP Deprecated:  fputcsv(): the $escape parameter must be provided as its default value will change in /var/www/html/dte /dte_sietelsa/src/services/IvaWorkbookExportService.php on line 523
[11-Jun-2026 22:36:29 America/El_Salvador] [sietelsa] {"ts":"2026-06-11T22:36:29-06:00","message":"Runtime warning","context":{"severity":8192,"message":"fputcsv(): the $escape parameter must be provided as its default value will change","file":"/var/www/html/dte /dte_sietelsa/src/services/IvaWorkbookExportService.php","line":523}}
[11-Jun-2026 22:36:29 America/El_Salvador] PHP Deprecated:  fputcsv(): the $escape parameter must be provided as its default value will change in /var/www/html/dte /dte_sietelsa/src/services/IvaWorkbookExportService.php on line 523
[11-Jun-2026 22:36:29 America/El_Salvador] [sietelsa] {"ts":"2026-06-11T22:36:29-06:00","message":"Runtime warning","context":{"severity":8192,"message":"fputcsv(): the $escape parameter must be provided as its default value will change","file":"/var/www/html/dte /dte_sietelsa/src/services/IvaWorkbookExportService.php","line":523}}
[11-Jun-2026 22:36:29 America/El_Salvador] PHP Deprecated:  fputcsv(): the $escape parameter must be provided as its default value will change in /var/www/html/dte /dte_sietelsa/src/services/IvaWorkbookExportService.php on line 523
[11-Jun-2026 22:36:29 America/El_Salvador] [sietelsa] {"ts":"2026-06-11T22:36:29-06:00","message":"Runtime warning","context":{"severity":8192,"message":"fputcsv(): the $escape parameter must be provided as its default value will change","file":"/var/www/html/dte /dte_sietelsa/src/services/IvaWorkbookExportService.php","line":523}}
[11-Jun-2026 22:36:29 America/El_Salvador] PHP Deprecated:  fputcsv(): the $escape parameter must be provided as its default value will change in /var/www/html/dte /dte_sietelsa/src/services/IvaWorkbookExportService.php on line 523
[11-Jun-2026 22:36:29 America/El_Salvador] [sietelsa] {"ts":"2026-06-11T22:36:29-06:00","message":"Runtime warning","context":{"severity":8192,"message":"fputcsv(): the $escape parameter must be provided as its default value will change","file":"/var/www/html/dte /dte_sietelsa/src/services/IvaWorkbookExportService.php","line":523}}
[11-Jun-2026 22:36:29 America/El_Salvador] PHP Deprecated:  fputcsv(): the $escape parameter must be provided as its default value will change in /var/www/html/dte /dte_sietelsa/src/services/IvaWorkbookExportService.php on line 523
[11-Jun-2026 22:36:29 America/El_Salvador] [sietelsa] {"ts":"2026-06-11T22:36:29-06:00","message":"Runtime warning","context":{"severity":8192,"message":"fputcsv(): the $escape parameter must be provided as its default value will change","file":"/var/www/html/dte /dte_sietelsa/src/services/IvaWorkbookExportService.php","line":523}}
[11-Jun-2026 22:36:29 America/El_Salvador] PHP Deprecated:  fputcsv(): the $escape parameter must be provided as its default value will change in /var/www/html/dte /dte_sietelsa/src/services/IvaWorkbookExportService.php on line 523
[11-Jun-2026 22:36:29 America/El_Salvador] [sietelsa] {"ts":"2026-06-11T22:36:29-06:00","message":"Runtime warning","context":{"severity":8192,"message":"fputcsv(): the $escape parameter must be provided as its default value will change","file":"/var/www/html/dte /dte_sietelsa/src/services/IvaWorkbookExportService.php","line":523}}
[11-Jun-2026 22:36:29 America/El_Salvador] PHP Deprecated:  fputcsv(): the $escape parameter must be provided as its default value will change in /var/www/html/dte /dte_sietelsa/src/services/IvaWorkbookExportService.php on line 523
[11-Jun-2026 22:36:29 America/El_Salvador] [sietelsa] {"ts":"2026-06-11T22:36:29-06:00","message":"Runtime warning","context":{"severity":8192,"message":"fputcsv(): the $escape parameter must be provided as its default value will change","file":"/var/www/html/dte /dte_sietelsa/src/services/IvaWorkbookExportService.php","line":523}}
[11-Jun-2026 22:36:29 America/El_Salvador] PHP Deprecated:  fputcsv(): the $escape parameter must be provided as its default value will change in /var/www/html/dte /dte_sietelsa/src/services/IvaWorkbookExportService.php on line 523
[11-Jun-2026 22:36:29 America/El_Salvador] [sietelsa] {"ts":"2026-06-11T22:36:29-06:00","message":"Runtime warning","context":{"severity":8192,"message":"fputcsv(): the $escape parameter must be provided as its default value will change","file":"/var/www/html/dte /dte_sietelsa/src/services/IvaWorkbookExportService.php","line":523}}
[11-Jun-2026 22:36:29 America/El_Salvador] PHP Deprecated:  fputcsv(): the $escape parameter must be provided as its default value will change in /var/www/html/dte /dte_sietelsa/src/services/IvaWorkbookExportService.php on line 523
[11-Jun-2026 22:36:29 America/El_Salvador] [sietelsa] {"ts":"2026-06-11T22:36:29-06:00","message":"Runtime warning","context":{"severity":8192,"message":"fputcsv(): the $escape parameter must be provided as its default value will change","file":"/var/www/html/dte /dte_sietelsa/src/services/IvaWorkbookExportService.php","line":523}}
[11-Jun-2026 22:36:29 America/El_Salvador] PHP Deprecated:  fputcsv(): the $escape parameter must be provided as its default value will change in /var/www/html/dte /dte_sietelsa/src/services/IvaWorkbookExportService.php on line 523
[11-Jun-2026 22:36:29 America/El_Salvador] [sietelsa] {"ts":"2026-06-11T22:36:29-06:00","message":"Runtime warning","context":{"severity":8192,"message":"fputcsv(): the $escape parameter must be provided as its default value will change","file":"/var/www/html/dte /dte_sietelsa/src/services/IvaWorkbookExportService.php","line":523}}
[11-Jun-2026 22:36:29 America/El_Salvador] PHP Deprecated:  fputcsv(): the $escape parameter must be provided as its default value will change in /var/www/html/dte /dte_sietelsa/src/services/IvaWorkbookExportService.php on line 523
[11-Jun-2026 22:36:29 America/El_Salvador] [sietelsa] {"ts":"2026-06-11T22:36:29-06:00","message":"Runtime warning","context":{"severity":8192,"message":"fputcsv(): the $escape parameter must be provided as its default value will change","file":"/var/www/html/dte /dte_sietelsa/src/services/IvaWorkbookExportService.php","line":523}}
[11-Jun-2026 22:36:29 America/El_Salvador] PHP Deprecated:  fputcsv(): the $escape parameter must be provided as its default value will change in /var/www/html/dte /dte_sietelsa/src/services/IvaWorkbookExportService.php on line 523
[11-Jun-2026 22:36:29 America/El_Salvador] [sietelsa] {"ts":"2026-06-11T22:36:29-06:00","message":"Runtime warning","context":{"severity":8192,"message":"fputcsv(): the $escape parameter must be provided as its default value will change","file":"/var/www/html/dte /dte_sietelsa/src/services/IvaWorkbookExportService.php","line":523}}
[11-Jun-2026 22:36:29 America/El_Salvador] PHP Deprecated:  fputcsv(): the $escape parameter must be provided as its default value will change in /var/www/html/dte /dte_sietelsa/src/services/IvaWorkbookExportService.php on line 523
[11-Jun-2026 22:36:29 America/El_Salvador] [sietelsa] {"ts":"2026-06-11T22:36:29-06:00","message":"Runtime warning","context":{"severity":8192,"message":"fputcsv(): the $escape parameter must be provided as its default value will change","file":"/var/www/html/dte /dte_sietelsa/src/services/IvaWorkbookExportService.php","line":523}}
[11-Jun-2026 22:36:29 America/El_Salvador] PHP Deprecated:  fputcsv(): the $escape parameter must be provided as its default value will change in /var/www/html/dte /dte_sietelsa/src/services/IvaWorkbookExportService.php on line 523
[11-Jun-2026 22:36:29 America/El_Salvador] [sietelsa] {"ts":"2026-06-11T22:36:29-06:00","message":"Runtime warning","context":{"severity":8192,"message":"fputcsv(): the $escape parameter must be provided as its default value will change","file":"/var/www/html/dte /dte_sietelsa/src/services/IvaWorkbookExportService.php","line":523}}
[11-Jun-2026 22:36:29 America/El_Salvador] PHP Deprecated:  fputcsv(): the $escape parameter must be provided as its default value will change in /var/www/html/dte /dte_sietelsa/src/services/IvaWorkbookExportService.php on line 523
[11-Jun-2026 22:36:29 America/El_Salvador] [sietelsa] {"ts":"2026-06-11T22:36:29-06:00","message":"Runtime warning","context":{"severity":8192,"message":"fputcsv(): the $escape parameter must be provided as its default value will change","file":"/var/www/html/dte /dte_sietelsa/src/services/IvaWorkbookExportService.php","line":523}}
[11-Jun-2026 22:36:29 America/El_Salvador] PHP Deprecated:  fputcsv(): the $escape parameter must be provided as its default value will change in /var/www/html/dte /dte_sietelsa/src/services/IvaWorkbookExportService.php on line 523
[11-Jun-2026 22:36:29 America/El_Salvador] [sietelsa] {"ts":"2026-06-11T22:36:29-06:00","message":"Runtime warning","context":{"severity":8192,"message":"fputcsv(): the $escape parameter must be provided as its default value will change","file":"/var/www/html/dte /dte_sietelsa/src/services/IvaWorkbookExportService.php","line":523}}
[11-Jun-2026 22:36:29 America/El_Salvador] PHP Deprecated:  fputcsv(): the $escape parameter must be provided as its default value will change in /var/www/html/dte /dte_sietelsa/src/services/IvaWorkbookExportService.php on line 523
[11-Jun-2026 22:36:29 America/El_Salvador] [sietelsa] {"ts":"2026-06-11T22:36:29-06:00","message":"Runtime warning","context":{"severity":8192,"message":"fputcsv(): the $escape parameter must be provided as its default value will change","file":"/var/www/html/dte /dte_sietelsa/src/services/IvaWorkbookExportService.php","line":523}}
[11-Jun-2026 22:36:29 America/El_Salvador] PHP Deprecated:  fputcsv(): the $escape parameter must be provided as its default value will change in /var/www/html/dte /dte_sietelsa/src/services/IvaWorkbookExportService.php on line 523
[11-Jun-2026 22:36:29 America/El_Salvador] [sietelsa] {"ts":"2026-06-11T22:36:29-06:00","message":"Runtime warning","context":{"severity":8192,"message":"fputcsv(): the $escape parameter must be provided as its default value will change","file":"/var/www/html/dte /dte_sietelsa/src/services/IvaWorkbookExportService.php","line":523}}
[11-Jun-2026 22:36:29 America/El_Salvador] PHP Deprecated:  fputcsv(): the $escape parameter must be provided as its default value will change in /var/www/html/dte /dte_sietelsa/src/services/IvaWorkbookExportService.php on line 523
[11-Jun-2026 22:36:29 America/El_Salvador] [sietelsa] {"ts":"2026-06-11T22:36:29-06:00","message":"Runtime warning","context":{"severity":8192,"message":"fputcsv(): the $escape parameter must be provided as its default value will change","file":"/var/www/html/dte /dte_sietelsa/src/services/IvaWorkbookExportService.php","line":523}}
[11-Jun-2026 22:36:29 America/El_Salvador] PHP Deprecated:  fputcsv(): the $escape parameter must be provided as its default value will change in /var/www/html/dte /dte_sietelsa/src/services/IvaWorkbookExportService.php on line 523
[11-Jun-2026 22:36:29 America/El_Salvador] [sietelsa] {"ts":"2026-06-11T22:36:29-06:00","message":"Runtime warning","context":{"severity":8192,"message":"fputcsv(): the $escape parameter must be provided as its default value will change","file":"/var/www/html/dte /dte_sietelsa/src/services/IvaWorkbookExportService.php","line":523}}
[11-Jun-2026 22:36:29 America/El_Salvador] PHP Deprecated:  fputcsv(): the $escape parameter must be provided as its default value will change in /var/www/html/dte /dte_sietelsa/src/services/IvaWorkbookExportService.php on line 523
[11-Jun-2026 22:36:29 America/El_Salvador] [sietelsa] {"ts":"2026-06-11T22:36:29-06:00","message":"Runtime warning","context":{"severity":8192,"message":"fputcsv(): the $escape parameter must be provided as its default value will change","file":"/var/www/html/dte /dte_sietelsa/src/services/IvaWorkbookExportService.php","line":523}}
[11-Jun-2026 22:36:29 America/El_Salvador] PHP Deprecated:  fputcsv(): the $escape parameter must be provided as its default value will change in /var/www/html/dte /dte_sietelsa/src/services/IvaWorkbookExportService.php on line 523
[11-Jun-2026 22:36:29 America/El_Salvador] [sietelsa] {"ts":"2026-06-11T22:36:29-06:00","message":"Runtime warning","context":{"severity":8192,"message":"fputcsv(): the $escape parameter must be provided as its default value will change","file":"/var/www/html/dte /dte_sietelsa/src/services/IvaWorkbookExportService.php","line":523}}
[11-Jun-2026 22:36:29 America/El_Salvador] PHP Deprecated:  fputcsv(): the $escape parameter must be provided as its default value will change in /var/www/html/dte /dte_sietelsa/src/services/IvaWorkbookExportService.php on line 523
[11-Jun-2026 22:36:29 America/El_Salvador] [sietelsa] {"ts":"2026-06-11T22:36:29-06:00","message":"Runtime warning","context":{"severity":8192,"message":"fputcsv(): the $escape parameter must be provided as its default value will change","file":"/var/www/html/dte /dte_sietelsa/src/services/IvaWorkbookExportService.php","line":523}}
[11-Jun-2026 22:36:29 America/El_Salvador] PHP Deprecated:  fputcsv(): the $escape parameter must be provided as its default value will change in /var/www/html/dte /dte_sietelsa/src/services/IvaWorkbookExportService.php on line 523
[11-Jun-2026 22:36:29 America/El_Salvador] [sietelsa] {"ts":"2026-06-11T22:36:29-06:00","message":"Runtime warning","context":{"severity":8192,"message":"fputcsv(): the $escape parameter must be provided as its default value will change","file":"/var/www/html/dte /dte_sietelsa/src/services/IvaWorkbookExportService.php","line":523}}
[11-Jun-2026 22:36:29 America/El_Salvador] PHP Deprecated:  fputcsv(): the $escape parameter must be provided as its default value will change in /var/www/html/dte /dte_sietelsa/src/services/IvaWorkbookExportService.php on line 523
[11-Jun-2026 22:36:29 America/El_Salvador] [sietelsa] {"ts":"2026-06-11T22:36:29-06:00","message":"Runtime warning","context":{"severity":8192,"message":"fputcsv(): the $escape parameter must be provided as its default value will change","file":"/var/www/html/dte /dte_sietelsa/src/services/IvaWorkbookExportService.php","line":523}}
[11-Jun-2026 22:36:29 America/El_Salvador] PHP Deprecated:  fputcsv(): the $escape parameter must be provided as its default value will change in /var/www/html/dte /dte_sietelsa/src/services/IvaWorkbookExportService.php on line 523
[11-Jun-2026 22:36:29 America/El_Salvador] [sietelsa] {"ts":"2026-06-11T22:36:29-06:00","message":"Runtime warning","context":{"severity":8192,"message":"fputcsv(): the $escape parameter must be provided as its default value will change","file":"/var/www/html/dte /dte_sietelsa/src/services/IvaWorkbookExportService.php","line":523}}
[11-Jun-2026 22:36:29 America/El_Salvador] PHP Deprecated:  fputcsv(): the $escape parameter must be provided as its default value will change in /var/www/html/dte /dte_sietelsa/src/services/IvaWorkbookExportService.php on line 523
[11-Jun-2026 22:36:29 America/El_Salvador] [sietelsa] {"ts":"2026-06-11T22:36:29-06:00","message":"Runtime warning","context":{"severity":8192,"message":"fputcsv(): the $escape parameter must be provided as its default value will change","file":"/var/www/html/dte /dte_sietelsa/src/services/IvaWorkbookExportService.php","line":523}}
[11-Jun-2026 22:36:29 America/El_Salvador] PHP Deprecated:  fputcsv(): the $escape parameter must be provided as its default value will change in /var/www/html/dte /dte_sietelsa/src/services/IvaWorkbookExportService.php on line 523
[11-Jun-2026 22:36:29 America/El_Salvador] [sietelsa] {"ts":"2026-06-11T22:36:29-06:00","message":"Runtime warning","context":{"severity":8192,"message":"fputcsv(): the $escape parameter must be provided as its default value will change","file":"/var/www/html/dte /dte_sietelsa/src/services/IvaWorkbookExportService.php","line":523}}
[11-Jun-2026 22:36:29 America/El_Salvador] PHP Deprecated:  fputcsv(): the $escape parameter must be provided as its default value will change in /var/www/html/dte /dte_sietelsa/src/services/IvaWorkbookExportService.php on line 523
[11-Jun-2026 22:36:29 America/El_Salvador] [sietelsa] {"ts":"2026-06-11T22:36:29-06:00","message":"Runtime warning","context":{"severity":8192,"message":"fputcsv(): the $escape parameter must be provided as its default value will change","file":"/var/www/html/dte /dte_sietelsa/src/services/IvaWorkbookExportService.php","line":523}}
[11-Jun-2026 22:36:29 America/El_Salvador] PHP Deprecated:  fputcsv(): the $escape parameter must be provided as its default value will change in /var/www/html/dte /dte_sietelsa/src/services/IvaWorkbookExportService.php on line 523
[11-Jun-2026 22:36:29 America/El_Salvador] [sietelsa] {"ts":"2026-06-11T22:36:29-06:00","message":"Runtime warning","context":{"severity":8192,"message":"fputcsv(): the $escape parameter must be provided as its default value will change","file":"/var/www/html/dte /dte_sietelsa/src/services/IvaWorkbookExportService.php","line":523}}
[11-Jun-2026 22:36:29 America/El_Salvador] PHP Deprecated:  fputcsv(): the $escape parameter must be provided as its default value will change in /var/www/html/dte /dte_sietelsa/src/services/IvaWorkbookExportService.php on line 523
[11-Jun-2026 22:36:29 America/El_Salvador] [sietelsa] {"ts":"2026-06-11T22:36:29-06:00","message":"Runtime warning","context":{"severity":8192,"message":"fputcsv(): the $escape parameter must be provided as its default value will change","file":"/var/www/html/dte /dte_sietelsa/src/services/IvaWorkbookExportService.php","line":523}}
[11-Jun-2026 22:36:29 America/El_Salvador] PHP Deprecated:  fputcsv(): the $escape parameter must be provided as its default value will change in /var/www/html/dte /dte_sietelsa/src/services/IvaWorkbookExportService.php on line 523
[11-Jun-2026 22:36:29 America/El_Salvador] [sietelsa] {"ts":"2026-06-11T22:36:29-06:00","message":"Runtime warning","context":{"severity":8192,"message":"fputcsv(): the $escape parameter must be provided as its default value will change","file":"/var/www/html/dte /dte_sietelsa/src/services/IvaWorkbookExportService.php","line":523}}
[11-Jun-2026 22:36:29 America/El_Salvador] PHP Deprecated:  fputcsv(): the $escape parameter must be provided as its default value will change in /var/www/html/dte /dte_sietelsa/src/services/IvaWorkbookExportService.php on line 523
[11-Jun-2026 22:36:29 America/El_Salvador] [sietelsa] {"ts":"2026-06-11T22:36:29-06:00","message":"Runtime warning","context":{"severity":8192,"message":"fputcsv(): the $escape parameter must be provided as its default value will change","file":"/var/www/html/dte /dte_sietelsa/src/services/IvaWorkbookExportService.php","line":523}}
[11-Jun-2026 22:36:29 America/El_Salvador] PHP Deprecated:  fputcsv(): the $escape parameter must be provided as its default value will change in /var/www/html/dte /dte_sietelsa/src/services/IvaWorkbookExportService.php on line 523
[11-Jun-2026 22:36:29 America/El_Salvador] [sietelsa] {"ts":"2026-06-11T22:36:29-06:00","message":"Runtime warning","context":{"severity":8192,"message":"fputcsv(): the $escape parameter must be provided as its default value will change","file":"/var/www/html/dte /dte_sietelsa/src/services/IvaWorkbookExportService.php","line":523}}
[11-Jun-2026 22:36:29 America/El_Salvador] PHP Deprecated:  fputcsv(): the $escape parameter must be provided as its default value will change in /var/www/html/dte /dte_sietelsa/src/services/IvaWorkbookExportService.php on line 523
[11-Jun-2026 22:36:29 America/El_Salvador] [sietelsa] {"ts":"2026-06-11T22:36:29-06:00","message":"Runtime warning","context":{"severity":8192,"message":"fputcsv(): the $escape parameter must be provided as its default value will change","file":"/var/www/html/dte /dte_sietelsa/src/services/IvaWorkbookExportService.php","line":523}}
[11-Jun-2026 22:36:29 America/El_Salvador] PHP Deprecated:  fputcsv(): the $escape parameter must be provided as its default value will change in /var/www/html/dte /dte_sietelsa/src/services/IvaWorkbookExportService.php on line 523
[11-Jun-2026 22:36:29 America/El_Salvador] [sietelsa] {"ts":"2026-06-11T22:36:29-06:00","message":"Runtime warning","context":{"severity":8192,"message":"fputcsv(): the $escape parameter must be provided as its default value will change","file":"/var/www/html/dte /dte_sietelsa/src/services/IvaWorkbookExportService.php","line":523}}
[11-Jun-2026 22:36:29 America/El_Salvador] PHP Deprecated:  fputcsv(): the $escape parameter must be provided as its default value will change in /var/www/html/dte /dte_sietelsa/src/services/IvaWorkbookExportService.php on line 523
[11-Jun-2026 22:36:29 America/El_Salvador] [sietelsa] {"ts":"2026-06-11T22:36:29-06:00","message":"Runtime warning","context":{"severity":8192,"message":"fputcsv(): the $escape parameter must be provided as its default value will change","file":"/var/www/html/dte /dte_sietelsa/src/services/IvaWorkbookExportService.php","line":523}}
[11-Jun-2026 22:36:29 America/El_Salvador] PHP Deprecated:  fputcsv(): the $escape parameter must be provided as its default value will change in /var/www/html/dte /dte_sietelsa/src/services/IvaWorkbookExportService.php on line 523
[11-Jun-2026 22:36:29 America/El_Salvador] [sietelsa] {"ts":"2026-06-11T22:36:29-06:00","message":"Runtime warning","context":{"severity":8192,"message":"fputcsv(): the $escape parameter must be provided as its default value will change","file":"/var/www/html/dte /dte_sietelsa/src/services/IvaWorkbookExportService.php","line":523}}
[11-Jun-2026 22:36:29 America/El_Salvador] PHP Deprecated:  fputcsv(): the $escape parameter must be provided as its default value will change in /var/www/html/dte /dte_sietelsa/src/services/IvaWorkbookExportService.php on line 523
[11-Jun-2026 22:36:29 America/El_Salvador] [sietelsa] {"ts":"2026-06-11T22:36:29-06:00","message":"Runtime warning","context":{"severity":8192,"message":"fputcsv(): the $escape parameter must be provided as its default value will change","file":"/var/www/html/dte /dte_sietelsa/src/services/IvaWorkbookExportService.php","line":523}}
[11-Jun-2026 22:36:29 America/El_Salvador] PHP Deprecated:  fputcsv(): the $escape parameter must be provided as its default value will change in /var/www/html/dte /dte_sietelsa/src/services/IvaWorkbookExportService.php on line 523
[11-Jun-2026 22:36:29 America/El_Salvador] [sietelsa] {"ts":"2026-06-11T22:36:29-06:00","message":"Runtime warning","context":{"severity":8192,"message":"fputcsv(): the $escape parameter must be provided as its default value will change","file":"/var/www/html/dte /dte_sietelsa/src/services/IvaWorkbookExportService.php","line":523}}
[11-Jun-2026 22:36:29 America/El_Salvador] PHP Deprecated:  fputcsv(): the $escape parameter must be provided as its default value will change in /var/www/html/dte /dte_sietelsa/src/services/IvaWorkbookExportService.php on line 523
[11-Jun-2026 22:36:29 America/El_Salvador] [sietelsa] {"ts":"2026-06-11T22:36:29-06:00","message":"Runtime warning","context":{"severity":8192,"message":"fputcsv(): the $escape parameter must be provided as its default value will change","file":"/var/www/html/dte /dte_sietelsa/src/services/IvaWorkbookExportService.php","line":523}}
[11-Jun-2026 22:36:29 America/El_Salvador] PHP Deprecated:  fputcsv(): the $escape parameter must be provided as its default value will change in /var/www/html/dte /dte_sietelsa/src/services/IvaWorkbookExportService.php on line 523
[11-Jun-2026 22:36:29 America/El_Salvador] [sietelsa] {"ts":"2026-06-11T22:36:29-06:00","message":"Runtime warning","context":{"severity":8192,"message":"fputcsv(): the $escape parameter must be provided as its default value will change","file":"/var/www/html/dte /dte_sietelsa/src/services/IvaWorkbookExportService.php","line":523}}
[11-Jun-2026 22:36:29 America/El_Salvador] PHP Deprecated:  fputcsv(): the $escape parameter must be provided as its default value will change in /var/www/html/dte /dte_sietelsa/src/services/IvaWorkbookExportService.php on line 523
[11-Jun-2026 22:36:29 America/El_Salvador] [sietelsa] {"ts":"2026-06-11T22:36:29-06:00","message":"Runtime warning","context":{"severity":8192,"message":"fputcsv(): the $escape parameter must be provided as its default value will change","file":"/var/www/html/dte /dte_sietelsa/src/services/IvaWorkbookExportService.php","line":523}}
[11-Jun-2026 22:36:29 America/El_Salvador] PHP Deprecated:  fputcsv(): the $escape parameter must be provided as its default value will change in /var/www/html/dte /dte_sietelsa/src/services/IvaWorkbookExportService.php on line 523
[11-Jun-2026 22:36:29 America/El_Salvador] [sietelsa] {"ts":"2026-06-11T22:36:29-06:00","message":"Runtime warning","context":{"severity":8192,"message":"fputcsv(): the $escape parameter must be provided as its default value will change","file":"/var/www/html/dte /dte_sietelsa/src/services/IvaWorkbookExportService.php","line":523}}
[11-Jun-2026 22:36:29 America/El_Salvador] PHP Deprecated:  fputcsv(): the $escape parameter must be provided as its default value will change in /var/www/html/dte /dte_sietelsa/src/services/IvaWorkbookExportService.php on line 523
[11-Jun-2026 22:36:29 America/El_Salvador] [sietelsa] {"ts":"2026-06-11T22:36:29-06:00","message":"Runtime warning","context":{"severity":8192,"message":"fputcsv(): the $escape parameter must be provided as its default value will change","file":"/var/www/html/dte /dte_sietelsa/src/services/IvaWorkbookExportService.php","line":523}}
[11-Jun-2026 22:36:29 America/El_Salvador] PHP Deprecated:  fputcsv(): the $escape parameter must be provided as its default value will change in /var/www/html/dte /dte_sietelsa/src/services/IvaWorkbookExportService.php on line 523
[11-Jun-2026 22:36:29 America/El_Salvador] [sietelsa] {"ts":"2026-06-11T22:36:29-06:00","message":"Runtime warning","context":{"severity":8192,"message":"fputcsv(): the $escape parameter must be provided as its default value will change","file":"/var/www/html/dte /dte_sietelsa/src/services/IvaWorkbookExportService.php","line":523}}
[11-Jun-2026 22:36:29 America/El_Salvador] PHP Deprecated:  fputcsv(): the $escape parameter must be provided as its default value will change in /var/www/html/dte /dte_sietelsa/src/services/IvaWorkbookExportService.php on line 523
[11-Jun-2026 22:36:29 America/El_Salvador] [sietelsa] {"ts":"2026-06-11T22:36:29-06:00","message":"Runtime warning","context":{"severity":8192,"message":"fputcsv(): the $escape parameter must be provided as its default value will change","file":"/var/www/html/dte /dte_sietelsa/src/services/IvaWorkbookExportService.php","line":523}}
[11-Jun-2026 22:36:29 America/El_Salvador] PHP Deprecated:  fputcsv(): the $escape parameter must be provided as its default value will change in /var/www/html/dte /dte_sietelsa/src/services/IvaWorkbookExportService.php on line 523
[11-Jun-2026 22:36:29 America/El_Salvador] [sietelsa] {"ts":"2026-06-11T22:36:29-06:00","message":"Runtime warning","context":{"severity":8192,"message":"fputcsv(): the $escape parameter must be provided as its default value will change","file":"/var/www/html/dte /dte_sietelsa/src/services/IvaWorkbookExportService.php","line":523}}
[11-Jun-2026 22:36:29 America/El_Salvador] PHP Deprecated:  fputcsv(): the $escape parameter must be provided as its default value will change in /var/www/html/dte /dte_sietelsa/src/services/IvaWorkbookExportService.php on line 523
[11-Jun-2026 22:36:29 America/El_Salvador] [sietelsa] {"ts":"2026-06-11T22:36:29-06:00","message":"Runtime warning","context":{"severity":8192,"message":"fputcsv(): the $escape parameter must be provided as its default value will change","file":"/var/www/html/dte /dte_sietelsa/src/services/IvaWorkbookExportService.php","line":523}}
[11-Jun-2026 22:36:29 America/El_Salvador] PHP Deprecated:  fputcsv(): the $escape parameter must be provided as its default value will change in /var/www/html/dte /dte_sietelsa/src/services/IvaWorkbookExportService.php on line 523
[11-Jun-2026 22:36:29 America/El_Salvador] [sietelsa] {"ts":"2026-06-11T22:36:29-06:00","message":"Runtime warning","context":{"severity":8192,"message":"fputcsv(): the $escape parameter must be provided as its default value will change","file":"/var/www/html/dte /dte_sietelsa/src/services/IvaWorkbookExportService.php","line":523}}
[11-Jun-2026 22:36:29 America/El_Salvador] PHP Deprecated:  fputcsv(): the $escape parameter must be provided as its default value will change in /var/www/html/dte /dte_sietelsa/src/services/IvaWorkbookExportService.php on line 523
[11-Jun-2026 22:36:29 America/El_Salvador] [sietelsa] {"ts":"2026-06-11T22:36:29-06:00","message":"Runtime warning","context":{"severity":8192,"message":"fputcsv(): the $escape parameter must be provided as its default value will change","file":"/var/www/html/dte /dte_sietelsa/src/services/IvaWorkbookExportService.php","line":523}}
[11-Jun-2026 22:36:29 America/El_Salvador] PHP Deprecated:  fputcsv(): the $escape parameter must be provided as its default value will change in /var/www/html/dte /dte_sietelsa/src/services/IvaWorkbookExportService.php on line 523
[11-Jun-2026 22:36:29 America/El_Salvador] [sietelsa] {"ts":"2026-06-11T22:36:29-06:00","message":"Runtime warning","context":{"severity":8192,"message":"fputcsv(): the $escape parameter must be provided as its default value will change","file":"/var/www/html/dte /dte_sietelsa/src/services/IvaWorkbookExportService.php","line":523}}
[11-Jun-2026 22:36:29 America/El_Salvador] PHP Deprecated:  fputcsv(): the $escape parameter must be provided as its default value will change in /var/www/html/dte /dte_sietelsa/src/services/IvaWorkbookExportService.php on line 523
[11-Jun-2026 22:36:29 America/El_Salvador] [sietelsa] {"ts":"2026-06-11T22:36:29-06:00","message":"Runtime warning","context":{"severity":8192,"message":"fputcsv(): the $escape parameter must be provided as its default value will change","file":"/var/www/html/dte /dte_sietelsa/src/services/IvaWorkbookExportService.php","line":523}}
[11-Jun-2026 22:36:29 America/El_Salvador] PHP Deprecated:  fputcsv(): the $escape parameter must be provided as its default value will change in /var/www/html/dte /dte_sietelsa/src/services/IvaWorkbookExportService.php on line 523
[11-Jun-2026 23:14:57 America/El_Salvador] PHP Fatal error:  Uncaught ArgumentCountError: Too few arguments to function FacturaModel::ensureExtendedSchema(), 0 passed in Command line code on line 1 and exactly 1 expected in /var/www/html/dte /dte_sietelsa/src/models/FacturaModel.php:155
Stack trace:
#0 Command line code(1): FacturaModel::ensureExtendedSchema()
#1 {main}
  thrown in /var/www/html/dte /dte_sietelsa/src/models/FacturaModel.php on line 155
[11-Jun-2026 23:14:57 America/El_Salvador] [sietelsa] {"ts":"2026-06-11T23:14:57-06:00","message":"Fatal shutdown","context":{"type":1,"message":"Uncaught ArgumentCountError: Too few arguments to function FacturaModel::ensureExtendedSchema(), 0 passed in Command line code on line 1 and exactly 1 expected in /var/www/html/dte /dte_sietelsa/src/models/FacturaModel.php:155\nStack trace:\n#0 Command line code(1): FacturaModel::ensureExtendedSchema()\n#1 {main}\n  thrown","file":"/var/www/html/dte /dte_sietelsa/src/models/FacturaModel.php","line":155}}
[11-Jun-2026 23:28:19 America/El_Salvador] PHP Fatal error:  Uncaught PDOException: There is no active transaction in Command line code:1
Stack trace:
#0 Command line code(1): PDO->rollBack()
#1 {main}
  thrown in Command line code on line 1
[11-Jun-2026 23:28:19 America/El_Salvador] [sietelsa] {"ts":"2026-06-11T23:28:19-06:00","message":"Fatal shutdown","context":{"type":1,"message":"Uncaught PDOException: There is no active transaction in Command line code:1\nStack trace:\n#0 Command line code(1): PDO->rollBack()\n#1 {main}\n  thrown","file":"Command line code","line":1}}
[11-Jun-2026 23:51:59 America/El_Salvador] [sietelsa] {"ts":"2026-06-11T23:51:59-06:00","message":"Unhandled exception","context":{"type":"PDOException","message":"SQLSTATE[23000]: Integrity constraint violation: 1062 Duplicate entry '7-compras-5-2026' for key 'dte_libros.uq_dte_libro'","file":"/var/www/html/dte /dte_sietelsa/src/models/LibroModel.php","line":96}}
[11-Jun-2026 23:52:15 America/El_Salvador] [sietelsa] {"ts":"2026-06-11T23:52:15-06:00","message":"Unhandled exception","context":{"type":"PDOException","message":"SQLSTATE[23000]: Integrity constraint violation: 1062 Duplicate entry '7-compras-5-2026' for key 'dte_libros.uq_dte_libro'","file":"/var/www/html/dte /dte_sietelsa/src/models/LibroModel.php","line":96}}
[11-Jun-2026 23:55:55 America/El_Salvador] [sietelsa] {"ts":"2026-06-11T23:55:55-06:00","message":"Runtime warning","context":{"severity":8192,"message":"fputcsv(): the $escape parameter must be provided as its default value will change","file":"Command line code","line":9}}
[11-Jun-2026 23:55:55 America/El_Salvador] PHP Deprecated:  fputcsv(): the $escape parameter must be provided as its default value will change in Command line code on line 9
[11-Jun-2026 23:55:55 America/El_Salvador] [sietelsa] {"ts":"2026-06-11T23:55:55-06:00","message":"Runtime warning","context":{"severity":8192,"message":"fputcsv(): the $escape parameter must be provided as its default value will change","file":"Command line code","line":9}}
[11-Jun-2026 23:55:55 America/El_Salvador] PHP Deprecated:  fputcsv(): the $escape parameter must be provided as its default value will change in Command line code on line 9
[11-Jun-2026 23:55:55 America/El_Salvador] [sietelsa] {"ts":"2026-06-11T23:55:55-06:00","message":"Runtime warning","context":{"severity":8192,"message":"fputcsv(): the $escape parameter must be provided as its default value will change","file":"Command line code","line":9}}
[11-Jun-2026 23:55:55 America/El_Salvador] PHP Deprecated:  fputcsv(): the $escape parameter must be provided as its default value will change in Command line code on line 9
[11-Jun-2026 23:55:55 America/El_Salvador] [sietelsa] {"ts":"2026-06-11T23:55:55-06:00","message":"Runtime warning","context":{"severity":8192,"message":"fputcsv(): the $escape parameter must be provided as its default value will change","file":"Command line code","line":9}}
[11-Jun-2026 23:55:55 America/El_Salvador] PHP Deprecated:  fputcsv(): the $escape parameter must be provided as its default value will change in Command line code on line 9
[11-Jun-2026 23:55:55 America/El_Salvador] [sietelsa] {"ts":"2026-06-11T23:55:55-06:00","message":"Runtime warning","context":{"severity":8192,"message":"fputcsv(): the $escape parameter must be provided as its default value will change","file":"Command line code","line":9}}
[11-Jun-2026 23:55:55 America/El_Salvador] PHP Deprecated:  fputcsv(): the $escape parameter must be provided as its default value will change in Command line code on line 9
[11-Jun-2026 23:55:55 America/El_Salvador] [sietelsa] {"ts":"2026-06-11T23:55:55-06:00","message":"Runtime warning","context":{"severity":8192,"message":"fputcsv(): the $escape parameter must be provided as its default value will change","file":"Command line code","line":9}}
[11-Jun-2026 23:55:55 America/El_Salvador] PHP Deprecated:  fputcsv(): the $escape parameter must be provided as its default value will change in Command line code on line 9
[11-Jun-2026 23:55:55 America/El_Salvador] [sietelsa] {"ts":"2026-06-11T23:55:55-06:00","message":"Runtime warning","context":{"severity":8192,"message":"fputcsv(): the $escape parameter must be provided as its default value will change","file":"Command line code","line":9}}
[11-Jun-2026 23:55:55 America/El_Salvador] PHP Deprecated:  fputcsv(): the $escape parameter must be provided as its default value will change in Command line code on line 9
[11-Jun-2026 23:55:55 America/El_Salvador] [sietelsa] {"ts":"2026-06-11T23:55:55-06:00","message":"Runtime warning","context":{"severity":8192,"message":"fputcsv(): the $escape parameter must be provided as its default value will change","file":"Command line code","line":9}}
[11-Jun-2026 23:55:55 America/El_Salvador] PHP Deprecated:  fputcsv(): the $escape parameter must be provided as its default value will change in Command line code on line 9
[11-Jun-2026 23:55:55 America/El_Salvador] [sietelsa] {"ts":"2026-06-11T23:55:55-06:00","message":"Runtime warning","context":{"severity":8192,"message":"fputcsv(): the $escape parameter must be provided as its default value will change","file":"Command line code","line":9}}
[11-Jun-2026 23:55:55 America/El_Salvador] PHP Deprecated:  fputcsv(): the $escape parameter must be provided as its default value will change in Command line code on line 9
[11-Jun-2026 23:55:55 America/El_Salvador] [sietelsa] {"ts":"2026-06-11T23:55:55-06:00","message":"Runtime warning","context":{"severity":8192,"message":"fputcsv(): the $escape parameter must be provided as its default value will change","file":"Command line code","line":9}}
[11-Jun-2026 23:55:55 America/El_Salvador] PHP Deprecated:  fputcsv(): the $escape parameter must be provided as its default value will change in Command line code on line 9
[11-Jun-2026 23:55:55 America/El_Salvador] [sietelsa] {"ts":"2026-06-11T23:55:55-06:00","message":"Runtime warning","context":{"severity":8192,"message":"fputcsv(): the $escape parameter must be provided as its default value will change","file":"Command line code","line":9}}
[11-Jun-2026 23:55:55 America/El_Salvador] PHP Deprecated:  fputcsv(): the $escape parameter must be provided as its default value will change in Command line code on line 9
[11-Jun-2026 23:55:55 America/El_Salvador] [sietelsa] {"ts":"2026-06-11T23:55:55-06:00","message":"Runtime warning","context":{"severity":8192,"message":"fputcsv(): the $escape parameter must be provided as its default value will change","file":"Command line code","line":9}}
[11-Jun-2026 23:55:55 America/El_Salvador] PHP Deprecated:  fputcsv(): the $escape parameter must be provided as its default value will change in Command line code on line 9
[11-Jun-2026 23:55:55 America/El_Salvador] [sietelsa] {"ts":"2026-06-11T23:55:55-06:00","message":"Runtime warning","context":{"severity":8192,"message":"fputcsv(): the $escape parameter must be provided as its default value will change","file":"Command line code","line":9}}
[11-Jun-2026 23:55:55 America/El_Salvador] PHP Deprecated:  fputcsv(): the $escape parameter must be provided as its default value will change in Command line code on line 9
[11-Jun-2026 23:55:55 America/El_Salvador] [sietelsa] {"ts":"2026-06-11T23:55:55-06:00","message":"Runtime warning","context":{"severity":8192,"message":"fputcsv(): the $escape parameter must be provided as its default value will change","file":"Command line code","line":9}}
[11-Jun-2026 23:55:55 America/El_Salvador] PHP Deprecated:  fputcsv(): the $escape parameter must be provided as its default value will change in Command line code on line 9
[11-Jun-2026 23:55:55 America/El_Salvador] [sietelsa] {"ts":"2026-06-11T23:55:55-06:00","message":"Runtime warning","context":{"severity":8192,"message":"fputcsv(): the $escape parameter must be provided as its default value will change","file":"Command line code","line":9}}
[11-Jun-2026 23:55:55 America/El_Salvador] PHP Deprecated:  fputcsv(): the $escape parameter must be provided as its default value will change in Command line code on line 9
[11-Jun-2026 23:55:55 America/El_Salvador] [sietelsa] {"ts":"2026-06-11T23:55:55-06:00","message":"Runtime warning","context":{"severity":8192,"message":"fputcsv(): the $escape parameter must be provided as its default value will change","file":"Command line code","line":9}}
[11-Jun-2026 23:55:55 America/El_Salvador] PHP Deprecated:  fputcsv(): the $escape parameter must be provided as its default value will change in Command line code on line 9
[11-Jun-2026 23:55:55 America/El_Salvador] [sietelsa] {"ts":"2026-06-11T23:55:55-06:00","message":"Runtime warning","context":{"severity":8192,"message":"fputcsv(): the $escape parameter must be provided as its default value will change","file":"Command line code","line":9}}
[11-Jun-2026 23:55:55 America/El_Salvador] PHP Deprecated:  fputcsv(): the $escape parameter must be provided as its default value will change in Command line code on line 9
[11-Jun-2026 23:55:55 America/El_Salvador] [sietelsa] {"ts":"2026-06-11T23:55:55-06:00","message":"Runtime warning","context":{"severity":8192,"message":"fputcsv(): the $escape parameter must be provided as its default value will change","file":"Command line code","line":9}}
[11-Jun-2026 23:55:55 America/El_Salvador] PHP Deprecated:  fputcsv(): the $escape parameter must be provided as its default value will change in Command line code on line 9
[11-Jun-2026 23:55:55 America/El_Salvador] [sietelsa] {"ts":"2026-06-11T23:55:55-06:00","message":"Runtime warning","context":{"severity":8192,"message":"fputcsv(): the $escape parameter must be provided as its default value will change","file":"Command line code","line":9}}
[11-Jun-2026 23:55:55 America/El_Salvador] PHP Deprecated:  fputcsv(): the $escape parameter must be provided as its default value will change in Command line code on line 9
[11-Jun-2026 23:55:55 America/El_Salvador] [sietelsa] {"ts":"2026-06-11T23:55:55-06:00","message":"Runtime warning","context":{"severity":8192,"message":"fputcsv(): the $escape parameter must be provided as its default value will change","file":"Command line code","line":9}}
[11-Jun-2026 23:55:55 America/El_Salvador] PHP Deprecated:  fputcsv(): the $escape parameter must be provided as its default value will change in Command line code on line 9
[11-Jun-2026 23:55:55 America/El_Salvador] [sietelsa] {"ts":"2026-06-11T23:55:55-06:00","message":"Runtime warning","context":{"severity":8192,"message":"fputcsv(): the $escape parameter must be provided as its default value will change","file":"Command line code","line":9}}
[11-Jun-2026 23:55:55 America/El_Salvador] PHP Deprecated:  fputcsv(): the $escape parameter must be provided as its default value will change in Command line code on line 9
[11-Jun-2026 23:55:55 America/El_Salvador] [sietelsa] {"ts":"2026-06-11T23:55:55-06:00","message":"Runtime warning","context":{"severity":8192,"message":"fputcsv(): the $escape parameter must be provided as its default value will change","file":"Command line code","line":9}}
[11-Jun-2026 23:55:55 America/El_Salvador] PHP Deprecated:  fputcsv(): the $escape parameter must be provided as its default value will change in Command line code on line 9
[11-Jun-2026 23:55:55 America/El_Salvador] [sietelsa] {"ts":"2026-06-11T23:55:55-06:00","message":"Runtime warning","context":{"severity":8192,"message":"fputcsv(): the $escape parameter must be provided as its default value will change","file":"Command line code","line":9}}
[11-Jun-2026 23:55:55 America/El_Salvador] PHP Deprecated:  fputcsv(): the $escape parameter must be provided as its default value will change in Command line code on line 9
[11-Jun-2026 23:55:55 America/El_Salvador] [sietelsa] {"ts":"2026-06-11T23:55:55-06:00","message":"Runtime warning","context":{"severity":8192,"message":"fputcsv(): the $escape parameter must be provided as its default value will change","file":"Command line code","line":9}}
[11-Jun-2026 23:55:55 America/El_Salvador] PHP Deprecated:  fputcsv(): the $escape parameter must be provided as its default value will change in Command line code on line 9
[11-Jun-2026 23:55:55 America/El_Salvador] [sietelsa] {"ts":"2026-06-11T23:55:55-06:00","message":"Runtime warning","context":{"severity":8192,"message":"fputcsv(): the $escape parameter must be provided as its default value will change","file":"Command line code","line":9}}
[11-Jun-2026 23:55:55 America/El_Salvador] PHP Deprecated:  fputcsv(): the $escape parameter must be provided as its default value will change in Command line code on line 9
[11-Jun-2026 23:55:55 America/El_Salvador] [sietelsa] {"ts":"2026-06-11T23:55:55-06:00","message":"Runtime warning","context":{"severity":8192,"message":"fputcsv(): the $escape parameter must be provided as its default value will change","file":"Command line code","line":9}}
[11-Jun-2026 23:55:55 America/El_Salvador] PHP Deprecated:  fputcsv(): the $escape parameter must be provided as its default value will change in Command line code on line 9
[11-Jun-2026 23:55:55 America/El_Salvador] [sietelsa] {"ts":"2026-06-11T23:55:55-06:00","message":"Runtime warning","context":{"severity":8192,"message":"fputcsv(): the $escape parameter must be provided as its default value will change","file":"Command line code","line":9}}
[11-Jun-2026 23:55:55 America/El_Salvador] PHP Deprecated:  fputcsv(): the $escape parameter must be provided as its default value will change in Command line code on line 9
[11-Jun-2026 23:55:55 America/El_Salvador] [sietelsa] {"ts":"2026-06-11T23:55:55-06:00","message":"Runtime warning","context":{"severity":8192,"message":"fputcsv(): the $escape parameter must be provided as its default value will change","file":"Command line code","line":9}}
[11-Jun-2026 23:55:55 America/El_Salvador] PHP Deprecated:  fputcsv(): the $escape parameter must be provided as its default value will change in Command line code on line 9
[11-Jun-2026 23:55:55 America/El_Salvador] [sietelsa] {"ts":"2026-06-11T23:55:55-06:00","message":"Runtime warning","context":{"severity":8192,"message":"fputcsv(): the $escape parameter must be provided as its default value will change","file":"Command line code","line":9}}
[11-Jun-2026 23:55:55 America/El_Salvador] PHP Deprecated:  fputcsv(): the $escape parameter must be provided as its default value will change in Command line code on line 9
[11-Jun-2026 23:55:55 America/El_Salvador] [sietelsa] {"ts":"2026-06-11T23:55:55-06:00","message":"Runtime warning","context":{"severity":8192,"message":"fputcsv(): the $escape parameter must be provided as its default value will change","file":"Command line code","line":9}}
[11-Jun-2026 23:55:55 America/El_Salvador] PHP Deprecated:  fputcsv(): the $escape parameter must be provided as its default value will change in Command line code on line 9
[11-Jun-2026 23:55:55 America/El_Salvador] [sietelsa] {"ts":"2026-06-11T23:55:55-06:00","message":"Runtime warning","context":{"severity":8192,"message":"fputcsv(): the $escape parameter must be provided as its default value will change","file":"Command line code","line":9}}
[11-Jun-2026 23:55:55 America/El_Salvador] PHP Deprecated:  fputcsv(): the $escape parameter must be provided as its default value will change in Command line code on line 9
[11-Jun-2026 23:55:55 America/El_Salvador] [sietelsa] {"ts":"2026-06-11T23:55:55-06:00","message":"Runtime warning","context":{"severity":8192,"message":"fputcsv(): the $escape parameter must be provided as its default value will change","file":"Command line code","line":9}}
[11-Jun-2026 23:55:55 America/El_Salvador] PHP Deprecated:  fputcsv(): the $escape parameter must be provided as its default value will change in Command line code on line 9
[11-Jun-2026 23:55:55 America/El_Salvador] [sietelsa] {"ts":"2026-06-11T23:55:55-06:00","message":"Runtime warning","context":{"severity":8192,"message":"fputcsv(): the $escape parameter must be provided as its default value will change","file":"Command line code","line":9}}
[11-Jun-2026 23:55:55 America/El_Salvador] PHP Deprecated:  fputcsv(): the $escape parameter must be provided as its default value will change in Command line code on line 9
[11-Jun-2026 23:55:55 America/El_Salvador] [sietelsa] {"ts":"2026-06-11T23:55:55-06:00","message":"Runtime warning","context":{"severity":8192,"message":"fputcsv(): the $escape parameter must be provided as its default value will change","file":"Command line code","line":9}}
[11-Jun-2026 23:55:55 America/El_Salvador] PHP Deprecated:  fputcsv(): the $escape parameter must be provided as its default value will change in Command line code on line 9
[11-Jun-2026 23:55:55 America/El_Salvador] [sietelsa] {"ts":"2026-06-11T23:55:55-06:00","message":"Runtime warning","context":{"severity":8192,"message":"fputcsv(): the $escape parameter must be provided as its default value will change","file":"Command line code","line":9}}
[11-Jun-2026 23:55:55 America/El_Salvador] PHP Deprecated:  fputcsv(): the $escape parameter must be provided as its default value will change in Command line code on line 9
[11-Jun-2026 23:55:55 America/El_Salvador] [sietelsa] {"ts":"2026-06-11T23:55:55-06:00","message":"Runtime warning","context":{"severity":8192,"message":"fputcsv(): the $escape parameter must be provided as its default value will change","file":"Command line code","line":9}}
[11-Jun-2026 23:55:55 America/El_Salvador] PHP Deprecated:  fputcsv(): the $escape parameter must be provided as its default value will change in Command line code on line 9
[11-Jun-2026 23:55:55 America/El_Salvador] [sietelsa] {"ts":"2026-06-11T23:55:55-06:00","message":"Runtime warning","context":{"severity":8192,"message":"fputcsv(): the $escape parameter must be provided as its default value will change","file":"Command line code","line":9}}
[11-Jun-2026 23:55:55 America/El_Salvador] PHP Deprecated:  fputcsv(): the $escape parameter must be provided as its default value will change in Command line code on line 9
[11-Jun-2026 23:55:55 America/El_Salvador] [sietelsa] {"ts":"2026-06-11T23:55:55-06:00","message":"Runtime warning","context":{"severity":8192,"message":"fputcsv(): the $escape parameter must be provided as its default value will change","file":"Command line code","line":9}}
[11-Jun-2026 23:55:55 America/El_Salvador] PHP Deprecated:  fputcsv(): the $escape parameter must be provided as its default value will change in Command line code on line 9
[11-Jun-2026 23:55:55 America/El_Salvador] [sietelsa] {"ts":"2026-06-11T23:55:55-06:00","message":"Runtime warning","context":{"severity":8192,"message":"fputcsv(): the $escape parameter must be provided as its default value will change","file":"Command line code","line":9}}
[11-Jun-2026 23:55:55 America/El_Salvador] PHP Deprecated:  fputcsv(): the $escape parameter must be provided as its default value will change in Command line code on line 9
[11-Jun-2026 23:55:55 America/El_Salvador] [sietelsa] {"ts":"2026-06-11T23:55:55-06:00","message":"Runtime warning","context":{"severity":8192,"message":"fputcsv(): the $escape parameter must be provided as its default value will change","file":"Command line code","line":9}}
[11-Jun-2026 23:55:55 America/El_Salvador] PHP Deprecated:  fputcsv(): the $escape parameter must be provided as its default value will change in Command line code on line 9
[11-Jun-2026 23:55:55 America/El_Salvador] [sietelsa] {"ts":"2026-06-11T23:55:55-06:00","message":"Runtime warning","context":{"severity":8192,"message":"fputcsv(): the $escape parameter must be provided as its default value will change","file":"Command line code","line":9}}
[11-Jun-2026 23:55:55 America/El_Salvador] PHP Deprecated:  fputcsv(): the $escape parameter must be provided as its default value will change in Command line code on line 9
[11-Jun-2026 23:55:55 America/El_Salvador] [sietelsa] {"ts":"2026-06-11T23:55:55-06:00","message":"Runtime warning","context":{"severity":8192,"message":"fputcsv(): the $escape parameter must be provided as its default value will change","file":"Command line code","line":9}}
[11-Jun-2026 23:55:55 America/El_Salvador] PHP Deprecated:  fputcsv(): the $escape parameter must be provided as its default value will change in Command line code on line 9
[11-Jun-2026 23:55:55 America/El_Salvador] [sietelsa] {"ts":"2026-06-11T23:55:55-06:00","message":"Runtime warning","context":{"severity":8192,"message":"fputcsv(): the $escape parameter must be provided as its default value will change","file":"Command line code","line":9}}
[11-Jun-2026 23:55:55 America/El_Salvador] PHP Deprecated:  fputcsv(): the $escape parameter must be provided as its default value will change in Command line code on line 9
[11-Jun-2026 23:55:55 America/El_Salvador] [sietelsa] {"ts":"2026-06-11T23:55:55-06:00","message":"Runtime warning","context":{"severity":8192,"message":"fputcsv(): the $escape parameter must be provided as its default value will change","file":"Command line code","line":9}}
[11-Jun-2026 23:55:55 America/El_Salvador] PHP Deprecated:  fputcsv(): the $escape parameter must be provided as its default value will change in Command line code on line 9
[11-Jun-2026 23:55:55 America/El_Salvador] [sietelsa] {"ts":"2026-06-11T23:55:55-06:00","message":"Runtime warning","context":{"severity":8192,"message":"fputcsv(): the $escape parameter must be provided as its default value will change","file":"Command line code","line":9}}
[11-Jun-2026 23:55:55 America/El_Salvador] PHP Deprecated:  fputcsv(): the $escape parameter must be provided as its default value will change in Command line code on line 9
[11-Jun-2026 23:55:55 America/El_Salvador] [sietelsa] {"ts":"2026-06-11T23:55:55-06:00","message":"Runtime warning","context":{"severity":8192,"message":"fputcsv(): the $escape parameter must be provided as its default value will change","file":"Command line code","line":9}}
[11-Jun-2026 23:55:55 America/El_Salvador] PHP Deprecated:  fputcsv(): the $escape parameter must be provided as its default value will change in Command line code on line 9
[11-Jun-2026 23:55:55 America/El_Salvador] [sietelsa] {"ts":"2026-06-11T23:55:55-06:00","message":"Runtime warning","context":{"severity":8192,"message":"fputcsv(): the $escape parameter must be provided as its default value will change","file":"Command line code","line":9}}
[11-Jun-2026 23:55:55 America/El_Salvador] PHP Deprecated:  fputcsv(): the $escape parameter must be provided as its default value will change in Command line code on line 9
[11-Jun-2026 23:55:55 America/El_Salvador] [sietelsa] {"ts":"2026-06-11T23:55:55-06:00","message":"Runtime warning","context":{"severity":8192,"message":"fputcsv(): the $escape parameter must be provided as its default value will change","file":"Command line code","line":9}}
[11-Jun-2026 23:55:55 America/El_Salvador] PHP Deprecated:  fputcsv(): the $escape parameter must be provided as its default value will change in Command line code on line 9
[11-Jun-2026 23:55:55 America/El_Salvador] [sietelsa] {"ts":"2026-06-11T23:55:55-06:00","message":"Runtime warning","context":{"severity":8192,"message":"fputcsv(): the $escape parameter must be provided as its default value will change","file":"Command line code","line":9}}
[11-Jun-2026 23:55:55 America/El_Salvador] PHP Deprecated:  fputcsv(): the $escape parameter must be provided as its default value will change in Command line code on line 9
[11-Jun-2026 23:55:55 America/El_Salvador] [sietelsa] {"ts":"2026-06-11T23:55:55-06:00","message":"Runtime warning","context":{"severity":8192,"message":"fputcsv(): the $escape parameter must be provided as its default value will change","file":"Command line code","line":9}}
[11-Jun-2026 23:55:55 America/El_Salvador] PHP Deprecated:  fputcsv(): the $escape parameter must be provided as its default value will change in Command line code on line 9
[11-Jun-2026 23:55:55 America/El_Salvador] [sietelsa] {"ts":"2026-06-11T23:55:55-06:00","message":"Runtime warning","context":{"severity":8192,"message":"fputcsv(): the $escape parameter must be provided as its default value will change","file":"Command line code","line":9}}
[11-Jun-2026 23:55:55 America/El_Salvador] PHP Deprecated:  fputcsv(): the $escape parameter must be provided as its default value will change in Command line code on line 9
[11-Jun-2026 23:55:55 America/El_Salvador] [sietelsa] {"ts":"2026-06-11T23:55:55-06:00","message":"Runtime warning","context":{"severity":8192,"message":"fputcsv(): the $escape parameter must be provided as its default value will change","file":"Command line code","line":9}}
[11-Jun-2026 23:55:55 America/El_Salvador] PHP Deprecated:  fputcsv(): the $escape parameter must be provided as its default value will change in Command line code on line 9
[11-Jun-2026 23:55:55 America/El_Salvador] [sietelsa] {"ts":"2026-06-11T23:55:55-06:00","message":"Runtime warning","context":{"severity":8192,"message":"fputcsv(): the $escape parameter must be provided as its default value will change","file":"Command line code","line":9}}
[11-Jun-2026 23:55:55 America/El_Salvador] PHP Deprecated:  fputcsv(): the $escape parameter must be provided as its default value will change in Command line code on line 9
[11-Jun-2026 23:55:55 America/El_Salvador] [sietelsa] {"ts":"2026-06-11T23:55:55-06:00","message":"Runtime warning","context":{"severity":8192,"message":"fputcsv(): the $escape parameter must be provided as its default value will change","file":"Command line code","line":9}}
[11-Jun-2026 23:55:55 America/El_Salvador] PHP Deprecated:  fputcsv(): the $escape parameter must be provided as its default value will change in Command line code on line 9
[11-Jun-2026 23:55:55 America/El_Salvador] [sietelsa] {"ts":"2026-06-11T23:55:55-06:00","message":"Runtime warning","context":{"severity":8192,"message":"fputcsv(): the $escape parameter must be provided as its default value will change","file":"Command line code","line":9}}
[11-Jun-2026 23:55:55 America/El_Salvador] PHP Deprecated:  fputcsv(): the $escape parameter must be provided as its default value will change in Command line code on line 9
[11-Jun-2026 23:55:55 America/El_Salvador] [sietelsa] {"ts":"2026-06-11T23:55:55-06:00","message":"Runtime warning","context":{"severity":8192,"message":"fputcsv(): the $escape parameter must be provided as its default value will change","file":"Command line code","line":9}}
[11-Jun-2026 23:55:55 America/El_Salvador] PHP Deprecated:  fputcsv(): the $escape parameter must be provided as its default value will change in Command line code on line 9
[11-Jun-2026 23:55:55 America/El_Salvador] [sietelsa] {"ts":"2026-06-11T23:55:55-06:00","message":"Runtime warning","context":{"severity":8192,"message":"fputcsv(): the $escape parameter must be provided as its default value will change","file":"Command line code","line":9}}
[11-Jun-2026 23:55:55 America/El_Salvador] PHP Deprecated:  fputcsv(): the $escape parameter must be provided as its default value will change in Command line code on line 9
[11-Jun-2026 23:55:55 America/El_Salvador] [sietelsa] {"ts":"2026-06-11T23:55:55-06:00","message":"Runtime warning","context":{"severity":8192,"message":"fputcsv(): the $escape parameter must be provided as its default value will change","file":"Command line code","line":9}}
[11-Jun-2026 23:55:55 America/El_Salvador] PHP Deprecated:  fputcsv(): the $escape parameter must be provided as its default value will change in Command line code on line 9
[11-Jun-2026 23:55:55 America/El_Salvador] [sietelsa] {"ts":"2026-06-11T23:55:55-06:00","message":"Runtime warning","context":{"severity":8192,"message":"fputcsv(): the $escape parameter must be provided as its default value will change","file":"Command line code","line":9}}
[11-Jun-2026 23:55:55 America/El_Salvador] PHP Deprecated:  fputcsv(): the $escape parameter must be provided as its default value will change in Command line code on line 9
[11-Jun-2026 23:55:55 America/El_Salvador] [sietelsa] {"ts":"2026-06-11T23:55:55-06:00","message":"Runtime warning","context":{"severity":8192,"message":"fputcsv(): the $escape parameter must be provided as its default value will change","file":"Command line code","line":9}}
[11-Jun-2026 23:55:55 America/El_Salvador] PHP Deprecated:  fputcsv(): the $escape parameter must be provided as its default value will change in Command line code on line 9
[11-Jun-2026 23:55:55 America/El_Salvador] [sietelsa] {"ts":"2026-06-11T23:55:55-06:00","message":"Runtime warning","context":{"severity":8192,"message":"fputcsv(): the $escape parameter must be provided as its default value will change","file":"Command line code","line":9}}
[11-Jun-2026 23:55:55 America/El_Salvador] PHP Deprecated:  fputcsv(): the $escape parameter must be provided as its default value will change in Command line code on line 9
[11-Jun-2026 23:55:55 America/El_Salvador] [sietelsa] {"ts":"2026-06-11T23:55:55-06:00","message":"Runtime warning","context":{"severity":8192,"message":"fputcsv(): the $escape parameter must be provided as its default value will change","file":"Command line code","line":9}}
[11-Jun-2026 23:55:55 America/El_Salvador] PHP Deprecated:  fputcsv(): the $escape parameter must be provided as its default value will change in Command line code on line 9
[11-Jun-2026 23:55:55 America/El_Salvador] [sietelsa] {"ts":"2026-06-11T23:55:55-06:00","message":"Runtime warning","context":{"severity":8192,"message":"fputcsv(): the $escape parameter must be provided as its default value will change","file":"Command line code","line":9}}
[11-Jun-2026 23:55:55 America/El_Salvador] PHP Deprecated:  fputcsv(): the $escape parameter must be provided as its default value will change in Command line code on line 9
[11-Jun-2026 23:55:55 America/El_Salvador] [sietelsa] {"ts":"2026-06-11T23:55:55-06:00","message":"Runtime warning","context":{"severity":8192,"message":"fputcsv(): the $escape parameter must be provided as its default value will change","file":"Command line code","line":9}}
[11-Jun-2026 23:55:55 America/El_Salvador] PHP Deprecated:  fputcsv(): the $escape parameter must be provided as its default value will change in Command line code on line 9
[11-Jun-2026 23:55:55 America/El_Salvador] [sietelsa] {"ts":"2026-06-11T23:55:55-06:00","message":"Runtime warning","context":{"severity":8192,"message":"fputcsv(): the $escape parameter must be provided as its default value will change","file":"Command line code","line":9}}
[11-Jun-2026 23:55:55 America/El_Salvador] PHP Deprecated:  fputcsv(): the $escape parameter must be provided as its default value will change in Command line code on line 9
[11-Jun-2026 23:55:55 America/El_Salvador] [sietelsa] {"ts":"2026-06-11T23:55:55-06:00","message":"Runtime warning","context":{"severity":8192,"message":"fputcsv(): the $escape parameter must be provided as its default value will change","file":"Command line code","line":9}}
[11-Jun-2026 23:55:55 America/El_Salvador] PHP Deprecated:  fputcsv(): the $escape parameter must be provided as its default value will change in Command line code on line 9
[11-Jun-2026 23:55:55 America/El_Salvador] [sietelsa] {"ts":"2026-06-11T23:55:55-06:00","message":"Runtime warning","context":{"severity":8192,"message":"fputcsv(): the $escape parameter must be provided as its default value will change","file":"Command line code","line":9}}
[11-Jun-2026 23:55:55 America/El_Salvador] PHP Deprecated:  fputcsv(): the $escape parameter must be provided as its default value will change in Command line code on line 9
[11-Jun-2026 23:55:55 America/El_Salvador] [sietelsa] {"ts":"2026-06-11T23:55:55-06:00","message":"Runtime warning","context":{"severity":8192,"message":"fputcsv(): the $escape parameter must be provided as its default value will change","file":"Command line code","line":9}}
[11-Jun-2026 23:55:55 America/El_Salvador] PHP Deprecated:  fputcsv(): the $escape parameter must be provided as its default value will change in Command line code on line 9
[11-Jun-2026 23:55:55 America/El_Salvador] [sietelsa] {"ts":"2026-06-11T23:55:55-06:00","message":"Runtime warning","context":{"severity":8192,"message":"fputcsv(): the $escape parameter must be provided as its default value will change","file":"Command line code","line":9}}
[11-Jun-2026 23:55:55 America/El_Salvador] PHP Deprecated:  fputcsv(): the $escape parameter must be provided as its default value will change in Command line code on line 9
[11-Jun-2026 23:55:55 America/El_Salvador] [sietelsa] {"ts":"2026-06-11T23:55:55-06:00","message":"Runtime warning","context":{"severity":8192,"message":"fputcsv(): the $escape parameter must be provided as its default value will change","file":"Command line code","line":9}}
[11-Jun-2026 23:55:55 America/El_Salvador] PHP Deprecated:  fputcsv(): the $escape parameter must be provided as its default value will change in Command line code on line 9
[11-Jun-2026 23:55:55 America/El_Salvador] [sietelsa] {"ts":"2026-06-11T23:55:55-06:00","message":"Runtime warning","context":{"severity":8192,"message":"fputcsv(): the $escape parameter must be provided as its default value will change","file":"Command line code","line":9}}
[11-Jun-2026 23:55:55 America/El_Salvador] PHP Deprecated:  fputcsv(): the $escape parameter must be provided as its default value will change in Command line code on line 9
[11-Jun-2026 23:55:55 America/El_Salvador] [sietelsa] {"ts":"2026-06-11T23:55:55-06:00","message":"Runtime warning","context":{"severity":8192,"message":"fputcsv(): the $escape parameter must be provided as its default value will change","file":"Command line code","line":9}}
[11-Jun-2026 23:55:55 America/El_Salvador] PHP Deprecated:  fputcsv(): the $escape parameter must be provided as its default value will change in Command line code on line 9
[11-Jun-2026 23:55:55 America/El_Salvador] [sietelsa] {"ts":"2026-06-11T23:55:55-06:00","message":"Runtime warning","context":{"severity":8192,"message":"fputcsv(): the $escape parameter must be provided as its default value will change","file":"Command line code","line":9}}
[11-Jun-2026 23:55:55 America/El_Salvador] PHP Deprecated:  fputcsv(): the $escape parameter must be provided as its default value will change in Command line code on line 9
[11-Jun-2026 23:55:55 America/El_Salvador] [sietelsa] {"ts":"2026-06-11T23:55:55-06:00","message":"Runtime warning","context":{"severity":8192,"message":"fputcsv(): the $escape parameter must be provided as its default value will change","file":"Command line code","line":9}}
[11-Jun-2026 23:55:55 America/El_Salvador] PHP Deprecated:  fputcsv(): the $escape parameter must be provided as its default value will change in Command line code on line 9
[11-Jun-2026 23:55:55 America/El_Salvador] [sietelsa] {"ts":"2026-06-11T23:55:55-06:00","message":"Runtime warning","context":{"severity":8192,"message":"fputcsv(): the $escape parameter must be provided as its default value will change","file":"Command line code","line":9}}
[11-Jun-2026 23:55:55 America/El_Salvador] PHP Deprecated:  fputcsv(): the $escape parameter must be provided as its default value will change in Command line code on line 9
[11-Jun-2026 23:55:55 America/El_Salvador] [sietelsa] {"ts":"2026-06-11T23:55:55-06:00","message":"Runtime warning","context":{"severity":8192,"message":"fputcsv(): the $escape parameter must be provided as its default value will change","file":"Command line code","line":9}}
[11-Jun-2026 23:55:55 America/El_Salvador] PHP Deprecated:  fputcsv(): the $escape parameter must be provided as its default value will change in Command line code on line 9
[11-Jun-2026 23:55:55 America/El_Salvador] [sietelsa] {"ts":"2026-06-11T23:55:55-06:00","message":"Runtime warning","context":{"severity":8192,"message":"fputcsv(): the $escape parameter must be provided as its default value will change","file":"Command line code","line":9}}
[11-Jun-2026 23:55:55 America/El_Salvador] PHP Deprecated:  fputcsv(): the $escape parameter must be provided as its default value will change in Command line code on line 9
[11-Jun-2026 23:55:55 America/El_Salvador] [sietelsa] {"ts":"2026-06-11T23:55:55-06:00","message":"Runtime warning","context":{"severity":8192,"message":"fputcsv(): the $escape parameter must be provided as its default value will change","file":"Command line code","line":9}}
[11-Jun-2026 23:55:55 America/El_Salvador] PHP Deprecated:  fputcsv(): the $escape parameter must be provided as its default value will change in Command line code on line 9
[11-Jun-2026 23:55:55 America/El_Salvador] [sietelsa] {"ts":"2026-06-11T23:55:55-06:00","message":"Runtime warning","context":{"severity":8192,"message":"fputcsv(): the $escape parameter must be provided as its default value will change","file":"Command line code","line":9}}
[11-Jun-2026 23:55:55 America/El_Salvador] PHP Deprecated:  fputcsv(): the $escape parameter must be provided as its default value will change in Command line code on line 9
[11-Jun-2026 23:55:55 America/El_Salvador] [sietelsa] {"ts":"2026-06-11T23:55:55-06:00","message":"Runtime warning","context":{"severity":8192,"message":"fputcsv(): the $escape parameter must be provided as its default value will change","file":"Command line code","line":9}}
[11-Jun-2026 23:55:55 America/El_Salvador] PHP Deprecated:  fputcsv(): the $escape parameter must be provided as its default value will change in Command line code on line 9
[11-Jun-2026 23:55:55 America/El_Salvador] [sietelsa] {"ts":"2026-06-11T23:55:55-06:00","message":"Runtime warning","context":{"severity":8192,"message":"fputcsv(): the $escape parameter must be provided as its default value will change","file":"Command line code","line":9}}
[11-Jun-2026 23:55:55 America/El_Salvador] PHP Deprecated:  fputcsv(): the $escape parameter must be provided as its default value will change in Command line code on line 9
[11-Jun-2026 23:55:55 America/El_Salvador] [sietelsa] {"ts":"2026-06-11T23:55:55-06:00","message":"Runtime warning","context":{"severity":8192,"message":"fputcsv(): the $escape parameter must be provided as its default value will change","file":"Command line code","line":9}}
[11-Jun-2026 23:55:55 America/El_Salvador] PHP Deprecated:  fputcsv(): the $escape parameter must be provided as its default value will change in Command line code on line 9
[11-Jun-2026 23:55:55 America/El_Salvador] [sietelsa] {"ts":"2026-06-11T23:55:55-06:00","message":"Runtime warning","context":{"severity":8192,"message":"fputcsv(): the $escape parameter must be provided as its default value will change","file":"Command line code","line":9}}
[11-Jun-2026 23:55:55 America/El_Salvador] PHP Deprecated:  fputcsv(): the $escape parameter must be provided as its default value will change in Command line code on line 9
[11-Jun-2026 23:55:55 America/El_Salvador] [sietelsa] {"ts":"2026-06-11T23:55:55-06:00","message":"Runtime warning","context":{"severity":8192,"message":"fputcsv(): the $escape parameter must be provided as its default value will change","file":"Command line code","line":9}}
[11-Jun-2026 23:55:55 America/El_Salvador] PHP Deprecated:  fputcsv(): the $escape parameter must be provided as its default value will change in Command line code on line 9
[11-Jun-2026 23:55:55 America/El_Salvador] [sietelsa] {"ts":"2026-06-11T23:55:55-06:00","message":"Runtime warning","context":{"severity":8192,"message":"fputcsv(): the $escape parameter must be provided as its default value will change","file":"Command line code","line":9}}
[11-Jun-2026 23:55:55 America/El_Salvador] PHP Deprecated:  fputcsv(): the $escape parameter must be provided as its default value will change in Command line code on line 9
[11-Jun-2026 23:55:55 America/El_Salvador] [sietelsa] {"ts":"2026-06-11T23:55:55-06:00","message":"Runtime warning","context":{"severity":8192,"message":"fputcsv(): the $escape parameter must be provided as its default value will change","file":"Command line code","line":9}}
[11-Jun-2026 23:55:55 America/El_Salvador] PHP Deprecated:  fputcsv(): the $escape parameter must be provided as its default value will change in Command line code on line 9
[11-Jun-2026 23:55:55 America/El_Salvador] [sietelsa] {"ts":"2026-06-11T23:55:55-06:00","message":"Runtime warning","context":{"severity":8192,"message":"fputcsv(): the $escape parameter must be provided as its default value will change","file":"Command line code","line":9}}
[11-Jun-2026 23:55:55 America/El_Salvador] PHP Deprecated:  fputcsv(): the $escape parameter must be provided as its default value will change in Command line code on line 9
[11-Jun-2026 23:55:55 America/El_Salvador] [sietelsa] {"ts":"2026-06-11T23:55:55-06:00","message":"Runtime warning","context":{"severity":8192,"message":"fputcsv(): the $escape parameter must be provided as its default value will change","file":"Command line code","line":9}}
[11-Jun-2026 23:55:55 America/El_Salvador] PHP Deprecated:  fputcsv(): the $escape parameter must be provided as its default value will change in Command line code on line 9
[11-Jun-2026 23:55:55 America/El_Salvador] [sietelsa] {"ts":"2026-06-11T23:55:55-06:00","message":"Runtime warning","context":{"severity":8192,"message":"fputcsv(): the $escape parameter must be provided as its default value will change","file":"Command line code","line":9}}
[11-Jun-2026 23:55:55 America/El_Salvador] PHP Deprecated:  fputcsv(): the $escape parameter must be provided as its default value will change in Command line code on line 9
[11-Jun-2026 23:55:55 America/El_Salvador] [sietelsa] {"ts":"2026-06-11T23:55:55-06:00","message":"Runtime warning","context":{"severity":8192,"message":"fputcsv(): the $escape parameter must be provided as its default value will change","file":"Command line code","line":9}}
[11-Jun-2026 23:55:55 America/El_Salvador] PHP Deprecated:  fputcsv(): the $escape parameter must be provided as its default value will change in Command line code on line 9
[11-Jun-2026 23:55:55 America/El_Salvador] [sietelsa] {"ts":"2026-06-11T23:55:55-06:00","message":"Runtime warning","context":{"severity":8192,"message":"fputcsv(): the $escape parameter must be provided as its default value will change","file":"Command line code","line":9}}
[11-Jun-2026 23:55:55 America/El_Salvador] PHP Deprecated:  fputcsv(): the $escape parameter must be provided as its default value will change in Command line code on line 9
[11-Jun-2026 23:55:55 America/El_Salvador] [sietelsa] {"ts":"2026-06-11T23:55:55-06:00","message":"Runtime warning","context":{"severity":8192,"message":"fputcsv(): the $escape parameter must be provided as its default value will change","file":"Command line code","line":9}}
[11-Jun-2026 23:55:55 America/El_Salvador] PHP Deprecated:  fputcsv(): the $escape parameter must be provided as its default value will change in Command line code on line 9
[11-Jun-2026 23:55:55 America/El_Salvador] [sietelsa] {"ts":"2026-06-11T23:55:55-06:00","message":"Runtime warning","context":{"severity":8192,"message":"fputcsv(): the $escape parameter must be provided as its default value will change","file":"Command line code","line":9}}
[11-Jun-2026 23:55:55 America/El_Salvador] PHP Deprecated:  fputcsv(): the $escape parameter must be provided as its default value will change in Command line code on line 9
[11-Jun-2026 23:55:55 America/El_Salvador] [sietelsa] {"ts":"2026-06-11T23:55:55-06:00","message":"Runtime warning","context":{"severity":8192,"message":"fputcsv(): the $escape parameter must be provided as its default value will change","file":"Command line code","line":9}}
[11-Jun-2026 23:55:55 America/El_Salvador] PHP Deprecated:  fputcsv(): the $escape parameter must be provided as its default value will change in Command line code on line 9
[11-Jun-2026 23:55:55 America/El_Salvador] [sietelsa] {"ts":"2026-06-11T23:55:55-06:00","message":"Runtime warning","context":{"severity":8192,"message":"fputcsv(): the $escape parameter must be provided as its default value will change","file":"Command line code","line":9}}
[11-Jun-2026 23:55:55 America/El_Salvador] PHP Deprecated:  fputcsv(): the $escape parameter must be provided as its default value will change in Command line code on line 9
[11-Jun-2026 23:55:55 America/El_Salvador] [sietelsa] {"ts":"2026-06-11T23:55:55-06:00","message":"Runtime warning","context":{"severity":8192,"message":"fputcsv(): the $escape parameter must be provided as its default value will change","file":"Command line code","line":9}}
[11-Jun-2026 23:55:55 America/El_Salvador] PHP Deprecated:  fputcsv(): the $escape parameter must be provided as its default value will change in Command line code on line 9
[11-Jun-2026 23:55:55 America/El_Salvador] [sietelsa] {"ts":"2026-06-11T23:55:55-06:00","message":"Runtime warning","context":{"severity":8192,"message":"fputcsv(): the $escape parameter must be provided as its default value will change","file":"Command line code","line":9}}
[11-Jun-2026 23:55:55 America/El_Salvador] PHP Deprecated:  fputcsv(): the $escape parameter must be provided as its default value will change in Command line code on line 9
[11-Jun-2026 23:55:55 America/El_Salvador] [sietelsa] {"ts":"2026-06-11T23:55:55-06:00","message":"Runtime warning","context":{"severity":8192,"message":"fputcsv(): the $escape parameter must be provided as its default value will change","file":"Command line code","line":9}}
[11-Jun-2026 23:55:55 America/El_Salvador] PHP Deprecated:  fputcsv(): the $escape parameter must be provided as its default value will change in Command line code on line 9
[11-Jun-2026 23:55:55 America/El_Salvador] [sietelsa] {"ts":"2026-06-11T23:55:55-06:00","message":"Runtime warning","context":{"severity":8192,"message":"fputcsv(): the $escape parameter must be provided as its default value will change","file":"Command line code","line":9}}
[11-Jun-2026 23:55:55 America/El_Salvador] PHP Deprecated:  fputcsv(): the $escape parameter must be provided as its default value will change in Command line code on line 9
[11-Jun-2026 23:55:55 America/El_Salvador] [sietelsa] {"ts":"2026-06-11T23:55:55-06:00","message":"Runtime warning","context":{"severity":8192,"message":"fputcsv(): the $escape parameter must be provided as its default value will change","file":"Command line code","line":9}}
[11-Jun-2026 23:55:55 America/El_Salvador] PHP Deprecated:  fputcsv(): the $escape parameter must be provided as its default value will change in Command line code on line 9
[11-Jun-2026 23:55:55 America/El_Salvador] [sietelsa] {"ts":"2026-06-11T23:55:55-06:00","message":"Runtime warning","context":{"severity":8192,"message":"fputcsv(): the $escape parameter must be provided as its default value will change","file":"Command line code","line":9}}
[11-Jun-2026 23:55:55 America/El_Salvador] PHP Deprecated:  fputcsv(): the $escape parameter must be provided as its default value will change in Command line code on line 9
[11-Jun-2026 23:55:55 America/El_Salvador] [sietelsa] {"ts":"2026-06-11T23:55:55-06:00","message":"Runtime warning","context":{"severity":8192,"message":"fputcsv(): the $escape parameter must be provided as its default value will change","file":"Command line code","line":9}}
[11-Jun-2026 23:55:55 America/El_Salvador] PHP Deprecated:  fputcsv(): the $escape parameter must be provided as its default value will change in Command line code on line 9
[11-Jun-2026 23:55:55 America/El_Salvador] [sietelsa] {"ts":"2026-06-11T23:55:55-06:00","message":"Runtime warning","context":{"severity":8192,"message":"fputcsv(): the $escape parameter must be provided as its default value will change","file":"Command line code","line":9}}
[11-Jun-2026 23:55:55 America/El_Salvador] PHP Deprecated:  fputcsv(): the $escape parameter must be provided as its default value will change in Command line code on line 9
[11-Jun-2026 23:55:55 America/El_Salvador] [sietelsa] {"ts":"2026-06-11T23:55:55-06:00","message":"Runtime warning","context":{"severity":8192,"message":"fputcsv(): the $escape parameter must be provided as its default value will change","file":"Command line code","line":9}}
[11-Jun-2026 23:55:55 America/El_Salvador] PHP Deprecated:  fputcsv(): the $escape parameter must be provided as its default value will change in Command line code on line 9
[11-Jun-2026 23:55:55 America/El_Salvador] [sietelsa] {"ts":"2026-06-11T23:55:55-06:00","message":"Runtime warning","context":{"severity":8192,"message":"fputcsv(): the $escape parameter must be provided as its default value will change","file":"Command line code","line":9}}
[11-Jun-2026 23:55:55 America/El_Salvador] PHP Deprecated:  fputcsv(): the $escape parameter must be provided as its default value will change in Command line code on line 9
[11-Jun-2026 23:55:55 America/El_Salvador] [sietelsa] {"ts":"2026-06-11T23:55:55-06:00","message":"Runtime warning","context":{"severity":8192,"message":"fputcsv(): the $escape parameter must be provided as its default value will change","file":"Command line code","line":9}}
[11-Jun-2026 23:55:55 America/El_Salvador] PHP Deprecated:  fputcsv(): the $escape parameter must be provided as its default value will change in Command line code on line 9
[11-Jun-2026 23:55:55 America/El_Salvador] [sietelsa] {"ts":"2026-06-11T23:55:55-06:00","message":"Runtime warning","context":{"severity":8192,"message":"fputcsv(): the $escape parameter must be provided as its default value will change","file":"Command line code","line":9}}
[11-Jun-2026 23:55:55 America/El_Salvador] PHP Deprecated:  fputcsv(): the $escape parameter must be provided as its default value will change in Command line code on line 9
[11-Jun-2026 23:55:55 America/El_Salvador] [sietelsa] {"ts":"2026-06-11T23:55:55-06:00","message":"Runtime warning","context":{"severity":8192,"message":"fputcsv(): the $escape parameter must be provided as its default value will change","file":"Command line code","line":9}}
[11-Jun-2026 23:55:55 America/El_Salvador] PHP Deprecated:  fputcsv(): the $escape parameter must be provided as its default value will change in Command line code on line 9
[11-Jun-2026 23:55:55 America/El_Salvador] [sietelsa] {"ts":"2026-06-11T23:55:55-06:00","message":"Runtime warning","context":{"severity":8192,"message":"fputcsv(): the $escape parameter must be provided as its default value will change","file":"Command line code","line":9}}
[11-Jun-2026 23:55:55 America/El_Salvador] PHP Deprecated:  fputcsv(): the $escape parameter must be provided as its default value will change in Command line code on line 9
[11-Jun-2026 23:55:55 America/El_Salvador] [sietelsa] {"ts":"2026-06-11T23:55:55-06:00","message":"Runtime warning","context":{"severity":8192,"message":"fputcsv(): the $escape parameter must be provided as its default value will change","file":"Command line code","line":9}}
[11-Jun-2026 23:55:55 America/El_Salvador] PHP Deprecated:  fputcsv(): the $escape parameter must be provided as its default value will change in Command line code on line 9
[11-Jun-2026 23:55:55 America/El_Salvador] [sietelsa] {"ts":"2026-06-11T23:55:55-06:00","message":"Runtime warning","context":{"severity":8192,"message":"fputcsv(): the $escape parameter must be provided as its default value will change","file":"Command line code","line":9}}
[11-Jun-2026 23:55:55 America/El_Salvador] PHP Deprecated:  fputcsv(): the $escape parameter must be provided as its default value will change in Command line code on line 9
[11-Jun-2026 23:55:55 America/El_Salvador] [sietelsa] {"ts":"2026-06-11T23:55:55-06:00","message":"Runtime warning","context":{"severity":8192,"message":"fputcsv(): the $escape parameter must be provided as its default value will change","file":"Command line code","line":9}}
[11-Jun-2026 23:55:55 America/El_Salvador] PHP Deprecated:  fputcsv(): the $escape parameter must be provided as its default value will change in Command line code on line 9
[11-Jun-2026 23:55:55 America/El_Salvador] [sietelsa] {"ts":"2026-06-11T23:55:55-06:00","message":"Runtime warning","context":{"severity":8192,"message":"fputcsv(): the $escape parameter must be provided as its default value will change","file":"Command line code","line":9}}
[11-Jun-2026 23:55:55 America/El_Salvador] PHP Deprecated:  fputcsv(): the $escape parameter must be provided as its default value will change in Command line code on line 9
[11-Jun-2026 23:55:55 America/El_Salvador] [sietelsa] {"ts":"2026-06-11T23:55:55-06:00","message":"Runtime warning","context":{"severity":8192,"message":"fputcsv(): the $escape parameter must be provided as its default value will change","file":"Command line code","line":9}}
[11-Jun-2026 23:55:55 America/El_Salvador] PHP Deprecated:  fputcsv(): the $escape parameter must be provided as its default value will change in Command line code on line 9
[11-Jun-2026 23:55:55 America/El_Salvador] [sietelsa] {"ts":"2026-06-11T23:55:55-06:00","message":"Runtime warning","context":{"severity":8192,"message":"fputcsv(): the $escape parameter must be provided as its default value will change","file":"Command line code","line":9}}
[11-Jun-2026 23:55:55 America/El_Salvador] PHP Deprecated:  fputcsv(): the $escape parameter must be provided as its default value will change in Command line code on line 9
[11-Jun-2026 23:55:55 America/El_Salvador] [sietelsa] {"ts":"2026-06-11T23:55:55-06:00","message":"Runtime warning","context":{"severity":8192,"message":"fputcsv(): the $escape parameter must be provided as its default value will change","file":"Command line code","line":9}}
[11-Jun-2026 23:55:55 America/El_Salvador] PHP Deprecated:  fputcsv(): the $escape parameter must be provided as its default value will change in Command line code on line 9
[11-Jun-2026 23:55:55 America/El_Salvador] [sietelsa] {"ts":"2026-06-11T23:55:55-06:00","message":"Runtime warning","context":{"severity":8192,"message":"fputcsv(): the $escape parameter must be provided as its default value will change","file":"Command line code","line":9}}
[11-Jun-2026 23:55:55 America/El_Salvador] PHP Deprecated:  fputcsv(): the $escape parameter must be provided as its default value will change in Command line code on line 9
[11-Jun-2026 23:55:55 America/El_Salvador] [sietelsa] {"ts":"2026-06-11T23:55:55-06:00","message":"Runtime warning","context":{"severity":8192,"message":"fputcsv(): the $escape parameter must be provided as its default value will change","file":"Command line code","line":9}}
[11-Jun-2026 23:55:55 America/El_Salvador] PHP Deprecated:  fputcsv(): the $escape parameter must be provided as its default value will change in Command line code on line 9
[11-Jun-2026 23:55:55 America/El_Salvador] [sietelsa] {"ts":"2026-06-11T23:55:55-06:00","message":"Runtime warning","context":{"severity":8192,"message":"fputcsv(): the $escape parameter must be provided as its default value will change","file":"Command line code","line":9}}
[11-Jun-2026 23:55:55 America/El_Salvador] PHP Deprecated:  fputcsv(): the $escape parameter must be provided as its default value will change in Command line code on line 9
[11-Jun-2026 23:55:55 America/El_Salvador] [sietelsa] {"ts":"2026-06-11T23:55:55-06:00","message":"Runtime warning","context":{"severity":8192,"message":"fputcsv(): the $escape parameter must be provided as its default value will change","file":"Command line code","line":9}}
[11-Jun-2026 23:55:55 America/El_Salvador] PHP Deprecated:  fputcsv(): the $escape parameter must be provided as its default value will change in Command line code on line 9
[11-Jun-2026 23:55:55 America/El_Salvador] [sietelsa] {"ts":"2026-06-11T23:55:55-06:00","message":"Runtime warning","context":{"severity":8192,"message":"fputcsv(): the $escape parameter must be provided as its default value will change","file":"Command line code","line":9}}
[11-Jun-2026 23:55:55 America/El_Salvador] PHP Deprecated:  fputcsv(): the $escape parameter must be provided as its default value will change in Command line code on line 9
[11-Jun-2026 23:55:55 America/El_Salvador] [sietelsa] {"ts":"2026-06-11T23:55:55-06:00","message":"Runtime warning","context":{"severity":8192,"message":"fputcsv(): the $escape parameter must be provided as its default value will change","file":"Command line code","line":9}}
[11-Jun-2026 23:55:55 America/El_Salvador] PHP Deprecated:  fputcsv(): the $escape parameter must be provided as its default value will change in Command line code on line 9
[11-Jun-2026 23:55:55 America/El_Salvador] [sietelsa] {"ts":"2026-06-11T23:55:55-06:00","message":"Runtime warning","context":{"severity":8192,"message":"fputcsv(): the $escape parameter must be provided as its default value will change","file":"Command line code","line":9}}
[11-Jun-2026 23:55:55 America/El_Salvador] PHP Deprecated:  fputcsv(): the $escape parameter must be provided as its default value will change in Command line code on line 9
[11-Jun-2026 23:55:55 America/El_Salvador] [sietelsa] {"ts":"2026-06-11T23:55:55-06:00","message":"Runtime warning","context":{"severity":8192,"message":"fputcsv(): the $escape parameter must be provided as its default value will change","file":"Command line code","line":9}}
[11-Jun-2026 23:55:55 America/El_Salvador] PHP Deprecated:  fputcsv(): the $escape parameter must be provided as its default value will change in Command line code on line 9
[11-Jun-2026 23:55:55 America/El_Salvador] [sietelsa] {"ts":"2026-06-11T23:55:55-06:00","message":"Runtime warning","context":{"severity":8192,"message":"fputcsv(): the $escape parameter must be provided as its default value will change","file":"Command line code","line":9}}
[11-Jun-2026 23:55:55 America/El_Salvador] PHP Deprecated:  fputcsv(): the $escape parameter must be provided as its default value will change in Command line code on line 9
[11-Jun-2026 23:55:55 America/El_Salvador] [sietelsa] {"ts":"2026-06-11T23:55:55-06:00","message":"Runtime warning","context":{"severity":8192,"message":"fputcsv(): the $escape parameter must be provided as its default value will change","file":"Command line code","line":9}}
[11-Jun-2026 23:55:55 America/El_Salvador] PHP Deprecated:  fputcsv(): the $escape parameter must be provided as its default value will change in Command line code on line 9
[11-Jun-2026 23:55:55 America/El_Salvador] [sietelsa] {"ts":"2026-06-11T23:55:55-06:00","message":"Runtime warning","context":{"severity":8192,"message":"fputcsv(): the $escape parameter must be provided as its default value will change","file":"Command line code","line":9}}
[11-Jun-2026 23:55:55 America/El_Salvador] PHP Deprecated:  fputcsv(): the $escape parameter must be provided as its default value will change in Command line code on line 9
[11-Jun-2026 23:55:55 America/El_Salvador] [sietelsa] {"ts":"2026-06-11T23:55:55-06:00","message":"Runtime warning","context":{"severity":8192,"message":"fputcsv(): the $escape parameter must be provided as its default value will change","file":"Command line code","line":9}}
[11-Jun-2026 23:55:55 America/El_Salvador] PHP Deprecated:  fputcsv(): the $escape parameter must be provided as its default value will change in Command line code on line 9
[11-Jun-2026 23:55:55 America/El_Salvador] [sietelsa] {"ts":"2026-06-11T23:55:55-06:00","message":"Runtime warning","context":{"severity":8192,"message":"fputcsv(): the $escape parameter must be provided as its default value will change","file":"Command line code","line":9}}
[11-Jun-2026 23:55:55 America/El_Salvador] PHP Deprecated:  fputcsv(): the $escape parameter must be provided as its default value will change in Command line code on line 9
[11-Jun-2026 23:55:55 America/El_Salvador] [sietelsa] {"ts":"2026-06-11T23:55:55-06:00","message":"Runtime warning","context":{"severity":8192,"message":"fputcsv(): the $escape parameter must be provided as its default value will change","file":"Command line code","line":9}}
[11-Jun-2026 23:55:55 America/El_Salvador] PHP Deprecated:  fputcsv(): the $escape parameter must be provided as its default value will change in Command line code on line 9
[11-Jun-2026 23:55:55 America/El_Salvador] [sietelsa] {"ts":"2026-06-11T23:55:55-06:00","message":"Runtime warning","context":{"severity":8192,"message":"fputcsv(): the $escape parameter must be provided as its default value will change","file":"Command line code","line":9}}
[11-Jun-2026 23:55:55 America/El_Salvador] PHP Deprecated:  fputcsv(): the $escape parameter must be provided as its default value will change in Command line code on line 9
[11-Jun-2026 23:55:55 America/El_Salvador] [sietelsa] {"ts":"2026-06-11T23:55:55-06:00","message":"Runtime warning","context":{"severity":8192,"message":"fputcsv(): the $escape parameter must be provided as its default value will change","file":"Command line code","line":9}}
[11-Jun-2026 23:55:55 America/El_Salvador] PHP Deprecated:  fputcsv(): the $escape parameter must be provided as its default value will change in Command line code on line 9
[11-Jun-2026 23:55:55 America/El_Salvador] [sietelsa] {"ts":"2026-06-11T23:55:55-06:00","message":"Runtime warning","context":{"severity":8192,"message":"fputcsv(): the $escape parameter must be provided as its default value will change","file":"Command line code","line":9}}
[11-Jun-2026 23:55:55 America/El_Salvador] PHP Deprecated:  fputcsv(): the $escape parameter must be provided as its default value will change in Command line code on line 9
[11-Jun-2026 23:55:55 America/El_Salvador] [sietelsa] {"ts":"2026-06-11T23:55:55-06:00","message":"Runtime warning","context":{"severity":8192,"message":"fputcsv(): the $escape parameter must be provided as its default value will change","file":"Command line code","line":9}}
[11-Jun-2026 23:55:55 America/El_Salvador] PHP Deprecated:  fputcsv(): the $escape parameter must be provided as its default value will change in Command line code on line 9
[11-Jun-2026 23:55:55 America/El_Salvador] [sietelsa] {"ts":"2026-06-11T23:55:55-06:00","message":"Runtime warning","context":{"severity":8192,"message":"fputcsv(): the $escape parameter must be provided as its default value will change","file":"Command line code","line":9}}
[11-Jun-2026 23:55:55 America/El_Salvador] PHP Deprecated:  fputcsv(): the $escape parameter must be provided as its default value will change in Command line code on line 9
[11-Jun-2026 23:55:55 America/El_Salvador] [sietelsa] {"ts":"2026-06-11T23:55:55-06:00","message":"Runtime warning","context":{"severity":8192,"message":"fputcsv(): the $escape parameter must be provided as its default value will change","file":"Command line code","line":9}}
[11-Jun-2026 23:55:55 America/El_Salvador] PHP Deprecated:  fputcsv(): the $escape parameter must be provided as its default value will change in Command line code on line 9
[11-Jun-2026 23:55:55 America/El_Salvador] [sietelsa] {"ts":"2026-06-11T23:55:55-06:00","message":"Runtime warning","context":{"severity":8192,"message":"fputcsv(): the $escape parameter must be provided as its default value will change","file":"Command line code","line":9}}
[11-Jun-2026 23:55:55 America/El_Salvador] PHP Deprecated:  fputcsv(): the $escape parameter must be provided as its default value will change in Command line code on line 9
[11-Jun-2026 23:55:55 America/El_Salvador] [sietelsa] {"ts":"2026-06-11T23:55:55-06:00","message":"Runtime warning","context":{"severity":8192,"message":"fputcsv(): the $escape parameter must be provided as its default value will change","file":"Command line code","line":9}}
[11-Jun-2026 23:55:55 America/El_Salvador] PHP Deprecated:  fputcsv(): the $escape parameter must be provided as its default value will change in Command line code on line 9
[11-Jun-2026 23:55:55 America/El_Salvador] [sietelsa] {"ts":"2026-06-11T23:55:55-06:00","message":"Runtime warning","context":{"severity":8192,"message":"fputcsv(): the $escape parameter must be provided as its default value will change","file":"Command line code","line":9}}
[11-Jun-2026 23:55:55 America/El_Salvador] PHP Deprecated:  fputcsv(): the $escape parameter must be provided as its default value will change in Command line code on line 9
[11-Jun-2026 23:55:55 America/El_Salvador] [sietelsa] {"ts":"2026-06-11T23:55:55-06:00","message":"Runtime warning","context":{"severity":8192,"message":"fputcsv(): the $escape parameter must be provided as its default value will change","file":"Command line code","line":9}}
[11-Jun-2026 23:55:55 America/El_Salvador] PHP Deprecated:  fputcsv(): the $escape parameter must be provided as its default value will change in Command line code on line 9
[11-Jun-2026 23:55:55 America/El_Salvador] [sietelsa] {"ts":"2026-06-11T23:55:55-06:00","message":"Runtime warning","context":{"severity":8192,"message":"fputcsv(): the $escape parameter must be provided as its default value will change","file":"Command line code","line":9}}
[11-Jun-2026 23:55:55 America/El_Salvador] PHP Deprecated:  fputcsv(): the $escape parameter must be provided as its default value will change in Command line code on line 9
[11-Jun-2026 23:55:55 America/El_Salvador] [sietelsa] {"ts":"2026-06-11T23:55:55-06:00","message":"Runtime warning","context":{"severity":8192,"message":"fputcsv(): the $escape parameter must be provided as its default value will change","file":"Command line code","line":9}}
[11-Jun-2026 23:55:55 America/El_Salvador] PHP Deprecated:  fputcsv(): the $escape parameter must be provided as its default value will change in Command line code on line 9
[11-Jun-2026 23:55:55 America/El_Salvador] [sietelsa] {"ts":"2026-06-11T23:55:55-06:00","message":"Runtime warning","context":{"severity":8192,"message":"fputcsv(): the $escape parameter must be provided as its default value will change","file":"Command line code","line":9}}
[11-Jun-2026 23:55:55 America/El_Salvador] PHP Deprecated:  fputcsv(): the $escape parameter must be provided as its default value will change in Command line code on line 9
[11-Jun-2026 23:55:55 America/El_Salvador] [sietelsa] {"ts":"2026-06-11T23:55:55-06:00","message":"Runtime warning","context":{"severity":8192,"message":"fputcsv(): the $escape parameter must be provided as its default value will change","file":"Command line code","line":9}}
[11-Jun-2026 23:55:55 America/El_Salvador] PHP Deprecated:  fputcsv(): the $escape parameter must be provided as its default value will change in Command line code on line 9
[11-Jun-2026 23:55:55 America/El_Salvador] [sietelsa] {"ts":"2026-06-11T23:55:55-06:00","message":"Runtime warning","context":{"severity":8192,"message":"fputcsv(): the $escape parameter must be provided as its default value will change","file":"Command line code","line":9}}
[11-Jun-2026 23:55:55 America/El_Salvador] PHP Deprecated:  fputcsv(): the $escape parameter must be provided as its default value will change in Command line code on line 9
[11-Jun-2026 23:55:55 America/El_Salvador] [sietelsa] {"ts":"2026-06-11T23:55:55-06:00","message":"Runtime warning","context":{"severity":8192,"message":"fputcsv(): the $escape parameter must be provided as its default value will change","file":"Command line code","line":9}}
[11-Jun-2026 23:55:55 America/El_Salvador] PHP Deprecated:  fputcsv(): the $escape parameter must be provided as its default value will change in Command line code on line 9
[11-Jun-2026 23:55:55 America/El_Salvador] [sietelsa] {"ts":"2026-06-11T23:55:55-06:00","message":"Runtime warning","context":{"severity":8192,"message":"fputcsv(): the $escape parameter must be provided as its default value will change","file":"Command line code","line":9}}
[11-Jun-2026 23:55:55 America/El_Salvador] PHP Deprecated:  fputcsv(): the $escape parameter must be provided as its default value will change in Command line code on line 9
[11-Jun-2026 23:55:55 America/El_Salvador] [sietelsa] {"ts":"2026-06-11T23:55:55-06:00","message":"Runtime warning","context":{"severity":8192,"message":"fputcsv(): the $escape parameter must be provided as its default value will change","file":"Command line code","line":9}}
[11-Jun-2026 23:55:55 America/El_Salvador] PHP Deprecated:  fputcsv(): the $escape parameter must be provided as its default value will change in Command line code on line 9
[11-Jun-2026 23:55:55 America/El_Salvador] [sietelsa] {"ts":"2026-06-11T23:55:55-06:00","message":"Runtime warning","context":{"severity":8192,"message":"fputcsv(): the $escape parameter must be provided as its default value will change","file":"Command line code","line":9}}
[11-Jun-2026 23:55:55 America/El_Salvador] PHP Deprecated:  fputcsv(): the $escape parameter must be provided as its default value will change in Command line code on line 9
[11-Jun-2026 23:55:55 America/El_Salvador] [sietelsa] {"ts":"2026-06-11T23:55:55-06:00","message":"Runtime warning","context":{"severity":8192,"message":"fputcsv(): the $escape parameter must be provided as its default value will change","file":"Command line code","line":9}}
[11-Jun-2026 23:55:55 America/El_Salvador] PHP Deprecated:  fputcsv(): the $escape parameter must be provided as its default value will change in Command line code on line 9
[11-Jun-2026 23:55:55 America/El_Salvador] [sietelsa] {"ts":"2026-06-11T23:55:55-06:00","message":"Runtime warning","context":{"severity":8192,"message":"fputcsv(): the $escape parameter must be provided as its default value will change","file":"Command line code","line":9}}
[11-Jun-2026 23:55:55 America/El_Salvador] PHP Deprecated:  fputcsv(): the $escape parameter must be provided as its default value will change in Command line code on line 9
[11-Jun-2026 23:55:55 America/El_Salvador] [sietelsa] {"ts":"2026-06-11T23:55:55-06:00","message":"Runtime warning","context":{"severity":8192,"message":"fputcsv(): the $escape parameter must be provided as its default value will change","file":"Command line code","line":9}}
[11-Jun-2026 23:55:55 America/El_Salvador] PHP Deprecated:  fputcsv(): the $escape parameter must be provided as its default value will change in Command line code on line 9
[11-Jun-2026 23:55:55 America/El_Salvador] [sietelsa] {"ts":"2026-06-11T23:55:55-06:00","message":"Runtime warning","context":{"severity":8192,"message":"fputcsv(): the $escape parameter must be provided as its default value will change","file":"Command line code","line":9}}
[11-Jun-2026 23:55:55 America/El_Salvador] PHP Deprecated:  fputcsv(): the $escape parameter must be provided as its default value will change in Command line code on line 9
[11-Jun-2026 23:55:55 America/El_Salvador] [sietelsa] {"ts":"2026-06-11T23:55:55-06:00","message":"Runtime warning","context":{"severity":8192,"message":"fputcsv(): the $escape parameter must be provided as its default value will change","file":"Command line code","line":9}}
[11-Jun-2026 23:55:55 America/El_Salvador] PHP Deprecated:  fputcsv(): the $escape parameter must be provided as its default value will change in Command line code on line 9
[11-Jun-2026 23:55:55 America/El_Salvador] [sietelsa] {"ts":"2026-06-11T23:55:55-06:00","message":"Runtime warning","context":{"severity":8192,"message":"fputcsv(): the $escape parameter must be provided as its default value will change","file":"Command line code","line":9}}
[11-Jun-2026 23:55:55 America/El_Salvador] PHP Deprecated:  fputcsv(): the $escape parameter must be provided as its default value will change in Command line code on line 9
[11-Jun-2026 23:55:55 America/El_Salvador] [sietelsa] {"ts":"2026-06-11T23:55:55-06:00","message":"Runtime warning","context":{"severity":8192,"message":"fputcsv(): the $escape parameter must be provided as its default value will change","file":"Command line code","line":9}}
[11-Jun-2026 23:55:55 America/El_Salvador] PHP Deprecated:  fputcsv(): the $escape parameter must be provided as its default value will change in Command line code on line 9
[11-Jun-2026 23:55:55 America/El_Salvador] [sietelsa] {"ts":"2026-06-11T23:55:55-06:00","message":"Runtime warning","context":{"severity":8192,"message":"fputcsv(): the $escape parameter must be provided as its default value will change","file":"Command line code","line":9}}
[11-Jun-2026 23:55:55 America/El_Salvador] PHP Deprecated:  fputcsv(): the $escape parameter must be provided as its default value will change in Command line code on line 9
[11-Jun-2026 23:55:55 America/El_Salvador] [sietelsa] {"ts":"2026-06-11T23:55:55-06:00","message":"Runtime warning","context":{"severity":8192,"message":"fputcsv(): the $escape parameter must be provided as its default value will change","file":"Command line code","line":9}}
[11-Jun-2026 23:55:55 America/El_Salvador] PHP Deprecated:  fputcsv(): the $escape parameter must be provided as its default value will change in Command line code on line 9
[11-Jun-2026 23:55:55 America/El_Salvador] [sietelsa] {"ts":"2026-06-11T23:55:55-06:00","message":"Runtime warning","context":{"severity":8192,"message":"fputcsv(): the $escape parameter must be provided as its default value will change","file":"Command line code","line":9}}
[11-Jun-2026 23:55:55 America/El_Salvador] PHP Deprecated:  fputcsv(): the $escape parameter must be provided as its default value will change in Command line code on line 9
[11-Jun-2026 23:55:55 America/El_Salvador] [sietelsa] {"ts":"2026-06-11T23:55:55-06:00","message":"Runtime warning","context":{"severity":8192,"message":"fputcsv(): the $escape parameter must be provided as its default value will change","file":"Command line code","line":9}}
[11-Jun-2026 23:55:55 America/El_Salvador] PHP Deprecated:  fputcsv(): the $escape parameter must be provided as its default value will change in Command line code on line 9
[11-Jun-2026 23:55:55 America/El_Salvador] [sietelsa] {"ts":"2026-06-11T23:55:55-06:00","message":"Runtime warning","context":{"severity":8192,"message":"fputcsv(): the $escape parameter must be provided as its default value will change","file":"Command line code","line":9}}
[11-Jun-2026 23:55:55 America/El_Salvador] PHP Deprecated:  fputcsv(): the $escape parameter must be provided as its default value will change in Command line code on line 9
[11-Jun-2026 23:55:55 America/El_Salvador] [sietelsa] {"ts":"2026-06-11T23:55:55-06:00","message":"Runtime warning","context":{"severity":8192,"message":"fputcsv(): the $escape parameter must be provided as its default value will change","file":"Command line code","line":9}}
[11-Jun-2026 23:55:55 America/El_Salvador] PHP Deprecated:  fputcsv(): the $escape parameter must be provided as its default value will change in Command line code on line 9
[11-Jun-2026 23:55:55 America/El_Salvador] [sietelsa] {"ts":"2026-06-11T23:55:55-06:00","message":"Runtime warning","context":{"severity":8192,"message":"fputcsv(): the $escape parameter must be provided as its default value will change","file":"Command line code","line":9}}
[11-Jun-2026 23:55:55 America/El_Salvador] PHP Deprecated:  fputcsv(): the $escape parameter must be provided as its default value will change in Command line code on line 9
[11-Jun-2026 23:55:55 America/El_Salvador] [sietelsa] {"ts":"2026-06-11T23:55:55-06:00","message":"Runtime warning","context":{"severity":8192,"message":"fputcsv(): the $escape parameter must be provided as its default value will change","file":"Command line code","line":9}}
[11-Jun-2026 23:55:55 America/El_Salvador] PHP Deprecated:  fputcsv(): the $escape parameter must be provided as its default value will change in Command line code on line 9
[11-Jun-2026 23:55:55 America/El_Salvador] [sietelsa] {"ts":"2026-06-11T23:55:55-06:00","message":"Runtime warning","context":{"severity":8192,"message":"fputcsv(): the $escape parameter must be provided as its default value will change","file":"Command line code","line":9}}
[11-Jun-2026 23:55:55 America/El_Salvador] PHP Deprecated:  fputcsv(): the $escape parameter must be provided as its default value will change in Command line code on line 9
[11-Jun-2026 23:55:55 America/El_Salvador] [sietelsa] {"ts":"2026-06-11T23:55:55-06:00","message":"Runtime warning","context":{"severity":8192,"message":"fputcsv(): the $escape parameter must be provided as its default value will change","file":"Command line code","line":9}}
[11-Jun-2026 23:55:55 America/El_Salvador] PHP Deprecated:  fputcsv(): the $escape parameter must be provided as its default value will change in Command line code on line 9
[11-Jun-2026 23:55:55 America/El_Salvador] [sietelsa] {"ts":"2026-06-11T23:55:55-06:00","message":"Runtime warning","context":{"severity":8192,"message":"fputcsv(): the $escape parameter must be provided as its default value will change","file":"Command line code","line":9}}
[11-Jun-2026 23:55:55 America/El_Salvador] PHP Deprecated:  fputcsv(): the $escape parameter must be provided as its default value will change in Command line code on line 9
[11-Jun-2026 23:55:55 America/El_Salvador] [sietelsa] {"ts":"2026-06-11T23:55:55-06:00","message":"Runtime warning","context":{"severity":8192,"message":"fputcsv(): the $escape parameter must be provided as its default value will change","file":"Command line code","line":9}}
[11-Jun-2026 23:55:55 America/El_Salvador] PHP Deprecated:  fputcsv(): the $escape parameter must be provided as its default value will change in Command line code on line 9
[11-Jun-2026 23:55:55 America/El_Salvador] [sietelsa] {"ts":"2026-06-11T23:55:55-06:00","message":"Runtime warning","context":{"severity":8192,"message":"fputcsv(): the $escape parameter must be provided as its default value will change","file":"Command line code","line":9}}
[11-Jun-2026 23:55:55 America/El_Salvador] PHP Deprecated:  fputcsv(): the $escape parameter must be provided as its default value will change in Command line code on line 9
[11-Jun-2026 23:55:55 America/El_Salvador] [sietelsa] {"ts":"2026-06-11T23:55:55-06:00","message":"Runtime warning","context":{"severity":8192,"message":"fputcsv(): the $escape parameter must be provided as its default value will change","file":"Command line code","line":9}}
[11-Jun-2026 23:55:55 America/El_Salvador] PHP Deprecated:  fputcsv(): the $escape parameter must be provided as its default value will change in Command line code on line 9
[11-Jun-2026 23:55:55 America/El_Salvador] [sietelsa] {"ts":"2026-06-11T23:55:55-06:00","message":"Runtime warning","context":{"severity":8192,"message":"fputcsv(): the $escape parameter must be provided as its default value will change","file":"Command line code","line":9}}
[11-Jun-2026 23:55:55 America/El_Salvador] PHP Deprecated:  fputcsv(): the $escape parameter must be provided as its default value will change in Command line code on line 9
[11-Jun-2026 23:55:55 America/El_Salvador] [sietelsa] {"ts":"2026-06-11T23:55:55-06:00","message":"Runtime warning","context":{"severity":8192,"message":"fputcsv(): the $escape parameter must be provided as its default value will change","file":"Command line code","line":9}}
[11-Jun-2026 23:55:55 America/El_Salvador] PHP Deprecated:  fputcsv(): the $escape parameter must be provided as its default value will change in Command line code on line 9
[11-Jun-2026 23:55:55 America/El_Salvador] [sietelsa] {"ts":"2026-06-11T23:55:55-06:00","message":"Runtime warning","context":{"severity":8192,"message":"fputcsv(): the $escape parameter must be provided as its default value will change","file":"Command line code","line":9}}
[11-Jun-2026 23:55:55 America/El_Salvador] PHP Deprecated:  fputcsv(): the $escape parameter must be provided as its default value will change in Command line code on line 9
[11-Jun-2026 23:55:55 America/El_Salvador] [sietelsa] {"ts":"2026-06-11T23:55:55-06:00","message":"Runtime warning","context":{"severity":8192,"message":"fputcsv(): the $escape parameter must be provided as its default value will change","file":"Command line code","line":9}}
[11-Jun-2026 23:55:55 America/El_Salvador] PHP Deprecated:  fputcsv(): the $escape parameter must be provided as its default value will change in Command line code on line 9
[11-Jun-2026 23:55:55 America/El_Salvador] [sietelsa] {"ts":"2026-06-11T23:55:55-06:00","message":"Runtime warning","context":{"severity":8192,"message":"fputcsv(): the $escape parameter must be provided as its default value will change","file":"Command line code","line":9}}
[11-Jun-2026 23:55:55 America/El_Salvador] PHP Deprecated:  fputcsv(): the $escape parameter must be provided as its default value will change in Command line code on line 9
[11-Jun-2026 23:55:55 America/El_Salvador] [sietelsa] {"ts":"2026-06-11T23:55:55-06:00","message":"Runtime warning","context":{"severity":8192,"message":"fputcsv(): the $escape parameter must be provided as its default value will change","file":"Command line code","line":9}}
[11-Jun-2026 23:55:55 America/El_Salvador] PHP Deprecated:  fputcsv(): the $escape parameter must be provided as its default value will change in Command line code on line 9
[11-Jun-2026 23:55:55 America/El_Salvador] [sietelsa] {"ts":"2026-06-11T23:55:55-06:00","message":"Runtime warning","context":{"severity":8192,"message":"fputcsv(): the $escape parameter must be provided as its default value will change","file":"Command line code","line":9}}
[11-Jun-2026 23:55:55 America/El_Salvador] PHP Deprecated:  fputcsv(): the $escape parameter must be provided as its default value will change in Command line code on line 9
[11-Jun-2026 23:55:55 America/El_Salvador] [sietelsa] {"ts":"2026-06-11T23:55:55-06:00","message":"Runtime warning","context":{"severity":8192,"message":"fputcsv(): the $escape parameter must be provided as its default value will change","file":"Command line code","line":9}}
[11-Jun-2026 23:55:55 America/El_Salvador] PHP Deprecated:  fputcsv(): the $escape parameter must be provided as its default value will change in Command line code on line 9
[11-Jun-2026 23:55:55 America/El_Salvador] [sietelsa] {"ts":"2026-06-11T23:55:55-06:00","message":"Runtime warning","context":{"severity":8192,"message":"fputcsv(): the $escape parameter must be provided as its default value will change","file":"Command line code","line":9}}
[11-Jun-2026 23:55:55 America/El_Salvador] PHP Deprecated:  fputcsv(): the $escape parameter must be provided as its default value will change in Command line code on line 9
[11-Jun-2026 23:55:55 America/El_Salvador] [sietelsa] {"ts":"2026-06-11T23:55:55-06:00","message":"Runtime warning","context":{"severity":8192,"message":"fputcsv(): the $escape parameter must be provided as its default value will change","file":"Command line code","line":9}}
[11-Jun-2026 23:55:55 America/El_Salvador] PHP Deprecated:  fputcsv(): the $escape parameter must be provided as its default value will change in Command line code on line 9
[11-Jun-2026 23:55:55 America/El_Salvador] [sietelsa] {"ts":"2026-06-11T23:55:55-06:00","message":"Runtime warning","context":{"severity":8192,"message":"fputcsv(): the $escape parameter must be provided as its default value will change","file":"Command line code","line":9}}
[11-Jun-2026 23:55:55 America/El_Salvador] PHP Deprecated:  fputcsv(): the $escape parameter must be provided as its default value will change in Command line code on line 9
[11-Jun-2026 23:55:55 America/El_Salvador] [sietelsa] {"ts":"2026-06-11T23:55:55-06:00","message":"Runtime warning","context":{"severity":8192,"message":"fputcsv(): the $escape parameter must be provided as its default value will change","file":"Command line code","line":9}}
[11-Jun-2026 23:55:55 America/El_Salvador] PHP Deprecated:  fputcsv(): the $escape parameter must be provided as its default value will change in Command line code on line 9
[11-Jun-2026 23:55:55 America/El_Salvador] [sietelsa] {"ts":"2026-06-11T23:55:55-06:00","message":"Runtime warning","context":{"severity":8192,"message":"fputcsv(): the $escape parameter must be provided as its default value will change","file":"Command line code","line":9}}
[11-Jun-2026 23:55:55 America/El_Salvador] PHP Deprecated:  fputcsv(): the $escape parameter must be provided as its default value will change in Command line code on line 9
[11-Jun-2026 23:55:55 America/El_Salvador] [sietelsa] {"ts":"2026-06-11T23:55:55-06:00","message":"Runtime warning","context":{"severity":8192,"message":"fputcsv(): the $escape parameter must be provided as its default value will change","file":"Command line code","line":9}}
[11-Jun-2026 23:55:55 America/El_Salvador] PHP Deprecated:  fputcsv(): the $escape parameter must be provided as its default value will change in Command line code on line 9
[11-Jun-2026 23:55:55 America/El_Salvador] [sietelsa] {"ts":"2026-06-11T23:55:55-06:00","message":"Runtime warning","context":{"severity":8192,"message":"fputcsv(): the $escape parameter must be provided as its default value will change","file":"Command line code","line":9}}
[11-Jun-2026 23:55:55 America/El_Salvador] PHP Deprecated:  fputcsv(): the $escape parameter must be provided as its default value will change in Command line code on line 9
[11-Jun-2026 23:55:55 America/El_Salvador] [sietelsa] {"ts":"2026-06-11T23:55:55-06:00","message":"Runtime warning","context":{"severity":8192,"message":"fputcsv(): the $escape parameter must be provided as its default value will change","file":"Command line code","line":9}}
[11-Jun-2026 23:55:55 America/El_Salvador] PHP Deprecated:  fputcsv(): the $escape parameter must be provided as its default value will change in Command line code on line 9
[11-Jun-2026 23:55:55 America/El_Salvador] [sietelsa] {"ts":"2026-06-11T23:55:55-06:00","message":"Runtime warning","context":{"severity":8192,"message":"fputcsv(): the $escape parameter must be provided as its default value will change","file":"Command line code","line":9}}
[11-Jun-2026 23:55:55 America/El_Salvador] PHP Deprecated:  fputcsv(): the $escape parameter must be provided as its default value will change in Command line code on line 9
[11-Jun-2026 23:55:55 America/El_Salvador] [sietelsa] {"ts":"2026-06-11T23:55:55-06:00","message":"Runtime warning","context":{"severity":8192,"message":"fputcsv(): the $escape parameter must be provided as its default value will change","file":"Command line code","line":9}}
[11-Jun-2026 23:55:55 America/El_Salvador] PHP Deprecated:  fputcsv(): the $escape parameter must be provided as its default value will change in Command line code on line 9
[11-Jun-2026 23:55:55 America/El_Salvador] [sietelsa] {"ts":"2026-06-11T23:55:55-06:00","message":"Runtime warning","context":{"severity":8192,"message":"fputcsv(): the $escape parameter must be provided as its default value will change","file":"Command line code","line":9}}
[11-Jun-2026 23:55:55 America/El_Salvador] PHP Deprecated:  fputcsv(): the $escape parameter must be provided as its default value will change in Command line code on line 9
[11-Jun-2026 23:55:55 America/El_Salvador] [sietelsa] {"ts":"2026-06-11T23:55:55-06:00","message":"Runtime warning","context":{"severity":8192,"message":"fputcsv(): the $escape parameter must be provided as its default value will change","file":"Command line code","line":9}}
[11-Jun-2026 23:55:55 America/El_Salvador] PHP Deprecated:  fputcsv(): the $escape parameter must be provided as its default value will change in Command line code on line 9
[11-Jun-2026 23:55:55 America/El_Salvador] [sietelsa] {"ts":"2026-06-11T23:55:55-06:00","message":"Runtime warning","context":{"severity":8192,"message":"fputcsv(): the $escape parameter must be provided as its default value will change","file":"Command line code","line":9}}
[11-Jun-2026 23:55:55 America/El_Salvador] PHP Deprecated:  fputcsv(): the $escape parameter must be provided as its default value will change in Command line code on line 9
[11-Jun-2026 23:55:55 America/El_Salvador] [sietelsa] {"ts":"2026-06-11T23:55:55-06:00","message":"Runtime warning","context":{"severity":8192,"message":"fputcsv(): the $escape parameter must be provided as its default value will change","file":"Command line code","line":9}}
[11-Jun-2026 23:55:55 America/El_Salvador] PHP Deprecated:  fputcsv(): the $escape parameter must be provided as its default value will change in Command line code on line 9
[11-Jun-2026 23:55:55 America/El_Salvador] [sietelsa] {"ts":"2026-06-11T23:55:55-06:00","message":"Runtime warning","context":{"severity":8192,"message":"fputcsv(): the $escape parameter must be provided as its default value will change","file":"Command line code","line":9}}
[11-Jun-2026 23:55:55 America/El_Salvador] PHP Deprecated:  fputcsv(): the $escape parameter must be provided as its default value will change in Command line code on line 9
[11-Jun-2026 23:55:55 America/El_Salvador] [sietelsa] {"ts":"2026-06-11T23:55:55-06:00","message":"Runtime warning","context":{"severity":8192,"message":"fputcsv(): the $escape parameter must be provided as its default value will change","file":"Command line code","line":9}}
[11-Jun-2026 23:55:55 America/El_Salvador] PHP Deprecated:  fputcsv(): the $escape parameter must be provided as its default value will change in Command line code on line 9
[11-Jun-2026 23:55:55 America/El_Salvador] [sietelsa] {"ts":"2026-06-11T23:55:55-06:00","message":"Runtime warning","context":{"severity":8192,"message":"fputcsv(): the $escape parameter must be provided as its default value will change","file":"Command line code","line":9}}
[11-Jun-2026 23:55:55 America/El_Salvador] PHP Deprecated:  fputcsv(): the $escape parameter must be provided as its default value will change in Command line code on line 9
[11-Jun-2026 23:55:55 America/El_Salvador] [sietelsa] {"ts":"2026-06-11T23:55:55-06:00","message":"Runtime warning","context":{"severity":8192,"message":"fputcsv(): the $escape parameter must be provided as its default value will change","file":"Command line code","line":9}}
[11-Jun-2026 23:55:55 America/El_Salvador] PHP Deprecated:  fputcsv(): the $escape parameter must be provided as its default value will change in Command line code on line 9
[11-Jun-2026 23:55:55 America/El_Salvador] [sietelsa] {"ts":"2026-06-11T23:55:55-06:00","message":"Runtime warning","context":{"severity":8192,"message":"fputcsv(): the $escape parameter must be provided as its default value will change","file":"Command line code","line":9}}
[11-Jun-2026 23:55:55 America/El_Salvador] PHP Deprecated:  fputcsv(): the $escape parameter must be provided as its default value will change in Command line code on line 9
[11-Jun-2026 23:55:55 America/El_Salvador] [sietelsa] {"ts":"2026-06-11T23:55:55-06:00","message":"Runtime warning","context":{"severity":8192,"message":"fputcsv(): the $escape parameter must be provided as its default value will change","file":"Command line code","line":9}}
[11-Jun-2026 23:55:55 America/El_Salvador] PHP Deprecated:  fputcsv(): the $escape parameter must be provided as its default value will change in Command line code on line 9
[11-Jun-2026 23:55:55 America/El_Salvador] [sietelsa] {"ts":"2026-06-11T23:55:55-06:00","message":"Runtime warning","context":{"severity":8192,"message":"fputcsv(): the $escape parameter must be provided as its default value will change","file":"Command line code","line":9}}
[11-Jun-2026 23:55:55 America/El_Salvador] PHP Deprecated:  fputcsv(): the $escape parameter must be provided as its default value will change in Command line code on line 9
[11-Jun-2026 23:55:55 America/El_Salvador] [sietelsa] {"ts":"2026-06-11T23:55:55-06:00","message":"Runtime warning","context":{"severity":8192,"message":"fputcsv(): the $escape parameter must be provided as its default value will change","file":"Command line code","line":9}}
[11-Jun-2026 23:55:55 America/El_Salvador] PHP Deprecated:  fputcsv(): the $escape parameter must be provided as its default value will change in Command line code on line 9
[11-Jun-2026 23:55:55 America/El_Salvador] [sietelsa] {"ts":"2026-06-11T23:55:55-06:00","message":"Runtime warning","context":{"severity":8192,"message":"fputcsv(): the $escape parameter must be provided as its default value will change","file":"Command line code","line":9}}
[11-Jun-2026 23:55:55 America/El_Salvador] PHP Deprecated:  fputcsv(): the $escape parameter must be provided as its default value will change in Command line code on line 9
[11-Jun-2026 23:55:55 America/El_Salvador] [sietelsa] {"ts":"2026-06-11T23:55:55-06:00","message":"Runtime warning","context":{"severity":8192,"message":"fputcsv(): the $escape parameter must be provided as its default value will change","file":"Command line code","line":9}}
[11-Jun-2026 23:55:55 America/El_Salvador] PHP Deprecated:  fputcsv(): the $escape parameter must be provided as its default value will change in Command line code on line 9
[11-Jun-2026 23:55:55 America/El_Salvador] [sietelsa] {"ts":"2026-06-11T23:55:55-06:00","message":"Runtime warning","context":{"severity":8192,"message":"fputcsv(): the $escape parameter must be provided as its default value will change","file":"Command line code","line":9}}
[11-Jun-2026 23:55:55 America/El_Salvador] PHP Deprecated:  fputcsv(): the $escape parameter must be provided as its default value will change in Command line code on line 9
[11-Jun-2026 23:55:55 America/El_Salvador] [sietelsa] {"ts":"2026-06-11T23:55:55-06:00","message":"Runtime warning","context":{"severity":8192,"message":"fputcsv(): the $escape parameter must be provided as its default value will change","file":"Command line code","line":9}}
[11-Jun-2026 23:55:55 America/El_Salvador] PHP Deprecated:  fputcsv(): the $escape parameter must be provided as its default value will change in Command line code on line 9
[11-Jun-2026 23:55:55 America/El_Salvador] [sietelsa] {"ts":"2026-06-11T23:55:55-06:00","message":"Runtime warning","context":{"severity":8192,"message":"fputcsv(): the $escape parameter must be provided as its default value will change","file":"Command line code","line":9}}
[11-Jun-2026 23:55:55 America/El_Salvador] PHP Deprecated:  fputcsv(): the $escape parameter must be provided as its default value will change in Command line code on line 9
[11-Jun-2026 23:55:55 America/El_Salvador] [sietelsa] {"ts":"2026-06-11T23:55:55-06:00","message":"Runtime warning","context":{"severity":8192,"message":"fputcsv(): the $escape parameter must be provided as its default value will change","file":"Command line code","line":9}}
[11-Jun-2026 23:55:55 America/El_Salvador] PHP Deprecated:  fputcsv(): the $escape parameter must be provided as its default value will change in Command line code on line 9
[11-Jun-2026 23:55:55 America/El_Salvador] [sietelsa] {"ts":"2026-06-11T23:55:55-06:00","message":"Runtime warning","context":{"severity":8192,"message":"fputcsv(): the $escape parameter must be provided as its default value will change","file":"Command line code","line":9}}
[11-Jun-2026 23:55:55 America/El_Salvador] PHP Deprecated:  fputcsv(): the $escape parameter must be provided as its default value will change in Command line code on line 9
[11-Jun-2026 23:55:55 America/El_Salvador] [sietelsa] {"ts":"2026-06-11T23:55:55-06:00","message":"Runtime warning","context":{"severity":8192,"message":"fputcsv(): the $escape parameter must be provided as its default value will change","file":"Command line code","line":9}}
[11-Jun-2026 23:55:55 America/El_Salvador] PHP Deprecated:  fputcsv(): the $escape parameter must be provided as its default value will change in Command line code on line 9
[11-Jun-2026 23:55:55 America/El_Salvador] [sietelsa] {"ts":"2026-06-11T23:55:55-06:00","message":"Runtime warning","context":{"severity":8192,"message":"fputcsv(): the $escape parameter must be provided as its default value will change","file":"Command line code","line":9}}
[11-Jun-2026 23:55:55 America/El_Salvador] PHP Deprecated:  fputcsv(): the $escape parameter must be provided as its default value will change in Command line code on line 9
[11-Jun-2026 23:55:55 America/El_Salvador] [sietelsa] {"ts":"2026-06-11T23:55:55-06:00","message":"Runtime warning","context":{"severity":8192,"message":"fputcsv(): the $escape parameter must be provided as its default value will change","file":"Command line code","line":9}}
[11-Jun-2026 23:55:55 America/El_Salvador] PHP Deprecated:  fputcsv(): the $escape parameter must be provided as its default value will change in Command line code on line 9
[11-Jun-2026 23:55:55 America/El_Salvador] [sietelsa] {"ts":"2026-06-11T23:55:55-06:00","message":"Runtime warning","context":{"severity":8192,"message":"fputcsv(): the $escape parameter must be provided as its default value will change","file":"Command line code","line":9}}
[11-Jun-2026 23:55:55 America/El_Salvador] PHP Deprecated:  fputcsv(): the $escape parameter must be provided as its default value will change in Command line code on line 9
[11-Jun-2026 23:55:55 America/El_Salvador] [sietelsa] {"ts":"2026-06-11T23:55:55-06:00","message":"Runtime warning","context":{"severity":8192,"message":"fputcsv(): the $escape parameter must be provided as its default value will change","file":"Command line code","line":9}}
[11-Jun-2026 23:55:55 America/El_Salvador] PHP Deprecated:  fputcsv(): the $escape parameter must be provided as its default value will change in Command line code on line 9
[11-Jun-2026 23:55:55 America/El_Salvador] [sietelsa] {"ts":"2026-06-11T23:55:55-06:00","message":"Runtime warning","context":{"severity":8192,"message":"fputcsv(): the $escape parameter must be provided as its default value will change","file":"Command line code","line":9}}
[11-Jun-2026 23:55:55 America/El_Salvador] PHP Deprecated:  fputcsv(): the $escape parameter must be provided as its default value will change in Command line code on line 9
[11-Jun-2026 23:55:55 America/El_Salvador] [sietelsa] {"ts":"2026-06-11T23:55:55-06:00","message":"Runtime warning","context":{"severity":8192,"message":"fputcsv(): the $escape parameter must be provided as its default value will change","file":"Command line code","line":9}}
[11-Jun-2026 23:55:55 America/El_Salvador] PHP Deprecated:  fputcsv(): the $escape parameter must be provided as its default value will change in Command line code on line 9
[11-Jun-2026 23:55:55 America/El_Salvador] [sietelsa] {"ts":"2026-06-11T23:55:55-06:00","message":"Runtime warning","context":{"severity":8192,"message":"fputcsv(): the $escape parameter must be provided as its default value will change","file":"Command line code","line":9}}
[11-Jun-2026 23:55:55 America/El_Salvador] PHP Deprecated:  fputcsv(): the $escape parameter must be provided as its default value will change in Command line code on line 9
[11-Jun-2026 23:55:55 America/El_Salvador] [sietelsa] {"ts":"2026-06-11T23:55:55-06:00","message":"Runtime warning","context":{"severity":8192,"message":"fputcsv(): the $escape parameter must be provided as its default value will change","file":"Command line code","line":9}}
[11-Jun-2026 23:55:55 America/El_Salvador] PHP Deprecated:  fputcsv(): the $escape parameter must be provided as its default value will change in Command line code on line 9
[11-Jun-2026 23:55:55 America/El_Salvador] [sietelsa] {"ts":"2026-06-11T23:55:55-06:00","message":"Runtime warning","context":{"severity":8192,"message":"fputcsv(): the $escape parameter must be provided as its default value will change","file":"Command line code","line":9}}
[11-Jun-2026 23:55:55 America/El_Salvador] PHP Deprecated:  fputcsv(): the $escape parameter must be provided as its default value will change in Command line code on line 9
[11-Jun-2026 23:55:55 America/El_Salvador] [sietelsa] {"ts":"2026-06-11T23:55:55-06:00","message":"Runtime warning","context":{"severity":8192,"message":"fputcsv(): the $escape parameter must be provided as its default value will change","file":"Command line code","line":9}}
[11-Jun-2026 23:55:55 America/El_Salvador] PHP Deprecated:  fputcsv(): the $escape parameter must be provided as its default value will change in Command line code on line 9
[11-Jun-2026 23:55:55 America/El_Salvador] [sietelsa] {"ts":"2026-06-11T23:55:55-06:00","message":"Runtime warning","context":{"severity":8192,"message":"fputcsv(): the $escape parameter must be provided as its default value will change","file":"Command line code","line":9}}
[11-Jun-2026 23:55:55 America/El_Salvador] PHP Deprecated:  fputcsv(): the $escape parameter must be provided as its default value will change in Command line code on line 9
[11-Jun-2026 23:55:55 America/El_Salvador] [sietelsa] {"ts":"2026-06-11T23:55:55-06:00","message":"Runtime warning","context":{"severity":8192,"message":"fputcsv(): the $escape parameter must be provided as its default value will change","file":"Command line code","line":9}}
[11-Jun-2026 23:55:55 America/El_Salvador] PHP Deprecated:  fputcsv(): the $escape parameter must be provided as its default value will change in Command line code on line 9
[11-Jun-2026 23:55:55 America/El_Salvador] [sietelsa] {"ts":"2026-06-11T23:55:55-06:00","message":"Runtime warning","context":{"severity":8192,"message":"fputcsv(): the $escape parameter must be provided as its default value will change","file":"Command line code","line":9}}
[11-Jun-2026 23:55:55 America/El_Salvador] PHP Deprecated:  fputcsv(): the $escape parameter must be provided as its default value will change in Command line code on line 9
[11-Jun-2026 23:55:55 America/El_Salvador] [sietelsa] {"ts":"2026-06-11T23:55:55-06:00","message":"Runtime warning","context":{"severity":8192,"message":"fputcsv(): the $escape parameter must be provided as its default value will change","file":"Command line code","line":9}}
[11-Jun-2026 23:55:55 America/El_Salvador] PHP Deprecated:  fputcsv(): the $escape parameter must be provided as its default value will change in Command line code on line 9
[11-Jun-2026 23:55:55 America/El_Salvador] [sietelsa] {"ts":"2026-06-11T23:55:55-06:00","message":"Runtime warning","context":{"severity":8192,"message":"fputcsv(): the $escape parameter must be provided as its default value will change","file":"Command line code","line":9}}
[11-Jun-2026 23:55:55 America/El_Salvador] PHP Deprecated:  fputcsv(): the $escape parameter must be provided as its default value will change in Command line code on line 9
[11-Jun-2026 23:55:55 America/El_Salvador] [sietelsa] {"ts":"2026-06-11T23:55:55-06:00","message":"Runtime warning","context":{"severity":8192,"message":"fputcsv(): the $escape parameter must be provided as its default value will change","file":"Command line code","line":9}}
[11-Jun-2026 23:55:55 America/El_Salvador] PHP Deprecated:  fputcsv(): the $escape parameter must be provided as its default value will change in Command line code on line 9
[11-Jun-2026 23:55:55 America/El_Salvador] [sietelsa] {"ts":"2026-06-11T23:55:55-06:00","message":"Runtime warning","context":{"severity":8192,"message":"fputcsv(): the $escape parameter must be provided as its default value will change","file":"Command line code","line":9}}
[11-Jun-2026 23:55:55 America/El_Salvador] PHP Deprecated:  fputcsv(): the $escape parameter must be provided as its default value will change in Command line code on line 9
[11-Jun-2026 23:55:55 America/El_Salvador] [sietelsa] {"ts":"2026-06-11T23:55:55-06:00","message":"Runtime warning","context":{"severity":8192,"message":"fputcsv(): the $escape parameter must be provided as its default value will change","file":"Command line code","line":9}}
[11-Jun-2026 23:55:55 America/El_Salvador] PHP Deprecated:  fputcsv(): the $escape parameter must be provided as its default value will change in Command line code on line 9
[11-Jun-2026 23:55:55 America/El_Salvador] [sietelsa] {"ts":"2026-06-11T23:55:55-06:00","message":"Runtime warning","context":{"severity":8192,"message":"fputcsv(): the $escape parameter must be provided as its default value will change","file":"Command line code","line":9}}
[11-Jun-2026 23:55:55 America/El_Salvador] PHP Deprecated:  fputcsv(): the $escape parameter must be provided as its default value will change in Command line code on line 9
[11-Jun-2026 23:55:55 America/El_Salvador] [sietelsa] {"ts":"2026-06-11T23:55:55-06:00","message":"Runtime warning","context":{"severity":8192,"message":"fputcsv(): the $escape parameter must be provided as its default value will change","file":"Command line code","line":9}}
[11-Jun-2026 23:55:55 America/El_Salvador] PHP Deprecated:  fputcsv(): the $escape parameter must be provided as its default value will change in Command line code on line 9
[11-Jun-2026 23:55:55 America/El_Salvador] [sietelsa] {"ts":"2026-06-11T23:55:55-06:00","message":"Runtime warning","context":{"severity":8192,"message":"fputcsv(): the $escape parameter must be provided as its default value will change","file":"Command line code","line":9}}
[11-Jun-2026 23:55:55 America/El_Salvador] PHP Deprecated:  fputcsv(): the $escape parameter must be provided as its default value will change in Command line code on line 9
[11-Jun-2026 23:55:55 America/El_Salvador] [sietelsa] {"ts":"2026-06-11T23:55:55-06:00","message":"Runtime warning","context":{"severity":8192,"message":"fputcsv(): the $escape parameter must be provided as its default value will change","file":"Command line code","line":9}}
[11-Jun-2026 23:55:55 America/El_Salvador] PHP Deprecated:  fputcsv(): the $escape parameter must be provided as its default value will change in Command line code on line 9
[11-Jun-2026 23:55:55 America/El_Salvador] [sietelsa] {"ts":"2026-06-11T23:55:55-06:00","message":"Runtime warning","context":{"severity":8192,"message":"fputcsv(): the $escape parameter must be provided as its default value will change","file":"Command line code","line":9}}
[11-Jun-2026 23:55:55 America/El_Salvador] PHP Deprecated:  fputcsv(): the $escape parameter must be provided as its default value will change in Command line code on line 9
[11-Jun-2026 23:55:55 America/El_Salvador] [sietelsa] {"ts":"2026-06-11T23:55:55-06:00","message":"Runtime warning","context":{"severity":8192,"message":"fputcsv(): the $escape parameter must be provided as its default value will change","file":"Command line code","line":9}}
[11-Jun-2026 23:55:55 America/El_Salvador] PHP Deprecated:  fputcsv(): the $escape parameter must be provided as its default value will change in Command line code on line 9
[11-Jun-2026 23:55:55 America/El_Salvador] [sietelsa] {"ts":"2026-06-11T23:55:55-06:00","message":"Runtime warning","context":{"severity":8192,"message":"fputcsv(): the $escape parameter must be provided as its default value will change","file":"Command line code","line":9}}
[11-Jun-2026 23:55:55 America/El_Salvador] PHP Deprecated:  fputcsv(): the $escape parameter must be provided as its default value will change in Command line code on line 9
[11-Jun-2026 23:55:55 America/El_Salvador] [sietelsa] {"ts":"2026-06-11T23:55:55-06:00","message":"Runtime warning","context":{"severity":8192,"message":"fputcsv(): the $escape parameter must be provided as its default value will change","file":"Command line code","line":9}}
[11-Jun-2026 23:55:55 America/El_Salvador] PHP Deprecated:  fputcsv(): the $escape parameter must be provided as its default value will change in Command line code on line 9
[11-Jun-2026 23:55:55 America/El_Salvador] [sietelsa] {"ts":"2026-06-11T23:55:55-06:00","message":"Runtime warning","context":{"severity":8192,"message":"fputcsv(): the $escape parameter must be provided as its default value will change","file":"Command line code","line":9}}
[11-Jun-2026 23:55:55 America/El_Salvador] PHP Deprecated:  fputcsv(): the $escape parameter must be provided as its default value will change in Command line code on line 9
[11-Jun-2026 23:55:55 America/El_Salvador] [sietelsa] {"ts":"2026-06-11T23:55:55-06:00","message":"Runtime warning","context":{"severity":8192,"message":"fputcsv(): the $escape parameter must be provided as its default value will change","file":"Command line code","line":9}}
[11-Jun-2026 23:55:55 America/El_Salvador] PHP Deprecated:  fputcsv(): the $escape parameter must be provided as its default value will change in Command line code on line 9
[11-Jun-2026 23:55:55 America/El_Salvador] [sietelsa] {"ts":"2026-06-11T23:55:55-06:00","message":"Runtime warning","context":{"severity":8192,"message":"fputcsv(): the $escape parameter must be provided as its default value will change","file":"Command line code","line":9}}
[11-Jun-2026 23:55:55 America/El_Salvador] PHP Deprecated:  fputcsv(): the $escape parameter must be provided as its default value will change in Command line code on line 9
[11-Jun-2026 23:55:55 America/El_Salvador] [sietelsa] {"ts":"2026-06-11T23:55:55-06:00","message":"Runtime warning","context":{"severity":8192,"message":"fputcsv(): the $escape parameter must be provided as its default value will change","file":"Command line code","line":9}}
[11-Jun-2026 23:55:55 America/El_Salvador] PHP Deprecated:  fputcsv(): the $escape parameter must be provided as its default value will change in Command line code on line 9
[11-Jun-2026 23:55:55 America/El_Salvador] [sietelsa] {"ts":"2026-06-11T23:55:55-06:00","message":"Runtime warning","context":{"severity":8192,"message":"fputcsv(): the $escape parameter must be provided as its default value will change","file":"Command line code","line":9}}
[11-Jun-2026 23:55:55 America/El_Salvador] PHP Deprecated:  fputcsv(): the $escape parameter must be provided as its default value will change in Command line code on line 9
[11-Jun-2026 23:55:55 America/El_Salvador] [sietelsa] {"ts":"2026-06-11T23:55:55-06:00","message":"Runtime warning","context":{"severity":8192,"message":"fputcsv(): the $escape parameter must be provided as its default value will change","file":"Command line code","line":9}}
[11-Jun-2026 23:55:55 America/El_Salvador] PHP Deprecated:  fputcsv(): the $escape parameter must be provided as its default value will change in Command line code on line 9
[11-Jun-2026 23:55:55 America/El_Salvador] [sietelsa] {"ts":"2026-06-11T23:55:55-06:00","message":"Runtime warning","context":{"severity":8192,"message":"fputcsv(): the $escape parameter must be provided as its default value will change","file":"Command line code","line":9}}
[11-Jun-2026 23:55:55 America/El_Salvador] PHP Deprecated:  fputcsv(): the $escape parameter must be provided as its default value will change in Command line code on line 9
[11-Jun-2026 23:55:55 America/El_Salvador] [sietelsa] {"ts":"2026-06-11T23:55:55-06:00","message":"Runtime warning","context":{"severity":8192,"message":"fputcsv(): the $escape parameter must be provided as its default value will change","file":"Command line code","line":9}}
[11-Jun-2026 23:55:55 America/El_Salvador] PHP Deprecated:  fputcsv(): the $escape parameter must be provided as its default value will change in Command line code on line 9
[11-Jun-2026 23:55:55 America/El_Salvador] [sietelsa] {"ts":"2026-06-11T23:55:55-06:00","message":"Runtime warning","context":{"severity":8192,"message":"fputcsv(): the $escape parameter must be provided as its default value will change","file":"Command line code","line":9}}
[11-Jun-2026 23:55:55 America/El_Salvador] PHP Deprecated:  fputcsv(): the $escape parameter must be provided as its default value will change in Command line code on line 9
[11-Jun-2026 23:55:55 America/El_Salvador] [sietelsa] {"ts":"2026-06-11T23:55:55-06:00","message":"Runtime warning","context":{"severity":8192,"message":"fputcsv(): the $escape parameter must be provided as its default value will change","file":"Command line code","line":9}}
[11-Jun-2026 23:55:55 America/El_Salvador] PHP Deprecated:  fputcsv(): the $escape parameter must be provided as its default value will change in Command line code on line 9
[11-Jun-2026 23:55:55 America/El_Salvador] [sietelsa] {"ts":"2026-06-11T23:55:55-06:00","message":"Runtime warning","context":{"severity":8192,"message":"fputcsv(): the $escape parameter must be provided as its default value will change","file":"Command line code","line":9}}
[11-Jun-2026 23:55:55 America/El_Salvador] PHP Deprecated:  fputcsv(): the $escape parameter must be provided as its default value will change in Command line code on line 9
[11-Jun-2026 23:55:55 America/El_Salvador] [sietelsa] {"ts":"2026-06-11T23:55:55-06:00","message":"Runtime warning","context":{"severity":8192,"message":"fputcsv(): the $escape parameter must be provided as its default value will change","file":"Command line code","line":9}}
[11-Jun-2026 23:55:55 America/El_Salvador] PHP Deprecated:  fputcsv(): the $escape parameter must be provided as its default value will change in Command line code on line 9
[11-Jun-2026 23:55:55 America/El_Salvador] [sietelsa] {"ts":"2026-06-11T23:55:55-06:00","message":"Runtime warning","context":{"severity":8192,"message":"fputcsv(): the $escape parameter must be provided as its default value will change","file":"Command line code","line":9}}
[11-Jun-2026 23:55:55 America/El_Salvador] PHP Deprecated:  fputcsv(): the $escape parameter must be provided as its default value will change in Command line code on line 9
[11-Jun-2026 23:55:55 America/El_Salvador] [sietelsa] {"ts":"2026-06-11T23:55:55-06:00","message":"Runtime warning","context":{"severity":8192,"message":"fputcsv(): the $escape parameter must be provided as its default value will change","file":"Command line code","line":9}}
[11-Jun-2026 23:55:55 America/El_Salvador] PHP Deprecated:  fputcsv(): the $escape parameter must be provided as its default value will change in Command line code on line 9
[11-Jun-2026 23:55:55 America/El_Salvador] [sietelsa] {"ts":"2026-06-11T23:55:55-06:00","message":"Runtime warning","context":{"severity":8192,"message":"fputcsv(): the $escape parameter must be provided as its default value will change","file":"Command line code","line":9}}
[11-Jun-2026 23:55:55 America/El_Salvador] PHP Deprecated:  fputcsv(): the $escape parameter must be provided as its default value will change in Command line code on line 9
[11-Jun-2026 23:55:55 America/El_Salvador] [sietelsa] {"ts":"2026-06-11T23:55:55-06:00","message":"Runtime warning","context":{"severity":8192,"message":"fputcsv(): the $escape parameter must be provided as its default value will change","file":"Command line code","line":9}}
[11-Jun-2026 23:55:55 America/El_Salvador] PHP Deprecated:  fputcsv(): the $escape parameter must be provided as its default value will change in Command line code on line 9
[11-Jun-2026 23:55:55 America/El_Salvador] [sietelsa] {"ts":"2026-06-11T23:55:55-06:00","message":"Runtime warning","context":{"severity":8192,"message":"fputcsv(): the $escape parameter must be provided as its default value will change","file":"Command line code","line":9}}
[11-Jun-2026 23:55:55 America/El_Salvador] PHP Deprecated:  fputcsv(): the $escape parameter must be provided as its default value will change in Command line code on line 9
[11-Jun-2026 23:55:55 America/El_Salvador] [sietelsa] {"ts":"2026-06-11T23:55:55-06:00","message":"Runtime warning","context":{"severity":8192,"message":"fputcsv(): the $escape parameter must be provided as its default value will change","file":"Command line code","line":9}}
[11-Jun-2026 23:55:55 America/El_Salvador] PHP Deprecated:  fputcsv(): the $escape parameter must be provided as its default value will change in Command line code on line 9
[11-Jun-2026 23:55:55 America/El_Salvador] [sietelsa] {"ts":"2026-06-11T23:55:55-06:00","message":"Runtime warning","context":{"severity":8192,"message":"fputcsv(): the $escape parameter must be provided as its default value will change","file":"Command line code","line":9}}
[11-Jun-2026 23:55:55 America/El_Salvador] PHP Deprecated:  fputcsv(): the $escape parameter must be provided as its default value will change in Command line code on line 9
[11-Jun-2026 23:55:55 America/El_Salvador] [sietelsa] {"ts":"2026-06-11T23:55:55-06:00","message":"Runtime warning","context":{"severity":8192,"message":"fputcsv(): the $escape parameter must be provided as its default value will change","file":"Command line code","line":9}}
[11-Jun-2026 23:55:55 America/El_Salvador] PHP Deprecated:  fputcsv(): the $escape parameter must be provided as its default value will change in Command line code on line 9
[11-Jun-2026 23:55:55 America/El_Salvador] [sietelsa] {"ts":"2026-06-11T23:55:55-06:00","message":"Runtime warning","context":{"severity":8192,"message":"fputcsv(): the $escape parameter must be provided as its default value will change","file":"Command line code","line":9}}
[11-Jun-2026 23:55:55 America/El_Salvador] PHP Deprecated:  fputcsv(): the $escape parameter must be provided as its default value will change in Command line code on line 9
[11-Jun-2026 23:55:55 America/El_Salvador] [sietelsa] {"ts":"2026-06-11T23:55:55-06:00","message":"Runtime warning","context":{"severity":8192,"message":"fputcsv(): the $escape parameter must be provided as its default value will change","file":"Command line code","line":9}}
[11-Jun-2026 23:55:55 America/El_Salvador] PHP Deprecated:  fputcsv(): the $escape parameter must be provided as its default value will change in Command line code on line 9
[11-Jun-2026 23:55:55 America/El_Salvador] [sietelsa] {"ts":"2026-06-11T23:55:55-06:00","message":"Runtime warning","context":{"severity":8192,"message":"fputcsv(): the $escape parameter must be provided as its default value will change","file":"Command line code","line":9}}
[11-Jun-2026 23:55:55 America/El_Salvador] PHP Deprecated:  fputcsv(): the $escape parameter must be provided as its default value will change in Command line code on line 9
[11-Jun-2026 23:55:55 America/El_Salvador] [sietelsa] {"ts":"2026-06-11T23:55:55-06:00","message":"Runtime warning","context":{"severity":8192,"message":"fputcsv(): the $escape parameter must be provided as its default value will change","file":"Command line code","line":9}}
[11-Jun-2026 23:55:55 America/El_Salvador] PHP Deprecated:  fputcsv(): the $escape parameter must be provided as its default value will change in Command line code on line 9
[11-Jun-2026 23:55:55 America/El_Salvador] [sietelsa] {"ts":"2026-06-11T23:55:55-06:00","message":"Runtime warning","context":{"severity":8192,"message":"fputcsv(): the $escape parameter must be provided as its default value will change","file":"Command line code","line":9}}
[11-Jun-2026 23:55:55 America/El_Salvador] PHP Deprecated:  fputcsv(): the $escape parameter must be provided as its default value will change in Command line code on line 9
[11-Jun-2026 23:55:55 America/El_Salvador] [sietelsa] {"ts":"2026-06-11T23:55:55-06:00","message":"Runtime warning","context":{"severity":8192,"message":"fputcsv(): the $escape parameter must be provided as its default value will change","file":"Command line code","line":9}}
[11-Jun-2026 23:55:55 America/El_Salvador] PHP Deprecated:  fputcsv(): the $escape parameter must be provided as its default value will change in Command line code on line 9
[11-Jun-2026 23:55:55 America/El_Salvador] [sietelsa] {"ts":"2026-06-11T23:55:55-06:00","message":"Runtime warning","context":{"severity":8192,"message":"fputcsv(): the $escape parameter must be provided as its default value will change","file":"Command line code","line":9}}
[11-Jun-2026 23:55:55 America/El_Salvador] PHP Deprecated:  fputcsv(): the $escape parameter must be provided as its default value will change in Command line code on line 9
[11-Jun-2026 23:55:55 America/El_Salvador] [sietelsa] {"ts":"2026-06-11T23:55:55-06:00","message":"Runtime warning","context":{"severity":8192,"message":"fputcsv(): the $escape parameter must be provided as its default value will change","file":"Command line code","line":9}}
[11-Jun-2026 23:55:55 America/El_Salvador] PHP Deprecated:  fputcsv(): the $escape parameter must be provided as its default value will change in Command line code on line 9
[11-Jun-2026 23:55:55 America/El_Salvador] [sietelsa] {"ts":"2026-06-11T23:55:55-06:00","message":"Runtime warning","context":{"severity":8192,"message":"fputcsv(): the $escape parameter must be provided as its default value will change","file":"Command line code","line":9}}
[11-Jun-2026 23:55:55 America/El_Salvador] PHP Deprecated:  fputcsv(): the $escape parameter must be provided as its default value will change in Command line code on line 9
[11-Jun-2026 23:55:55 America/El_Salvador] [sietelsa] {"ts":"2026-06-11T23:55:55-06:00","message":"Runtime warning","context":{"severity":8192,"message":"fputcsv(): the $escape parameter must be provided as its default value will change","file":"Command line code","line":9}}
[11-Jun-2026 23:55:55 America/El_Salvador] PHP Deprecated:  fputcsv(): the $escape parameter must be provided as its default value will change in Command line code on line 9
[11-Jun-2026 23:55:55 America/El_Salvador] [sietelsa] {"ts":"2026-06-11T23:55:55-06:00","message":"Runtime warning","context":{"severity":8192,"message":"fputcsv(): the $escape parameter must be provided as its default value will change","file":"Command line code","line":9}}
[11-Jun-2026 23:55:55 America/El_Salvador] PHP Deprecated:  fputcsv(): the $escape parameter must be provided as its default value will change in Command line code on line 9
[11-Jun-2026 23:55:55 America/El_Salvador] [sietelsa] {"ts":"2026-06-11T23:55:55-06:00","message":"Runtime warning","context":{"severity":8192,"message":"fputcsv(): the $escape parameter must be provided as its default value will change","file":"Command line code","line":9}}
[11-Jun-2026 23:55:55 America/El_Salvador] PHP Deprecated:  fputcsv(): the $escape parameter must be provided as its default value will change in Command line code on line 9
[11-Jun-2026 23:55:55 America/El_Salvador] [sietelsa] {"ts":"2026-06-11T23:55:55-06:00","message":"Runtime warning","context":{"severity":8192,"message":"fputcsv(): the $escape parameter must be provided as its default value will change","file":"Command line code","line":9}}
[11-Jun-2026 23:55:55 America/El_Salvador] PHP Deprecated:  fputcsv(): the $escape parameter must be provided as its default value will change in Command line code on line 9
[11-Jun-2026 23:55:55 America/El_Salvador] [sietelsa] {"ts":"2026-06-11T23:55:55-06:00","message":"Runtime warning","context":{"severity":8192,"message":"fputcsv(): the $escape parameter must be provided as its default value will change","file":"Command line code","line":9}}
[11-Jun-2026 23:55:55 America/El_Salvador] PHP Deprecated:  fputcsv(): the $escape parameter must be provided as its default value will change in Command line code on line 9
[11-Jun-2026 23:55:55 America/El_Salvador] [sietelsa] {"ts":"2026-06-11T23:55:55-06:00","message":"Runtime warning","context":{"severity":8192,"message":"fputcsv(): the $escape parameter must be provided as its default value will change","file":"Command line code","line":9}}
[11-Jun-2026 23:55:55 America/El_Salvador] PHP Deprecated:  fputcsv(): the $escape parameter must be provided as its default value will change in Command line code on line 9
[11-Jun-2026 23:55:55 America/El_Salvador] [sietelsa] {"ts":"2026-06-11T23:55:55-06:00","message":"Runtime warning","context":{"severity":8192,"message":"fputcsv(): the $escape parameter must be provided as its default value will change","file":"Command line code","line":9}}
[11-Jun-2026 23:55:55 America/El_Salvador] PHP Deprecated:  fputcsv(): the $escape parameter must be provided as its default value will change in Command line code on line 9
[11-Jun-2026 23:55:55 America/El_Salvador] [sietelsa] {"ts":"2026-06-11T23:55:55-06:00","message":"Runtime warning","context":{"severity":8192,"message":"fputcsv(): the $escape parameter must be provided as its default value will change","file":"Command line code","line":9}}
[11-Jun-2026 23:55:55 America/El_Salvador] PHP Deprecated:  fputcsv(): the $escape parameter must be provided as its default value will change in Command line code on line 9
[11-Jun-2026 23:55:55 America/El_Salvador] [sietelsa] {"ts":"2026-06-11T23:55:55-06:00","message":"Runtime warning","context":{"severity":8192,"message":"fputcsv(): the $escape parameter must be provided as its default value will change","file":"Command line code","line":9}}
[11-Jun-2026 23:55:55 America/El_Salvador] PHP Deprecated:  fputcsv(): the $escape parameter must be provided as its default value will change in Command line code on line 9
[11-Jun-2026 23:55:55 America/El_Salvador] [sietelsa] {"ts":"2026-06-11T23:55:55-06:00","message":"Runtime warning","context":{"severity":8192,"message":"fputcsv(): the $escape parameter must be provided as its default value will change","file":"Command line code","line":9}}
[11-Jun-2026 23:55:55 America/El_Salvador] PHP Deprecated:  fputcsv(): the $escape parameter must be provided as its default value will change in Command line code on line 9
[11-Jun-2026 23:55:55 America/El_Salvador] [sietelsa] {"ts":"2026-06-11T23:55:55-06:00","message":"Runtime warning","context":{"severity":8192,"message":"fputcsv(): the $escape parameter must be provided as its default value will change","file":"Command line code","line":9}}
[11-Jun-2026 23:55:55 America/El_Salvador] PHP Deprecated:  fputcsv(): the $escape parameter must be provided as its default value will change in Command line code on line 9
[11-Jun-2026 23:55:55 America/El_Salvador] [sietelsa] {"ts":"2026-06-11T23:55:55-06:00","message":"Runtime warning","context":{"severity":8192,"message":"fputcsv(): the $escape parameter must be provided as its default value will change","file":"Command line code","line":9}}
[11-Jun-2026 23:55:55 America/El_Salvador] PHP Deprecated:  fputcsv(): the $escape parameter must be provided as its default value will change in Command line code on line 9
[11-Jun-2026 23:55:55 America/El_Salvador] [sietelsa] {"ts":"2026-06-11T23:55:55-06:00","message":"Runtime warning","context":{"severity":8192,"message":"fputcsv(): the $escape parameter must be provided as its default value will change","file":"Command line code","line":9}}
[11-Jun-2026 23:55:55 America/El_Salvador] PHP Deprecated:  fputcsv(): the $escape parameter must be provided as its default value will change in Command line code on line 9
[11-Jun-2026 23:55:55 America/El_Salvador] [sietelsa] {"ts":"2026-06-11T23:55:55-06:00","message":"Runtime warning","context":{"severity":8192,"message":"fputcsv(): the $escape parameter must be provided as its default value will change","file":"Command line code","line":9}}
[11-Jun-2026 23:55:55 America/El_Salvador] PHP Deprecated:  fputcsv(): the $escape parameter must be provided as its default value will change in Command line code on line 9
[11-Jun-2026 23:55:55 America/El_Salvador] [sietelsa] {"ts":"2026-06-11T23:55:55-06:00","message":"Runtime warning","context":{"severity":8192,"message":"fputcsv(): the $escape parameter must be provided as its default value will change","file":"Command line code","line":9}}
[11-Jun-2026 23:55:55 America/El_Salvador] PHP Deprecated:  fputcsv(): the $escape parameter must be provided as its default value will change in Command line code on line 9
[11-Jun-2026 23:55:55 America/El_Salvador] [sietelsa] {"ts":"2026-06-11T23:55:55-06:00","message":"Runtime warning","context":{"severity":8192,"message":"fputcsv(): the $escape parameter must be provided as its default value will change","file":"Command line code","line":9}}
[11-Jun-2026 23:55:55 America/El_Salvador] PHP Deprecated:  fputcsv(): the $escape parameter must be provided as its default value will change in Command line code on line 9
[11-Jun-2026 23:55:55 America/El_Salvador] [sietelsa] {"ts":"2026-06-11T23:55:55-06:00","message":"Runtime warning","context":{"severity":8192,"message":"fputcsv(): the $escape parameter must be provided as its default value will change","file":"Command line code","line":9}}
[11-Jun-2026 23:55:55 America/El_Salvador] PHP Deprecated:  fputcsv(): the $escape parameter must be provided as its default value will change in Command line code on line 9
[11-Jun-2026 23:55:55 America/El_Salvador] [sietelsa] {"ts":"2026-06-11T23:55:55-06:00","message":"Runtime warning","context":{"severity":8192,"message":"fputcsv(): the $escape parameter must be provided as its default value will change","file":"Command line code","line":9}}
[11-Jun-2026 23:55:55 America/El_Salvador] PHP Deprecated:  fputcsv(): the $escape parameter must be provided as its default value will change in Command line code on line 9
[11-Jun-2026 23:55:55 America/El_Salvador] [sietelsa] {"ts":"2026-06-11T23:55:55-06:00","message":"Runtime warning","context":{"severity":8192,"message":"fputcsv(): the $escape parameter must be provided as its default value will change","file":"Command line code","line":9}}
[11-Jun-2026 23:55:55 America/El_Salvador] PHP Deprecated:  fputcsv(): the $escape parameter must be provided as its default value will change in Command line code on line 9
[11-Jun-2026 23:55:55 America/El_Salvador] [sietelsa] {"ts":"2026-06-11T23:55:55-06:00","message":"Runtime warning","context":{"severity":8192,"message":"fputcsv(): the $escape parameter must be provided as its default value will change","file":"Command line code","line":9}}
[11-Jun-2026 23:55:55 America/El_Salvador] PHP Deprecated:  fputcsv(): the $escape parameter must be provided as its default value will change in Command line code on line 9
[11-Jun-2026 23:55:55 America/El_Salvador] [sietelsa] {"ts":"2026-06-11T23:55:55-06:00","message":"Runtime warning","context":{"severity":8192,"message":"fputcsv(): the $escape parameter must be provided as its default value will change","file":"Command line code","line":9}}
[11-Jun-2026 23:55:55 America/El_Salvador] PHP Deprecated:  fputcsv(): the $escape parameter must be provided as its default value will change in Command line code on line 9
[11-Jun-2026 23:55:55 America/El_Salvador] [sietelsa] {"ts":"2026-06-11T23:55:55-06:00","message":"Runtime warning","context":{"severity":8192,"message":"fputcsv(): the $escape parameter must be provided as its default value will change","file":"Command line code","line":9}}
[11-Jun-2026 23:55:55 America/El_Salvador] PHP Deprecated:  fputcsv(): the $escape parameter must be provided as its default value will change in Command line code on line 9
[11-Jun-2026 23:55:55 America/El_Salvador] [sietelsa] {"ts":"2026-06-11T23:55:55-06:00","message":"Runtime warning","context":{"severity":8192,"message":"fputcsv(): the $escape parameter must be provided as its default value will change","file":"Command line code","line":9}}
[11-Jun-2026 23:55:55 America/El_Salvador] PHP Deprecated:  fputcsv(): the $escape parameter must be provided as its default value will change in Command line code on line 9
[11-Jun-2026 23:55:55 America/El_Salvador] [sietelsa] {"ts":"2026-06-11T23:55:55-06:00","message":"Runtime warning","context":{"severity":8192,"message":"fputcsv(): the $escape parameter must be provided as its default value will change","file":"Command line code","line":9}}
[11-Jun-2026 23:55:55 America/El_Salvador] PHP Deprecated:  fputcsv(): the $escape parameter must be provided as its default value will change in Command line code on line 9
[11-Jun-2026 23:55:55 America/El_Salvador] [sietelsa] {"ts":"2026-06-11T23:55:55-06:00","message":"Runtime warning","context":{"severity":8192,"message":"fputcsv(): the $escape parameter must be provided as its default value will change","file":"Command line code","line":9}}
[11-Jun-2026 23:55:55 America/El_Salvador] PHP Deprecated:  fputcsv(): the $escape parameter must be provided as its default value will change in Command line code on line 9
[11-Jun-2026 23:55:55 America/El_Salvador] [sietelsa] {"ts":"2026-06-11T23:55:55-06:00","message":"Runtime warning","context":{"severity":8192,"message":"fputcsv(): the $escape parameter must be provided as its default value will change","file":"Command line code","line":9}}
[11-Jun-2026 23:55:55 America/El_Salvador] PHP Deprecated:  fputcsv(): the $escape parameter must be provided as its default value will change in Command line code on line 9
[11-Jun-2026 23:55:55 America/El_Salvador] [sietelsa] {"ts":"2026-06-11T23:55:55-06:00","message":"Runtime warning","context":{"severity":8192,"message":"fputcsv(): the $escape parameter must be provided as its default value will change","file":"Command line code","line":9}}
[11-Jun-2026 23:55:55 America/El_Salvador] PHP Deprecated:  fputcsv(): the $escape parameter must be provided as its default value will change in Command line code on line 9
[11-Jun-2026 23:55:55 America/El_Salvador] [sietelsa] {"ts":"2026-06-11T23:55:55-06:00","message":"Runtime warning","context":{"severity":8192,"message":"fputcsv(): the $escape parameter must be provided as its default value will change","file":"Command line code","line":9}}
[11-Jun-2026 23:55:55 America/El_Salvador] PHP Deprecated:  fputcsv(): the $escape parameter must be provided as its default value will change in Command line code on line 9
[11-Jun-2026 23:55:55 America/El_Salvador] [sietelsa] {"ts":"2026-06-11T23:55:55-06:00","message":"Runtime warning","context":{"severity":8192,"message":"fputcsv(): the $escape parameter must be provided as its default value will change","file":"Command line code","line":9}}
[11-Jun-2026 23:55:55 America/El_Salvador] PHP Deprecated:  fputcsv(): the $escape parameter must be provided as its default value will change in Command line code on line 9
[11-Jun-2026 23:55:55 America/El_Salvador] [sietelsa] {"ts":"2026-06-11T23:55:55-06:00","message":"Runtime warning","context":{"severity":8192,"message":"fputcsv(): the $escape parameter must be provided as its default value will change","file":"Command line code","line":9}}
[11-Jun-2026 23:55:55 America/El_Salvador] PHP Deprecated:  fputcsv(): the $escape parameter must be provided as its default value will change in Command line code on line 9
[11-Jun-2026 23:55:55 America/El_Salvador] [sietelsa] {"ts":"2026-06-11T23:55:55-06:00","message":"Runtime warning","context":{"severity":8192,"message":"fputcsv(): the $escape parameter must be provided as its default value will change","file":"Command line code","line":9}}
[11-Jun-2026 23:55:55 America/El_Salvador] PHP Deprecated:  fputcsv(): the $escape parameter must be provided as its default value will change in Command line code on line 9
[11-Jun-2026 23:55:55 America/El_Salvador] [sietelsa] {"ts":"2026-06-11T23:55:55-06:00","message":"Runtime warning","context":{"severity":8192,"message":"fputcsv(): the $escape parameter must be provided as its default value will change","file":"Command line code","line":9}}
[11-Jun-2026 23:55:55 America/El_Salvador] PHP Deprecated:  fputcsv(): the $escape parameter must be provided as its default value will change in Command line code on line 9
[11-Jun-2026 23:55:55 America/El_Salvador] [sietelsa] {"ts":"2026-06-11T23:55:55-06:00","message":"Runtime warning","context":{"severity":8192,"message":"fputcsv(): the $escape parameter must be provided as its default value will change","file":"Command line code","line":9}}
[11-Jun-2026 23:55:55 America/El_Salvador] PHP Deprecated:  fputcsv(): the $escape parameter must be provided as its default value will change in Command line code on line 9
[11-Jun-2026 23:55:55 America/El_Salvador] [sietelsa] {"ts":"2026-06-11T23:55:55-06:00","message":"Runtime warning","context":{"severity":8192,"message":"fputcsv(): the $escape parameter must be provided as its default value will change","file":"Command line code","line":9}}
[11-Jun-2026 23:55:55 America/El_Salvador] PHP Deprecated:  fputcsv(): the $escape parameter must be provided as its default value will change in Command line code on line 9
[11-Jun-2026 23:55:55 America/El_Salvador] [sietelsa] {"ts":"2026-06-11T23:55:55-06:00","message":"Runtime warning","context":{"severity":8192,"message":"fputcsv(): the $escape parameter must be provided as its default value will change","file":"Command line code","line":9}}
[11-Jun-2026 23:55:55 America/El_Salvador] PHP Deprecated:  fputcsv(): the $escape parameter must be provided as its default value will change in Command line code on line 9
[11-Jun-2026 23:55:55 America/El_Salvador] [sietelsa] {"ts":"2026-06-11T23:55:55-06:00","message":"Runtime warning","context":{"severity":8192,"message":"fputcsv(): the $escape parameter must be provided as its default value will change","file":"Command line code","line":9}}
[11-Jun-2026 23:55:55 America/El_Salvador] PHP Deprecated:  fputcsv(): the $escape parameter must be provided as its default value will change in Command line code on line 9
[11-Jun-2026 23:55:55 America/El_Salvador] [sietelsa] {"ts":"2026-06-11T23:55:55-06:00","message":"Runtime warning","context":{"severity":8192,"message":"fputcsv(): the $escape parameter must be provided as its default value will change","file":"Command line code","line":9}}
[11-Jun-2026 23:55:55 America/El_Salvador] PHP Deprecated:  fputcsv(): the $escape parameter must be provided as its default value will change in Command line code on line 9
[11-Jun-2026 23:55:55 America/El_Salvador] [sietelsa] {"ts":"2026-06-11T23:55:55-06:00","message":"Runtime warning","context":{"severity":8192,"message":"fputcsv(): the $escape parameter must be provided as its default value will change","file":"Command line code","line":9}}
[11-Jun-2026 23:55:55 America/El_Salvador] PHP Deprecated:  fputcsv(): the $escape parameter must be provided as its default value will change in Command line code on line 9
[11-Jun-2026 23:55:55 America/El_Salvador] [sietelsa] {"ts":"2026-06-11T23:55:55-06:00","message":"Runtime warning","context":{"severity":8192,"message":"fputcsv(): the $escape parameter must be provided as its default value will change","file":"Command line code","line":9}}
[11-Jun-2026 23:55:55 America/El_Salvador] PHP Deprecated:  fputcsv(): the $escape parameter must be provided as its default value will change in Command line code on line 9
[11-Jun-2026 23:55:55 America/El_Salvador] [sietelsa] {"ts":"2026-06-11T23:55:55-06:00","message":"Runtime warning","context":{"severity":8192,"message":"fputcsv(): the $escape parameter must be provided as its default value will change","file":"Command line code","line":9}}
[11-Jun-2026 23:55:55 America/El_Salvador] PHP Deprecated:  fputcsv(): the $escape parameter must be provided as its default value will change in Command line code on line 9
[11-Jun-2026 23:55:55 America/El_Salvador] [sietelsa] {"ts":"2026-06-11T23:55:55-06:00","message":"Runtime warning","context":{"severity":8192,"message":"fputcsv(): the $escape parameter must be provided as its default value will change","file":"Command line code","line":9}}
[11-Jun-2026 23:55:55 America/El_Salvador] PHP Deprecated:  fputcsv(): the $escape parameter must be provided as its default value will change in Command line code on line 9
[11-Jun-2026 23:55:55 America/El_Salvador] [sietelsa] {"ts":"2026-06-11T23:55:55-06:00","message":"Runtime warning","context":{"severity":8192,"message":"fputcsv(): the $escape parameter must be provided as its default value will change","file":"Command line code","line":9}}
[11-Jun-2026 23:55:55 America/El_Salvador] PHP Deprecated:  fputcsv(): the $escape parameter must be provided as its default value will change in Command line code on line 9
[11-Jun-2026 23:55:55 America/El_Salvador] [sietelsa] {"ts":"2026-06-11T23:55:55-06:00","message":"Runtime warning","context":{"severity":8192,"message":"fputcsv(): the $escape parameter must be provided as its default value will change","file":"Command line code","line":9}}
[11-Jun-2026 23:55:55 America/El_Salvador] PHP Deprecated:  fputcsv(): the $escape parameter must be provided as its default value will change in Command line code on line 9
[11-Jun-2026 23:55:55 America/El_Salvador] [sietelsa] {"ts":"2026-06-11T23:55:55-06:00","message":"Runtime warning","context":{"severity":8192,"message":"fputcsv(): the $escape parameter must be provided as its default value will change","file":"Command line code","line":9}}
[11-Jun-2026 23:55:55 America/El_Salvador] PHP Deprecated:  fputcsv(): the $escape parameter must be provided as its default value will change in Command line code on line 9
[11-Jun-2026 23:55:55 America/El_Salvador] [sietelsa] {"ts":"2026-06-11T23:55:55-06:00","message":"Runtime warning","context":{"severity":8192,"message":"fputcsv(): the $escape parameter must be provided as its default value will change","file":"Command line code","line":9}}
[11-Jun-2026 23:55:55 America/El_Salvador] PHP Deprecated:  fputcsv(): the $escape parameter must be provided as its default value will change in Command line code on line 9
[11-Jun-2026 23:55:55 America/El_Salvador] [sietelsa] {"ts":"2026-06-11T23:55:55-06:00","message":"Runtime warning","context":{"severity":8192,"message":"fputcsv(): the $escape parameter must be provided as its default value will change","file":"Command line code","line":9}}
[11-Jun-2026 23:55:55 America/El_Salvador] PHP Deprecated:  fputcsv(): the $escape parameter must be provided as its default value will change in Command line code on line 9
[11-Jun-2026 23:55:55 America/El_Salvador] [sietelsa] {"ts":"2026-06-11T23:55:55-06:00","message":"Runtime warning","context":{"severity":8192,"message":"fputcsv(): the $escape parameter must be provided as its default value will change","file":"Command line code","line":9}}
[11-Jun-2026 23:55:55 America/El_Salvador] PHP Deprecated:  fputcsv(): the $escape parameter must be provided as its default value will change in Command line code on line 9
[11-Jun-2026 23:55:55 America/El_Salvador] [sietelsa] {"ts":"2026-06-11T23:55:55-06:00","message":"Runtime warning","context":{"severity":8192,"message":"fputcsv(): the $escape parameter must be provided as its default value will change","file":"Command line code","line":9}}
[11-Jun-2026 23:55:55 America/El_Salvador] PHP Deprecated:  fputcsv(): the $escape parameter must be provided as its default value will change in Command line code on line 9
[11-Jun-2026 23:55:55 America/El_Salvador] [sietelsa] {"ts":"2026-06-11T23:55:55-06:00","message":"Runtime warning","context":{"severity":8192,"message":"fputcsv(): the $escape parameter must be provided as its default value will change","file":"Command line code","line":9}}
[11-Jun-2026 23:55:55 America/El_Salvador] PHP Deprecated:  fputcsv(): the $escape parameter must be provided as its default value will change in Command line code on line 9
[11-Jun-2026 23:55:55 America/El_Salvador] [sietelsa] {"ts":"2026-06-11T23:55:55-06:00","message":"Runtime warning","context":{"severity":8192,"message":"fputcsv(): the $escape parameter must be provided as its default value will change","file":"Command line code","line":9}}
[11-Jun-2026 23:55:55 America/El_Salvador] PHP Deprecated:  fputcsv(): the $escape parameter must be provided as its default value will change in Command line code on line 9
[11-Jun-2026 23:55:55 America/El_Salvador] [sietelsa] {"ts":"2026-06-11T23:55:55-06:00","message":"Runtime warning","context":{"severity":8192,"message":"fputcsv(): the $escape parameter must be provided as its default value will change","file":"Command line code","line":9}}
[11-Jun-2026 23:55:55 America/El_Salvador] PHP Deprecated:  fputcsv(): the $escape parameter must be provided as its default value will change in Command line code on line 9
[11-Jun-2026 23:55:55 America/El_Salvador] [sietelsa] {"ts":"2026-06-11T23:55:55-06:00","message":"Runtime warning","context":{"severity":8192,"message":"fputcsv(): the $escape parameter must be provided as its default value will change","file":"Command line code","line":9}}
[11-Jun-2026 23:55:55 America/El_Salvador] PHP Deprecated:  fputcsv(): the $escape parameter must be provided as its default value will change in Command line code on line 9
[11-Jun-2026 23:55:55 America/El_Salvador] [sietelsa] {"ts":"2026-06-11T23:55:55-06:00","message":"Runtime warning","context":{"severity":8192,"message":"fputcsv(): the $escape parameter must be provided as its default value will change","file":"Command line code","line":9}}
[11-Jun-2026 23:55:55 America/El_Salvador] PHP Deprecated:  fputcsv(): the $escape parameter must be provided as its default value will change in Command line code on line 9
[11-Jun-2026 23:55:55 America/El_Salvador] [sietelsa] {"ts":"2026-06-11T23:55:55-06:00","message":"Runtime warning","context":{"severity":8192,"message":"fputcsv(): the $escape parameter must be provided as its default value will change","file":"Command line code","line":9}}
[11-Jun-2026 23:55:55 America/El_Salvador] PHP Deprecated:  fputcsv(): the $escape parameter must be provided as its default value will change in Command line code on line 9
[11-Jun-2026 23:55:55 America/El_Salvador] [sietelsa] {"ts":"2026-06-11T23:55:55-06:00","message":"Runtime warning","context":{"severity":8192,"message":"fputcsv(): the $escape parameter must be provided as its default value will change","file":"Command line code","line":9}}
[11-Jun-2026 23:55:55 America/El_Salvador] PHP Deprecated:  fputcsv(): the $escape parameter must be provided as its default value will change in Command line code on line 9
[11-Jun-2026 23:55:55 America/El_Salvador] [sietelsa] {"ts":"2026-06-11T23:55:55-06:00","message":"Runtime warning","context":{"severity":8192,"message":"fputcsv(): the $escape parameter must be provided as its default value will change","file":"Command line code","line":9}}
[11-Jun-2026 23:55:55 America/El_Salvador] PHP Deprecated:  fputcsv(): the $escape parameter must be provided as its default value will change in Command line code on line 9
[11-Jun-2026 23:55:55 America/El_Salvador] [sietelsa] {"ts":"2026-06-11T23:55:55-06:00","message":"Runtime warning","context":{"severity":8192,"message":"fputcsv(): the $escape parameter must be provided as its default value will change","file":"Command line code","line":9}}
[11-Jun-2026 23:55:55 America/El_Salvador] PHP Deprecated:  fputcsv(): the $escape parameter must be provided as its default value will change in Command line code on line 9
[11-Jun-2026 23:55:55 America/El_Salvador] [sietelsa] {"ts":"2026-06-11T23:55:55-06:00","message":"Runtime warning","context":{"severity":8192,"message":"fputcsv(): the $escape parameter must be provided as its default value will change","file":"Command line code","line":9}}
[11-Jun-2026 23:55:55 America/El_Salvador] PHP Deprecated:  fputcsv(): the $escape parameter must be provided as its default value will change in Command line code on line 9
[11-Jun-2026 23:55:55 America/El_Salvador] [sietelsa] {"ts":"2026-06-11T23:55:55-06:00","message":"Runtime warning","context":{"severity":8192,"message":"fputcsv(): the $escape parameter must be provided as its default value will change","file":"Command line code","line":9}}
[11-Jun-2026 23:55:55 America/El_Salvador] PHP Deprecated:  fputcsv(): the $escape parameter must be provided as its default value will change in Command line code on line 9
[11-Jun-2026 23:55:55 America/El_Salvador] [sietelsa] {"ts":"2026-06-11T23:55:55-06:00","message":"Runtime warning","context":{"severity":8192,"message":"fputcsv(): the $escape parameter must be provided as its default value will change","file":"Command line code","line":9}}
[11-Jun-2026 23:55:55 America/El_Salvador] PHP Deprecated:  fputcsv(): the $escape parameter must be provided as its default value will change in Command line code on line 9
[11-Jun-2026 23:55:55 America/El_Salvador] [sietelsa] {"ts":"2026-06-11T23:55:55-06:00","message":"Runtime warning","context":{"severity":8192,"message":"fputcsv(): the $escape parameter must be provided as its default value will change","file":"Command line code","line":9}}
[11-Jun-2026 23:55:55 America/El_Salvador] PHP Deprecated:  fputcsv(): the $escape parameter must be provided as its default value will change in Command line code on line 9
[11-Jun-2026 23:55:55 America/El_Salvador] [sietelsa] {"ts":"2026-06-11T23:55:55-06:00","message":"Runtime warning","context":{"severity":8192,"message":"fputcsv(): the $escape parameter must be provided as its default value will change","file":"Command line code","line":9}}
[11-Jun-2026 23:55:55 America/El_Salvador] PHP Deprecated:  fputcsv(): the $escape parameter must be provided as its default value will change in Command line code on line 9
[11-Jun-2026 23:55:55 America/El_Salvador] [sietelsa] {"ts":"2026-06-11T23:55:55-06:00","message":"Runtime warning","context":{"severity":8192,"message":"fputcsv(): the $escape parameter must be provided as its default value will change","file":"Command line code","line":9}}
[11-Jun-2026 23:55:55 America/El_Salvador] PHP Deprecated:  fputcsv(): the $escape parameter must be provided as its default value will change in Command line code on line 9
[11-Jun-2026 23:55:55 America/El_Salvador] [sietelsa] {"ts":"2026-06-11T23:55:55-06:00","message":"Runtime warning","context":{"severity":8192,"message":"fputcsv(): the $escape parameter must be provided as its default value will change","file":"Command line code","line":9}}
[11-Jun-2026 23:55:55 America/El_Salvador] PHP Deprecated:  fputcsv(): the $escape parameter must be provided as its default value will change in Command line code on line 9
[11-Jun-2026 23:55:55 America/El_Salvador] [sietelsa] {"ts":"2026-06-11T23:55:55-06:00","message":"Runtime warning","context":{"severity":8192,"message":"fputcsv(): the $escape parameter must be provided as its default value will change","file":"Command line code","line":9}}
[11-Jun-2026 23:55:55 America/El_Salvador] PHP Deprecated:  fputcsv(): the $escape parameter must be provided as its default value will change in Command line code on line 9
[11-Jun-2026 23:55:55 America/El_Salvador] [sietelsa] {"ts":"2026-06-11T23:55:55-06:00","message":"Runtime warning","context":{"severity":8192,"message":"fputcsv(): the $escape parameter must be provided as its default value will change","file":"Command line code","line":9}}
[11-Jun-2026 23:55:55 America/El_Salvador] PHP Deprecated:  fputcsv(): the $escape parameter must be provided as its default value will change in Command line code on line 9
[11-Jun-2026 23:55:55 America/El_Salvador] [sietelsa] {"ts":"2026-06-11T23:55:55-06:00","message":"Runtime warning","context":{"severity":8192,"message":"fputcsv(): the $escape parameter must be provided as its default value will change","file":"Command line code","line":9}}
[11-Jun-2026 23:55:55 America/El_Salvador] PHP Deprecated:  fputcsv(): the $escape parameter must be provided as its default value will change in Command line code on line 9
[11-Jun-2026 23:55:55 America/El_Salvador] [sietelsa] {"ts":"2026-06-11T23:55:55-06:00","message":"Runtime warning","context":{"severity":8192,"message":"fputcsv(): the $escape parameter must be provided as its default value will change","file":"Command line code","line":9}}
[11-Jun-2026 23:55:55 America/El_Salvador] PHP Deprecated:  fputcsv(): the $escape parameter must be provided as its default value will change in Command line code on line 9
[11-Jun-2026 23:55:55 America/El_Salvador] [sietelsa] {"ts":"2026-06-11T23:55:55-06:00","message":"Runtime warning","context":{"severity":8192,"message":"fputcsv(): the $escape parameter must be provided as its default value will change","file":"Command line code","line":9}}
[11-Jun-2026 23:55:55 America/El_Salvador] PHP Deprecated:  fputcsv(): the $escape parameter must be provided as its default value will change in Command line code on line 9
[11-Jun-2026 23:55:55 America/El_Salvador] [sietelsa] {"ts":"2026-06-11T23:55:55-06:00","message":"Runtime warning","context":{"severity":8192,"message":"fputcsv(): the $escape parameter must be provided as its default value will change","file":"Command line code","line":9}}
[11-Jun-2026 23:55:55 America/El_Salvador] PHP Deprecated:  fputcsv(): the $escape parameter must be provided as its default value will change in Command line code on line 9
[11-Jun-2026 23:55:55 America/El_Salvador] [sietelsa] {"ts":"2026-06-11T23:55:55-06:00","message":"Runtime warning","context":{"severity":8192,"message":"fputcsv(): the $escape parameter must be provided as its default value will change","file":"Command line code","line":9}}
[11-Jun-2026 23:55:55 America/El_Salvador] PHP Deprecated:  fputcsv(): the $escape parameter must be provided as its default value will change in Command line code on line 9
[11-Jun-2026 23:55:55 America/El_Salvador] [sietelsa] {"ts":"2026-06-11T23:55:55-06:00","message":"Runtime warning","context":{"severity":8192,"message":"fputcsv(): the $escape parameter must be provided as its default value will change","file":"Command line code","line":9}}
[11-Jun-2026 23:55:55 America/El_Salvador] PHP Deprecated:  fputcsv(): the $escape parameter must be provided as its default value will change in Command line code on line 9
[11-Jun-2026 23:55:55 America/El_Salvador] [sietelsa] {"ts":"2026-06-11T23:55:55-06:00","message":"Runtime warning","context":{"severity":8192,"message":"fputcsv(): the $escape parameter must be provided as its default value will change","file":"Command line code","line":9}}
[11-Jun-2026 23:55:55 America/El_Salvador] PHP Deprecated:  fputcsv(): the $escape parameter must be provided as its default value will change in Command line code on line 9
[11-Jun-2026 23:55:55 America/El_Salvador] [sietelsa] {"ts":"2026-06-11T23:55:55-06:00","message":"Runtime warning","context":{"severity":8192,"message":"fputcsv(): the $escape parameter must be provided as its default value will change","file":"Command line code","line":9}}
[11-Jun-2026 23:55:55 America/El_Salvador] PHP Deprecated:  fputcsv(): the $escape parameter must be provided as its default value will change in Command line code on line 9
[11-Jun-2026 23:55:55 America/El_Salvador] [sietelsa] {"ts":"2026-06-11T23:55:55-06:00","message":"Runtime warning","context":{"severity":8192,"message":"fputcsv(): the $escape parameter must be provided as its default value will change","file":"Command line code","line":9}}
[11-Jun-2026 23:55:55 America/El_Salvador] PHP Deprecated:  fputcsv(): the $escape parameter must be provided as its default value will change in Command line code on line 9
[11-Jun-2026 23:55:55 America/El_Salvador] [sietelsa] {"ts":"2026-06-11T23:55:55-06:00","message":"Runtime warning","context":{"severity":8192,"message":"fputcsv(): the $escape parameter must be provided as its default value will change","file":"Command line code","line":9}}
[11-Jun-2026 23:55:55 America/El_Salvador] PHP Deprecated:  fputcsv(): the $escape parameter must be provided as its default value will change in Command line code on line 9
[11-Jun-2026 23:55:55 America/El_Salvador] [sietelsa] {"ts":"2026-06-11T23:55:55-06:00","message":"Runtime warning","context":{"severity":8192,"message":"fputcsv(): the $escape parameter must be provided as its default value will change","file":"Command line code","line":9}}
[11-Jun-2026 23:55:55 America/El_Salvador] PHP Deprecated:  fputcsv(): the $escape parameter must be provided as its default value will change in Command line code on line 9
[11-Jun-2026 23:55:55 America/El_Salvador] [sietelsa] {"ts":"2026-06-11T23:55:55-06:00","message":"Runtime warning","context":{"severity":8192,"message":"fputcsv(): the $escape parameter must be provided as its default value will change","file":"Command line code","line":9}}
[11-Jun-2026 23:55:55 America/El_Salvador] PHP Deprecated:  fputcsv(): the $escape parameter must be provided as its default value will change in Command line code on line 9
[11-Jun-2026 23:55:55 America/El_Salvador] [sietelsa] {"ts":"2026-06-11T23:55:55-06:00","message":"Runtime warning","context":{"severity":8192,"message":"fputcsv(): the $escape parameter must be provided as its default value will change","file":"Command line code","line":9}}
[11-Jun-2026 23:55:55 America/El_Salvador] PHP Deprecated:  fputcsv(): the $escape parameter must be provided as its default value will change in Command line code on line 9
[11-Jun-2026 23:55:55 America/El_Salvador] [sietelsa] {"ts":"2026-06-11T23:55:55-06:00","message":"Runtime warning","context":{"severity":8192,"message":"fputcsv(): the $escape parameter must be provided as its default value will change","file":"Command line code","line":9}}
[11-Jun-2026 23:55:55 America/El_Salvador] PHP Deprecated:  fputcsv(): the $escape parameter must be provided as its default value will change in Command line code on line 9
[11-Jun-2026 23:55:55 America/El_Salvador] [sietelsa] {"ts":"2026-06-11T23:55:55-06:00","message":"Runtime warning","context":{"severity":8192,"message":"fputcsv(): the $escape parameter must be provided as its default value will change","file":"Command line code","line":9}}
[11-Jun-2026 23:55:55 America/El_Salvador] PHP Deprecated:  fputcsv(): the $escape parameter must be provided as its default value will change in Command line code on line 9
[11-Jun-2026 23:55:55 America/El_Salvador] [sietelsa] {"ts":"2026-06-11T23:55:55-06:00","message":"Runtime warning","context":{"severity":8192,"message":"fputcsv(): the $escape parameter must be provided as its default value will change","file":"Command line code","line":9}}
[11-Jun-2026 23:55:55 America/El_Salvador] PHP Deprecated:  fputcsv(): the $escape parameter must be provided as its default value will change in Command line code on line 9
[11-Jun-2026 23:55:55 America/El_Salvador] [sietelsa] {"ts":"2026-06-11T23:55:55-06:00","message":"Runtime warning","context":{"severity":8192,"message":"fputcsv(): the $escape parameter must be provided as its default value will change","file":"Command line code","line":9}}
[11-Jun-2026 23:55:55 America/El_Salvador] PHP Deprecated:  fputcsv(): the $escape parameter must be provided as its default value will change in Command line code on line 9
[11-Jun-2026 23:55:55 America/El_Salvador] [sietelsa] {"ts":"2026-06-11T23:55:55-06:00","message":"Runtime warning","context":{"severity":8192,"message":"fputcsv(): the $escape parameter must be provided as its default value will change","file":"Command line code","line":9}}
[11-Jun-2026 23:55:55 America/El_Salvador] PHP Deprecated:  fputcsv(): the $escape parameter must be provided as its default value will change in Command line code on line 9
[11-Jun-2026 23:55:55 America/El_Salvador] [sietelsa] {"ts":"2026-06-11T23:55:55-06:00","message":"Runtime warning","context":{"severity":8192,"message":"fputcsv(): the $escape parameter must be provided as its default value will change","file":"Command line code","line":9}}
[11-Jun-2026 23:55:55 America/El_Salvador] PHP Deprecated:  fputcsv(): the $escape parameter must be provided as its default value will change in Command line code on line 9
[11-Jun-2026 23:55:55 America/El_Salvador] [sietelsa] {"ts":"2026-06-11T23:55:55-06:00","message":"Runtime warning","context":{"severity":8192,"message":"fputcsv(): the $escape parameter must be provided as its default value will change","file":"Command line code","line":9}}
[11-Jun-2026 23:55:55 America/El_Salvador] PHP Deprecated:  fputcsv(): the $escape parameter must be provided as its default value will change in Command line code on line 9
[11-Jun-2026 23:55:55 America/El_Salvador] [sietelsa] {"ts":"2026-06-11T23:55:55-06:00","message":"Runtime warning","context":{"severity":8192,"message":"fputcsv(): the $escape parameter must be provided as its default value will change","file":"Command line code","line":9}}
[11-Jun-2026 23:55:55 America/El_Salvador] PHP Deprecated:  fputcsv(): the $escape parameter must be provided as its default value will change in Command line code on line 9
[11-Jun-2026 23:55:55 America/El_Salvador] [sietelsa] {"ts":"2026-06-11T23:55:55-06:00","message":"Runtime warning","context":{"severity":8192,"message":"fputcsv(): the $escape parameter must be provided as its default value will change","file":"Command line code","line":9}}
[11-Jun-2026 23:55:55 America/El_Salvador] PHP Deprecated:  fputcsv(): the $escape parameter must be provided as its default value will change in Command line code on line 9
[11-Jun-2026 23:55:55 America/El_Salvador] [sietelsa] {"ts":"2026-06-11T23:55:55-06:00","message":"Runtime warning","context":{"severity":8192,"message":"fputcsv(): the $escape parameter must be provided as its default value will change","file":"Command line code","line":9}}
[11-Jun-2026 23:55:55 America/El_Salvador] PHP Deprecated:  fputcsv(): the $escape parameter must be provided as its default value will change in Command line code on line 9
[11-Jun-2026 23:55:55 America/El_Salvador] [sietelsa] {"ts":"2026-06-11T23:55:55-06:00","message":"Runtime warning","context":{"severity":8192,"message":"fputcsv(): the $escape parameter must be provided as its default value will change","file":"Command line code","line":9}}
[11-Jun-2026 23:55:55 America/El_Salvador] PHP Deprecated:  fputcsv(): the $escape parameter must be provided as its default value will change in Command line code on line 9
[11-Jun-2026 23:55:55 America/El_Salvador] [sietelsa] {"ts":"2026-06-11T23:55:55-06:00","message":"Runtime warning","context":{"severity":8192,"message":"fputcsv(): the $escape parameter must be provided as its default value will change","file":"Command line code","line":9}}
[11-Jun-2026 23:55:55 America/El_Salvador] PHP Deprecated:  fputcsv(): the $escape parameter must be provided as its default value will change in Command line code on line 9
[11-Jun-2026 23:55:55 America/El_Salvador] [sietelsa] {"ts":"2026-06-11T23:55:55-06:00","message":"Runtime warning","context":{"severity":8192,"message":"fputcsv(): the $escape parameter must be provided as its default value will change","file":"Command line code","line":9}}
[11-Jun-2026 23:55:55 America/El_Salvador] PHP Deprecated:  fputcsv(): the $escape parameter must be provided as its default value will change in Command line code on line 9
[11-Jun-2026 23:55:55 America/El_Salvador] [sietelsa] {"ts":"2026-06-11T23:55:55-06:00","message":"Runtime warning","context":{"severity":8192,"message":"fputcsv(): the $escape parameter must be provided as its default value will change","file":"Command line code","line":9}}
[11-Jun-2026 23:55:55 America/El_Salvador] PHP Deprecated:  fputcsv(): the $escape parameter must be provided as its default value will change in Command line code on line 9
[11-Jun-2026 23:55:55 America/El_Salvador] [sietelsa] {"ts":"2026-06-11T23:55:55-06:00","message":"Runtime warning","context":{"severity":8192,"message":"fputcsv(): the $escape parameter must be provided as its default value will change","file":"Command line code","line":9}}
[11-Jun-2026 23:55:55 America/El_Salvador] PHP Deprecated:  fputcsv(): the $escape parameter must be provided as its default value will change in Command line code on line 9
[11-Jun-2026 23:55:55 America/El_Salvador] [sietelsa] {"ts":"2026-06-11T23:55:55-06:00","message":"Runtime warning","context":{"severity":8192,"message":"fputcsv(): the $escape parameter must be provided as its default value will change","file":"Command line code","line":9}}
[11-Jun-2026 23:55:55 America/El_Salvador] PHP Deprecated:  fputcsv(): the $escape parameter must be provided as its default value will change in Command line code on line 9
[11-Jun-2026 23:55:55 America/El_Salvador] [sietelsa] {"ts":"2026-06-11T23:55:55-06:00","message":"Runtime warning","context":{"severity":8192,"message":"fputcsv(): the $escape parameter must be provided as its default value will change","file":"Command line code","line":9}}
[11-Jun-2026 23:55:55 America/El_Salvador] PHP Deprecated:  fputcsv(): the $escape parameter must be provided as its default value will change in Command line code on line 9
[11-Jun-2026 23:55:55 America/El_Salvador] [sietelsa] {"ts":"2026-06-11T23:55:55-06:00","message":"Runtime warning","context":{"severity":8192,"message":"fputcsv(): the $escape parameter must be provided as its default value will change","file":"Command line code","line":9}}
[11-Jun-2026 23:55:55 America/El_Salvador] PHP Deprecated:  fputcsv(): the $escape parameter must be provided as its default value will change in Command line code on line 9
[11-Jun-2026 23:55:55 America/El_Salvador] [sietelsa] {"ts":"2026-06-11T23:55:55-06:00","message":"Runtime warning","context":{"severity":8192,"message":"fputcsv(): the $escape parameter must be provided as its default value will change","file":"Command line code","line":9}}
[11-Jun-2026 23:55:55 America/El_Salvador] PHP Deprecated:  fputcsv(): the $escape parameter must be provided as its default value will change in Command line code on line 9
[11-Jun-2026 23:55:55 America/El_Salvador] [sietelsa] {"ts":"2026-06-11T23:55:55-06:00","message":"Runtime warning","context":{"severity":8192,"message":"fputcsv(): the $escape parameter must be provided as its default value will change","file":"Command line code","line":9}}
[11-Jun-2026 23:55:55 America/El_Salvador] PHP Deprecated:  fputcsv(): the $escape parameter must be provided as its default value will change in Command line code on line 9
[11-Jun-2026 23:55:55 America/El_Salvador] [sietelsa] {"ts":"2026-06-11T23:55:55-06:00","message":"Runtime warning","context":{"severity":8192,"message":"fputcsv(): the $escape parameter must be provided as its default value will change","file":"Command line code","line":9}}
[11-Jun-2026 23:55:55 America/El_Salvador] PHP Deprecated:  fputcsv(): the $escape parameter must be provided as its default value will change in Command line code on line 9
[11-Jun-2026 23:55:55 America/El_Salvador] [sietelsa] {"ts":"2026-06-11T23:55:55-06:00","message":"Runtime warning","context":{"severity":8192,"message":"fputcsv(): the $escape parameter must be provided as its default value will change","file":"Command line code","line":9}}
[11-Jun-2026 23:55:55 America/El_Salvador] PHP Deprecated:  fputcsv(): the $escape parameter must be provided as its default value will change in Command line code on line 9
[11-Jun-2026 23:55:55 America/El_Salvador] [sietelsa] {"ts":"2026-06-11T23:55:55-06:00","message":"Runtime warning","context":{"severity":8192,"message":"fputcsv(): the $escape parameter must be provided as its default value will change","file":"Command line code","line":9}}
[11-Jun-2026 23:55:55 America/El_Salvador] PHP Deprecated:  fputcsv(): the $escape parameter must be provided as its default value will change in Command line code on line 9
[11-Jun-2026 23:55:55 America/El_Salvador] [sietelsa] {"ts":"2026-06-11T23:55:55-06:00","message":"Runtime warning","context":{"severity":8192,"message":"fputcsv(): the $escape parameter must be provided as its default value will change","file":"Command line code","line":9}}
[11-Jun-2026 23:55:55 America/El_Salvador] PHP Deprecated:  fputcsv(): the $escape parameter must be provided as its default value will change in Command line code on line 9
[11-Jun-2026 23:55:55 America/El_Salvador] [sietelsa] {"ts":"2026-06-11T23:55:55-06:00","message":"Runtime warning","context":{"severity":8192,"message":"fputcsv(): the $escape parameter must be provided as its default value will change","file":"Command line code","line":9}}
[11-Jun-2026 23:55:55 America/El_Salvador] PHP Deprecated:  fputcsv(): the $escape parameter must be provided as its default value will change in Command line code on line 9
[11-Jun-2026 23:55:55 America/El_Salvador] [sietelsa] {"ts":"2026-06-11T23:55:55-06:00","message":"Runtime warning","context":{"severity":8192,"message":"fputcsv(): the $escape parameter must be provided as its default value will change","file":"Command line code","line":9}}
[11-Jun-2026 23:55:55 America/El_Salvador] PHP Deprecated:  fputcsv(): the $escape parameter must be provided as its default value will change in Command line code on line 9
[11-Jun-2026 23:55:55 America/El_Salvador] [sietelsa] {"ts":"2026-06-11T23:55:55-06:00","message":"Runtime warning","context":{"severity":8192,"message":"fputcsv(): the $escape parameter must be provided as its default value will change","file":"Command line code","line":9}}
[11-Jun-2026 23:55:55 America/El_Salvador] PHP Deprecated:  fputcsv(): the $escape parameter must be provided as its default value will change in Command line code on line 9
[11-Jun-2026 23:55:55 America/El_Salvador] [sietelsa] {"ts":"2026-06-11T23:55:55-06:00","message":"Runtime warning","context":{"severity":8192,"message":"fputcsv(): the $escape parameter must be provided as its default value will change","file":"Command line code","line":9}}
[11-Jun-2026 23:55:55 America/El_Salvador] PHP Deprecated:  fputcsv(): the $escape parameter must be provided as its default value will change in Command line code on line 9
[11-Jun-2026 23:55:55 America/El_Salvador] [sietelsa] {"ts":"2026-06-11T23:55:55-06:00","message":"Runtime warning","context":{"severity":8192,"message":"fputcsv(): the $escape parameter must be provided as its default value will change","file":"Command line code","line":9}}
[11-Jun-2026 23:55:55 America/El_Salvador] PHP Deprecated:  fputcsv(): the $escape parameter must be provided as its default value will change in Command line code on line 9
[11-Jun-2026 23:55:55 America/El_Salvador] [sietelsa] {"ts":"2026-06-11T23:55:55-06:00","message":"Runtime warning","context":{"severity":8192,"message":"fputcsv(): the $escape parameter must be provided as its default value will change","file":"Command line code","line":9}}
[11-Jun-2026 23:55:55 America/El_Salvador] PHP Deprecated:  fputcsv(): the $escape parameter must be provided as its default value will change in Command line code on line 9
[11-Jun-2026 23:55:55 America/El_Salvador] [sietelsa] {"ts":"2026-06-11T23:55:55-06:00","message":"Runtime warning","context":{"severity":8192,"message":"fputcsv(): the $escape parameter must be provided as its default value will change","file":"Command line code","line":9}}
[11-Jun-2026 23:55:55 America/El_Salvador] PHP Deprecated:  fputcsv(): the $escape parameter must be provided as its default value will change in Command line code on line 9
[11-Jun-2026 23:55:55 America/El_Salvador] [sietelsa] {"ts":"2026-06-11T23:55:55-06:00","message":"Runtime warning","context":{"severity":8192,"message":"fputcsv(): the $escape parameter must be provided as its default value will change","file":"Command line code","line":9}}
[11-Jun-2026 23:55:55 America/El_Salvador] PHP Deprecated:  fputcsv(): the $escape parameter must be provided as its default value will change in Command line code on line 9
[11-Jun-2026 23:55:55 America/El_Salvador] [sietelsa] {"ts":"2026-06-11T23:55:55-06:00","message":"Runtime warning","context":{"severity":8192,"message":"fputcsv(): the $escape parameter must be provided as its default value will change","file":"Command line code","line":9}}
[11-Jun-2026 23:55:55 America/El_Salvador] PHP Deprecated:  fputcsv(): the $escape parameter must be provided as its default value will change in Command line code on line 9
[11-Jun-2026 23:55:55 America/El_Salvador] [sietelsa] {"ts":"2026-06-11T23:55:55-06:00","message":"Runtime warning","context":{"severity":8192,"message":"fputcsv(): the $escape parameter must be provided as its default value will change","file":"Command line code","line":9}}
[11-Jun-2026 23:55:55 America/El_Salvador] PHP Deprecated:  fputcsv(): the $escape parameter must be provided as its default value will change in Command line code on line 9
[11-Jun-2026 23:55:55 America/El_Salvador] [sietelsa] {"ts":"2026-06-11T23:55:55-06:00","message":"Runtime warning","context":{"severity":8192,"message":"fputcsv(): the $escape parameter must be provided as its default value will change","file":"Command line code","line":9}}
[11-Jun-2026 23:55:55 America/El_Salvador] PHP Deprecated:  fputcsv(): the $escape parameter must be provided as its default value will change in Command line code on line 9
[11-Jun-2026 23:55:55 America/El_Salvador] [sietelsa] {"ts":"2026-06-11T23:55:55-06:00","message":"Runtime warning","context":{"severity":8192,"message":"fputcsv(): the $escape parameter must be provided as its default value will change","file":"Command line code","line":9}}
[11-Jun-2026 23:55:55 America/El_Salvador] PHP Deprecated:  fputcsv(): the $escape parameter must be provided as its default value will change in Command line code on line 9
[11-Jun-2026 23:55:55 America/El_Salvador] [sietelsa] {"ts":"2026-06-11T23:55:55-06:00","message":"Runtime warning","context":{"severity":8192,"message":"fputcsv(): the $escape parameter must be provided as its default value will change","file":"Command line code","line":9}}
[11-Jun-2026 23:55:55 America/El_Salvador] PHP Deprecated:  fputcsv(): the $escape parameter must be provided as its default value will change in Command line code on line 9
[11-Jun-2026 23:55:55 America/El_Salvador] [sietelsa] {"ts":"2026-06-11T23:55:55-06:00","message":"Runtime warning","context":{"severity":8192,"message":"fputcsv(): the $escape parameter must be provided as its default value will change","file":"Command line code","line":9}}
[11-Jun-2026 23:55:55 America/El_Salvador] PHP Deprecated:  fputcsv(): the $escape parameter must be provided as its default value will change in Command line code on line 9
[11-Jun-2026 23:55:55 America/El_Salvador] [sietelsa] {"ts":"2026-06-11T23:55:55-06:00","message":"Runtime warning","context":{"severity":8192,"message":"fputcsv(): the $escape parameter must be provided as its default value will change","file":"Command line code","line":9}}
[11-Jun-2026 23:55:55 America/El_Salvador] PHP Deprecated:  fputcsv(): the $escape parameter must be provided as its default value will change in Command line code on line 9
[11-Jun-2026 23:55:55 America/El_Salvador] [sietelsa] {"ts":"2026-06-11T23:55:55-06:00","message":"Runtime warning","context":{"severity":8192,"message":"fputcsv(): the $escape parameter must be provided as its default value will change","file":"Command line code","line":9}}
[11-Jun-2026 23:55:55 America/El_Salvador] PHP Deprecated:  fputcsv(): the $escape parameter must be provided as its default value will change in Command line code on line 9
[11-Jun-2026 23:55:55 America/El_Salvador] [sietelsa] {"ts":"2026-06-11T23:55:55-06:00","message":"Runtime warning","context":{"severity":8192,"message":"fputcsv(): the $escape parameter must be provided as its default value will change","file":"Command line code","line":9}}
[11-Jun-2026 23:55:55 America/El_Salvador] PHP Deprecated:  fputcsv(): the $escape parameter must be provided as its default value will change in Command line code on line 9
[11-Jun-2026 23:55:55 America/El_Salvador] [sietelsa] {"ts":"2026-06-11T23:55:55-06:00","message":"Runtime warning","context":{"severity":8192,"message":"fputcsv(): the $escape parameter must be provided as its default value will change","file":"Command line code","line":9}}
[11-Jun-2026 23:55:55 America/El_Salvador] PHP Deprecated:  fputcsv(): the $escape parameter must be provided as its default value will change in Command line code on line 9
[11-Jun-2026 23:55:55 America/El_Salvador] [sietelsa] {"ts":"2026-06-11T23:55:55-06:00","message":"Runtime warning","context":{"severity":8192,"message":"fputcsv(): the $escape parameter must be provided as its default value will change","file":"Command line code","line":9}}
[11-Jun-2026 23:55:55 America/El_Salvador] PHP Deprecated:  fputcsv(): the $escape parameter must be provided as its default value will change in Command line code on line 9
[11-Jun-2026 23:55:55 America/El_Salvador] [sietelsa] {"ts":"2026-06-11T23:55:55-06:00","message":"Runtime warning","context":{"severity":8192,"message":"fputcsv(): the $escape parameter must be provided as its default value will change","file":"Command line code","line":9}}
[11-Jun-2026 23:55:55 America/El_Salvador] PHP Deprecated:  fputcsv(): the $escape parameter must be provided as its default value will change in Command line code on line 9
[11-Jun-2026 23:55:55 America/El_Salvador] [sietelsa] {"ts":"2026-06-11T23:55:55-06:00","message":"Runtime warning","context":{"severity":8192,"message":"fputcsv(): the $escape parameter must be provided as its default value will change","file":"Command line code","line":9}}
[11-Jun-2026 23:55:55 America/El_Salvador] PHP Deprecated:  fputcsv(): the $escape parameter must be provided as its default value will change in Command line code on line 9
[11-Jun-2026 23:55:55 America/El_Salvador] [sietelsa] {"ts":"2026-06-11T23:55:55-06:00","message":"Runtime warning","context":{"severity":8192,"message":"fputcsv(): the $escape parameter must be provided as its default value will change","file":"Command line code","line":9}}
[11-Jun-2026 23:55:55 America/El_Salvador] PHP Deprecated:  fputcsv(): the $escape parameter must be provided as its default value will change in Command line code on line 9
[11-Jun-2026 23:55:55 America/El_Salvador] [sietelsa] {"ts":"2026-06-11T23:55:55-06:00","message":"Runtime warning","context":{"severity":8192,"message":"fputcsv(): the $escape parameter must be provided as its default value will change","file":"Command line code","line":9}}
[11-Jun-2026 23:55:55 America/El_Salvador] PHP Deprecated:  fputcsv(): the $escape parameter must be provided as its default value will change in Command line code on line 9
[11-Jun-2026 23:55:55 America/El_Salvador] [sietelsa] {"ts":"2026-06-11T23:55:55-06:00","message":"Runtime warning","context":{"severity":8192,"message":"fputcsv(): the $escape parameter must be provided as its default value will change","file":"Command line code","line":9}}
[11-Jun-2026 23:55:55 America/El_Salvador] PHP Deprecated:  fputcsv(): the $escape parameter must be provided as its default value will change in Command line code on line 9
[11-Jun-2026 23:55:55 America/El_Salvador] [sietelsa] {"ts":"2026-06-11T23:55:55-06:00","message":"Runtime warning","context":{"severity":8192,"message":"fputcsv(): the $escape parameter must be provided as its default value will change","file":"Command line code","line":9}}
[11-Jun-2026 23:55:55 America/El_Salvador] PHP Deprecated:  fputcsv(): the $escape parameter must be provided as its default value will change in Command line code on line 9
[11-Jun-2026 23:55:55 America/El_Salvador] [sietelsa] {"ts":"2026-06-11T23:55:55-06:00","message":"Runtime warning","context":{"severity":8192,"message":"fputcsv(): the $escape parameter must be provided as its default value will change","file":"Command line code","line":9}}
[11-Jun-2026 23:55:55 America/El_Salvador] PHP Deprecated:  fputcsv(): the $escape parameter must be provided as its default value will change in Command line code on line 9
[11-Jun-2026 23:55:55 America/El_Salvador] [sietelsa] {"ts":"2026-06-11T23:55:55-06:00","message":"Runtime warning","context":{"severity":8192,"message":"fputcsv(): the $escape parameter must be provided as its default value will change","file":"Command line code","line":9}}
[11-Jun-2026 23:55:55 America/El_Salvador] PHP Deprecated:  fputcsv(): the $escape parameter must be provided as its default value will change in Command line code on line 9
[11-Jun-2026 23:55:55 America/El_Salvador] [sietelsa] {"ts":"2026-06-11T23:55:55-06:00","message":"Runtime warning","context":{"severity":8192,"message":"fputcsv(): the $escape parameter must be provided as its default value will change","file":"Command line code","line":9}}
[11-Jun-2026 23:55:55 America/El_Salvador] PHP Deprecated:  fputcsv(): the $escape parameter must be provided as its default value will change in Command line code on line 9
[11-Jun-2026 23:55:55 America/El_Salvador] [sietelsa] {"ts":"2026-06-11T23:55:55-06:00","message":"Runtime warning","context":{"severity":8192,"message":"fputcsv(): the $escape parameter must be provided as its default value will change","file":"Command line code","line":9}}
[11-Jun-2026 23:55:55 America/El_Salvador] PHP Deprecated:  fputcsv(): the $escape parameter must be provided as its default value will change in Command line code on line 9
[11-Jun-2026 23:55:55 America/El_Salvador] [sietelsa] {"ts":"2026-06-11T23:55:55-06:00","message":"Runtime warning","context":{"severity":8192,"message":"fputcsv(): the $escape parameter must be provided as its default value will change","file":"Command line code","line":9}}
[11-Jun-2026 23:55:55 America/El_Salvador] PHP Deprecated:  fputcsv(): the $escape parameter must be provided as its default value will change in Command line code on line 9
[11-Jun-2026 23:55:55 America/El_Salvador] [sietelsa] {"ts":"2026-06-11T23:55:55-06:00","message":"Runtime warning","context":{"severity":8192,"message":"fputcsv(): the $escape parameter must be provided as its default value will change","file":"Command line code","line":9}}
[11-Jun-2026 23:55:55 America/El_Salvador] PHP Deprecated:  fputcsv(): the $escape parameter must be provided as its default value will change in Command line code on line 9
[11-Jun-2026 23:55:55 America/El_Salvador] [sietelsa] {"ts":"2026-06-11T23:55:55-06:00","message":"Runtime warning","context":{"severity":8192,"message":"fputcsv(): the $escape parameter must be provided as its default value will change","file":"Command line code","line":9}}
[11-Jun-2026 23:55:55 America/El_Salvador] PHP Deprecated:  fputcsv(): the $escape parameter must be provided as its default value will change in Command line code on line 9
[11-Jun-2026 23:55:55 America/El_Salvador] [sietelsa] {"ts":"2026-06-11T23:55:55-06:00","message":"Runtime warning","context":{"severity":8192,"message":"fputcsv(): the $escape parameter must be provided as its default value will change","file":"Command line code","line":9}}
[11-Jun-2026 23:55:55 America/El_Salvador] PHP Deprecated:  fputcsv(): the $escape parameter must be provided as its default value will change in Command line code on line 9
[11-Jun-2026 23:55:55 America/El_Salvador] [sietelsa] {"ts":"2026-06-11T23:55:55-06:00","message":"Runtime warning","context":{"severity":8192,"message":"fputcsv(): the $escape parameter must be provided as its default value will change","file":"Command line code","line":9}}
[11-Jun-2026 23:55:55 America/El_Salvador] PHP Deprecated:  fputcsv(): the $escape parameter must be provided as its default value will change in Command line code on line 9
[11-Jun-2026 23:55:55 America/El_Salvador] [sietelsa] {"ts":"2026-06-11T23:55:55-06:00","message":"Runtime warning","context":{"severity":8192,"message":"fputcsv(): the $escape parameter must be provided as its default value will change","file":"Command line code","line":9}}
[11-Jun-2026 23:55:55 America/El_Salvador] PHP Deprecated:  fputcsv(): the $escape parameter must be provided as its default value will change in Command line code on line 9
[11-Jun-2026 23:55:55 America/El_Salvador] [sietelsa] {"ts":"2026-06-11T23:55:55-06:00","message":"Runtime warning","context":{"severity":8192,"message":"fputcsv(): the $escape parameter must be provided as its default value will change","file":"Command line code","line":9}}
[11-Jun-2026 23:55:55 America/El_Salvador] PHP Deprecated:  fputcsv(): the $escape parameter must be provided as its default value will change in Command line code on line 9
[11-Jun-2026 23:55:55 America/El_Salvador] [sietelsa] {"ts":"2026-06-11T23:55:55-06:00","message":"Runtime warning","context":{"severity":8192,"message":"fputcsv(): the $escape parameter must be provided as its default value will change","file":"Command line code","line":9}}
[11-Jun-2026 23:55:55 America/El_Salvador] PHP Deprecated:  fputcsv(): the $escape parameter must be provided as its default value will change in Command line code on line 9
[11-Jun-2026 23:55:55 America/El_Salvador] [sietelsa] {"ts":"2026-06-11T23:55:55-06:00","message":"Runtime warning","context":{"severity":8192,"message":"fputcsv(): the $escape parameter must be provided as its default value will change","file":"Command line code","line":9}}
[11-Jun-2026 23:55:55 America/El_Salvador] PHP Deprecated:  fputcsv(): the $escape parameter must be provided as its default value will change in Command line code on line 9
[11-Jun-2026 23:55:55 America/El_Salvador] [sietelsa] {"ts":"2026-06-11T23:55:55-06:00","message":"Runtime warning","context":{"severity":8192,"message":"fputcsv(): the $escape parameter must be provided as its default value will change","file":"Command line code","line":9}}
[11-Jun-2026 23:55:55 America/El_Salvador] PHP Deprecated:  fputcsv(): the $escape parameter must be provided as its default value will change in Command line code on line 9
[11-Jun-2026 23:55:55 America/El_Salvador] [sietelsa] {"ts":"2026-06-11T23:55:55-06:00","message":"Runtime warning","context":{"severity":8192,"message":"fputcsv(): the $escape parameter must be provided as its default value will change","file":"Command line code","line":9}}
[11-Jun-2026 23:55:55 America/El_Salvador] PHP Deprecated:  fputcsv(): the $escape parameter must be provided as its default value will change in Command line code on line 9
[11-Jun-2026 23:55:55 America/El_Salvador] [sietelsa] {"ts":"2026-06-11T23:55:55-06:00","message":"Runtime warning","context":{"severity":8192,"message":"fputcsv(): the $escape parameter must be provided as its default value will change","file":"Command line code","line":9}}
[11-Jun-2026 23:55:55 America/El_Salvador] PHP Deprecated:  fputcsv(): the $escape parameter must be provided as its default value will change in Command line code on line 9
[11-Jun-2026 23:55:55 America/El_Salvador] [sietelsa] {"ts":"2026-06-11T23:55:55-06:00","message":"Runtime warning","context":{"severity":8192,"message":"fputcsv(): the $escape parameter must be provided as its default value will change","file":"Command line code","line":9}}
[11-Jun-2026 23:55:55 America/El_Salvador] PHP Deprecated:  fputcsv(): the $escape parameter must be provided as its default value will change in Command line code on line 9
[11-Jun-2026 23:55:55 America/El_Salvador] [sietelsa] {"ts":"2026-06-11T23:55:55-06:00","message":"Runtime warning","context":{"severity":8192,"message":"fputcsv(): the $escape parameter must be provided as its default value will change","file":"Command line code","line":9}}
[11-Jun-2026 23:55:55 America/El_Salvador] PHP Deprecated:  fputcsv(): the $escape parameter must be provided as its default value will change in Command line code on line 9
[11-Jun-2026 23:55:55 America/El_Salvador] [sietelsa] {"ts":"2026-06-11T23:55:55-06:00","message":"Runtime warning","context":{"severity":8192,"message":"fputcsv(): the $escape parameter must be provided as its default value will change","file":"Command line code","line":9}}
[11-Jun-2026 23:55:55 America/El_Salvador] PHP Deprecated:  fputcsv(): the $escape parameter must be provided as its default value will change in Command line code on line 9
[11-Jun-2026 23:55:55 America/El_Salvador] [sietelsa] {"ts":"2026-06-11T23:55:55-06:00","message":"Runtime warning","context":{"severity":8192,"message":"fputcsv(): the $escape parameter must be provided as its default value will change","file":"Command line code","line":9}}
[11-Jun-2026 23:55:55 America/El_Salvador] PHP Deprecated:  fputcsv(): the $escape parameter must be provided as its default value will change in Command line code on line 9
[11-Jun-2026 23:55:55 America/El_Salvador] [sietelsa] {"ts":"2026-06-11T23:55:55-06:00","message":"Runtime warning","context":{"severity":8192,"message":"fputcsv(): the $escape parameter must be provided as its default value will change","file":"Command line code","line":9}}
[11-Jun-2026 23:55:55 America/El_Salvador] PHP Deprecated:  fputcsv(): the $escape parameter must be provided as its default value will change in Command line code on line 9
[11-Jun-2026 23:55:55 America/El_Salvador] [sietelsa] {"ts":"2026-06-11T23:55:55-06:00","message":"Runtime warning","context":{"severity":8192,"message":"fputcsv(): the $escape parameter must be provided as its default value will change","file":"Command line code","line":9}}
[11-Jun-2026 23:55:55 America/El_Salvador] PHP Deprecated:  fputcsv(): the $escape parameter must be provided as its default value will change in Command line code on line 9
[11-Jun-2026 23:55:55 America/El_Salvador] [sietelsa] {"ts":"2026-06-11T23:55:55-06:00","message":"Runtime warning","context":{"severity":8192,"message":"fputcsv(): the $escape parameter must be provided as its default value will change","file":"Command line code","line":9}}
[11-Jun-2026 23:55:55 America/El_Salvador] PHP Deprecated:  fputcsv(): the $escape parameter must be provided as its default value will change in Command line code on line 9
[11-Jun-2026 23:55:55 America/El_Salvador] [sietelsa] {"ts":"2026-06-11T23:55:55-06:00","message":"Runtime warning","context":{"severity":8192,"message":"fputcsv(): the $escape parameter must be provided as its default value will change","file":"Command line code","line":9}}
[11-Jun-2026 23:55:55 America/El_Salvador] PHP Deprecated:  fputcsv(): the $escape parameter must be provided as its default value will change in Command line code on line 9
[11-Jun-2026 23:55:55 America/El_Salvador] [sietelsa] {"ts":"2026-06-11T23:55:55-06:00","message":"Runtime warning","context":{"severity":8192,"message":"fputcsv(): the $escape parameter must be provided as its default value will change","file":"Command line code","line":9}}
[11-Jun-2026 23:55:55 America/El_Salvador] PHP Deprecated:  fputcsv(): the $escape parameter must be provided as its default value will change in Command line code on line 9
[11-Jun-2026 23:55:55 America/El_Salvador] [sietelsa] {"ts":"2026-06-11T23:55:55-06:00","message":"Runtime warning","context":{"severity":8192,"message":"fputcsv(): the $escape parameter must be provided as its default value will change","file":"Command line code","line":9}}
[11-Jun-2026 23:55:55 America/El_Salvador] PHP Deprecated:  fputcsv(): the $escape parameter must be provided as its default value will change in Command line code on line 9
[11-Jun-2026 23:55:55 America/El_Salvador] [sietelsa] {"ts":"2026-06-11T23:55:55-06:00","message":"Runtime warning","context":{"severity":8192,"message":"fputcsv(): the $escape parameter must be provided as its default value will change","file":"Command line code","line":9}}
[11-Jun-2026 23:55:55 America/El_Salvador] PHP Deprecated:  fputcsv(): the $escape parameter must be provided as its default value will change in Command line code on line 9
[11-Jun-2026 23:55:55 America/El_Salvador] [sietelsa] {"ts":"2026-06-11T23:55:55-06:00","message":"Runtime warning","context":{"severity":8192,"message":"fputcsv(): the $escape parameter must be provided as its default value will change","file":"Command line code","line":9}}
[11-Jun-2026 23:55:55 America/El_Salvador] PHP Deprecated:  fputcsv(): the $escape parameter must be provided as its default value will change in Command line code on line 9
[11-Jun-2026 23:55:55 America/El_Salvador] [sietelsa] {"ts":"2026-06-11T23:55:55-06:00","message":"Runtime warning","context":{"severity":8192,"message":"fputcsv(): the $escape parameter must be provided as its default value will change","file":"Command line code","line":9}}
[11-Jun-2026 23:55:55 America/El_Salvador] PHP Deprecated:  fputcsv(): the $escape parameter must be provided as its default value will change in Command line code on line 9
[11-Jun-2026 23:55:55 America/El_Salvador] [sietelsa] {"ts":"2026-06-11T23:55:55-06:00","message":"Runtime warning","context":{"severity":8192,"message":"fputcsv(): the $escape parameter must be provided as its default value will change","file":"Command line code","line":9}}
[11-Jun-2026 23:55:55 America/El_Salvador] PHP Deprecated:  fputcsv(): the $escape parameter must be provided as its default value will change in Command line code on line 9
[11-Jun-2026 23:55:55 America/El_Salvador] [sietelsa] {"ts":"2026-06-11T23:55:55-06:00","message":"Runtime warning","context":{"severity":8192,"message":"fputcsv(): the $escape parameter must be provided as its default value will change","file":"Command line code","line":9}}
[11-Jun-2026 23:55:55 America/El_Salvador] PHP Deprecated:  fputcsv(): the $escape parameter must be provided as its default value will change in Command line code on line 9
[11-Jun-2026 23:55:55 America/El_Salvador] [sietelsa] {"ts":"2026-06-11T23:55:55-06:00","message":"Runtime warning","context":{"severity":8192,"message":"fputcsv(): the $escape parameter must be provided as its default value will change","file":"Command line code","line":9}}
[11-Jun-2026 23:55:55 America/El_Salvador] PHP Deprecated:  fputcsv(): the $escape parameter must be provided as its default value will change in Command line code on line 9
[11-Jun-2026 23:55:55 America/El_Salvador] [sietelsa] {"ts":"2026-06-11T23:55:55-06:00","message":"Runtime warning","context":{"severity":8192,"message":"fputcsv(): the $escape parameter must be provided as its default value will change","file":"Command line code","line":9}}
[11-Jun-2026 23:55:55 America/El_Salvador] PHP Deprecated:  fputcsv(): the $escape parameter must be provided as its default value will change in Command line code on line 9
[11-Jun-2026 23:55:55 America/El_Salvador] [sietelsa] {"ts":"2026-06-11T23:55:55-06:00","message":"Runtime warning","context":{"severity":8192,"message":"fputcsv(): the $escape parameter must be provided as its default value will change","file":"Command line code","line":9}}
[11-Jun-2026 23:55:55 America/El_Salvador] PHP Deprecated:  fputcsv(): the $escape parameter must be provided as its default value will change in Command line code on line 9
[11-Jun-2026 23:55:55 America/El_Salvador] [sietelsa] {"ts":"2026-06-11T23:55:55-06:00","message":"Runtime warning","context":{"severity":8192,"message":"fputcsv(): the $escape parameter must be provided as its default value will change","file":"Command line code","line":9}}
[11-Jun-2026 23:55:55 America/El_Salvador] PHP Deprecated:  fputcsv(): the $escape parameter must be provided as its default value will change in Command line code on line 9
[11-Jun-2026 23:55:55 America/El_Salvador] [sietelsa] {"ts":"2026-06-11T23:55:55-06:00","message":"Runtime warning","context":{"severity":8192,"message":"fputcsv(): the $escape parameter must be provided as its default value will change","file":"Command line code","line":9}}
[11-Jun-2026 23:55:55 America/El_Salvador] PHP Deprecated:  fputcsv(): the $escape parameter must be provided as its default value will change in Command line code on line 9
[11-Jun-2026 23:55:55 America/El_Salvador] [sietelsa] {"ts":"2026-06-11T23:55:55-06:00","message":"Runtime warning","context":{"severity":8192,"message":"fputcsv(): the $escape parameter must be provided as its default value will change","file":"Command line code","line":9}}
[11-Jun-2026 23:55:55 America/El_Salvador] PHP Deprecated:  fputcsv(): the $escape parameter must be provided as its default value will change in Command line code on line 9
[11-Jun-2026 23:55:55 America/El_Salvador] [sietelsa] {"ts":"2026-06-11T23:55:55-06:00","message":"Runtime warning","context":{"severity":8192,"message":"fputcsv(): the $escape parameter must be provided as its default value will change","file":"Command line code","line":9}}
[11-Jun-2026 23:55:55 America/El_Salvador] PHP Deprecated:  fputcsv(): the $escape parameter must be provided as its default value will change in Command line code on line 9
[11-Jun-2026 23:55:55 America/El_Salvador] [sietelsa] {"ts":"2026-06-11T23:55:55-06:00","message":"Runtime warning","context":{"severity":8192,"message":"fputcsv(): the $escape parameter must be provided as its default value will change","file":"Command line code","line":9}}
[11-Jun-2026 23:55:55 America/El_Salvador] PHP Deprecated:  fputcsv(): the $escape parameter must be provided as its default value will change in Command line code on line 9
[11-Jun-2026 23:55:55 America/El_Salvador] [sietelsa] {"ts":"2026-06-11T23:55:55-06:00","message":"Runtime warning","context":{"severity":8192,"message":"fputcsv(): the $escape parameter must be provided as its default value will change","file":"Command line code","line":9}}
[11-Jun-2026 23:55:55 America/El_Salvador] PHP Deprecated:  fputcsv(): the $escape parameter must be provided as its default value will change in Command line code on line 9
[11-Jun-2026 23:55:55 America/El_Salvador] [sietelsa] {"ts":"2026-06-11T23:55:55-06:00","message":"Runtime warning","context":{"severity":8192,"message":"fputcsv(): the $escape parameter must be provided as its default value will change","file":"Command line code","line":9}}
[11-Jun-2026 23:55:55 America/El_Salvador] PHP Deprecated:  fputcsv(): the $escape parameter must be provided as its default value will change in Command line code on line 9
[11-Jun-2026 23:55:55 America/El_Salvador] [sietelsa] {"ts":"2026-06-11T23:55:55-06:00","message":"Runtime warning","context":{"severity":8192,"message":"fputcsv(): the $escape parameter must be provided as its default value will change","file":"Command line code","line":9}}
[11-Jun-2026 23:55:55 America/El_Salvador] PHP Deprecated:  fputcsv(): the $escape parameter must be provided as its default value will change in Command line code on line 9
[11-Jun-2026 23:55:55 America/El_Salvador] [sietelsa] {"ts":"2026-06-11T23:55:55-06:00","message":"Runtime warning","context":{"severity":8192,"message":"fputcsv(): the $escape parameter must be provided as its default value will change","file":"Command line code","line":9}}
[11-Jun-2026 23:55:55 America/El_Salvador] PHP Deprecated:  fputcsv(): the $escape parameter must be provided as its default value will change in Command line code on line 9
[11-Jun-2026 23:55:55 America/El_Salvador] [sietelsa] {"ts":"2026-06-11T23:55:55-06:00","message":"Runtime warning","context":{"severity":8192,"message":"fputcsv(): the $escape parameter must be provided as its default value will change","file":"Command line code","line":9}}
[11-Jun-2026 23:55:55 America/El_Salvador] PHP Deprecated:  fputcsv(): the $escape parameter must be provided as its default value will change in Command line code on line 9
[11-Jun-2026 23:55:55 America/El_Salvador] [sietelsa] {"ts":"2026-06-11T23:55:55-06:00","message":"Runtime warning","context":{"severity":8192,"message":"fputcsv(): the $escape parameter must be provided as its default value will change","file":"Command line code","line":9}}
[11-Jun-2026 23:55:55 America/El_Salvador] PHP Deprecated:  fputcsv(): the $escape parameter must be provided as its default value will change in Command line code on line 9
[11-Jun-2026 23:55:55 America/El_Salvador] [sietelsa] {"ts":"2026-06-11T23:55:55-06:00","message":"Runtime warning","context":{"severity":8192,"message":"fputcsv(): the $escape parameter must be provided as its default value will change","file":"Command line code","line":9}}
[11-Jun-2026 23:55:55 America/El_Salvador] PHP Deprecated:  fputcsv(): the $escape parameter must be provided as its default value will change in Command line code on line 9
[11-Jun-2026 23:55:55 America/El_Salvador] [sietelsa] {"ts":"2026-06-11T23:55:55-06:00","message":"Runtime warning","context":{"severity":8192,"message":"fputcsv(): the $escape parameter must be provided as its default value will change","file":"Command line code","line":9}}
[11-Jun-2026 23:55:55 America/El_Salvador] PHP Deprecated:  fputcsv(): the $escape parameter must be provided as its default value will change in Command line code on line 9
[11-Jun-2026 23:55:55 America/El_Salvador] [sietelsa] {"ts":"2026-06-11T23:55:55-06:00","message":"Runtime warning","context":{"severity":8192,"message":"fputcsv(): the $escape parameter must be provided as its default value will change","file":"Command line code","line":9}}
[11-Jun-2026 23:55:55 America/El_Salvador] PHP Deprecated:  fputcsv(): the $escape parameter must be provided as its default value will change in Command line code on line 9
[11-Jun-2026 23:55:55 America/El_Salvador] [sietelsa] {"ts":"2026-06-11T23:55:55-06:00","message":"Runtime warning","context":{"severity":8192,"message":"fputcsv(): the $escape parameter must be provided as its default value will change","file":"Command line code","line":9}}
[11-Jun-2026 23:55:55 America/El_Salvador] PHP Deprecated:  fputcsv(): the $escape parameter must be provided as its default value will change in Command line code on line 9
[11-Jun-2026 23:55:55 America/El_Salvador] [sietelsa] {"ts":"2026-06-11T23:55:55-06:00","message":"Runtime warning","context":{"severity":8192,"message":"fputcsv(): the $escape parameter must be provided as its default value will change","file":"Command line code","line":9}}
[11-Jun-2026 23:55:55 America/El_Salvador] PHP Deprecated:  fputcsv(): the $escape parameter must be provided as its default value will change in Command line code on line 9
[11-Jun-2026 23:55:55 America/El_Salvador] [sietelsa] {"ts":"2026-06-11T23:55:55-06:00","message":"Runtime warning","context":{"severity":8192,"message":"fputcsv(): the $escape parameter must be provided as its default value will change","file":"Command line code","line":9}}
[11-Jun-2026 23:55:55 America/El_Salvador] PHP Deprecated:  fputcsv(): the $escape parameter must be provided as its default value will change in Command line code on line 9
[11-Jun-2026 23:55:55 America/El_Salvador] [sietelsa] {"ts":"2026-06-11T23:55:55-06:00","message":"Runtime warning","context":{"severity":8192,"message":"fputcsv(): the $escape parameter must be provided as its default value will change","file":"Command line code","line":9}}
[11-Jun-2026 23:55:55 America/El_Salvador] PHP Deprecated:  fputcsv(): the $escape parameter must be provided as its default value will change in Command line code on line 9
[11-Jun-2026 23:55:55 America/El_Salvador] [sietelsa] {"ts":"2026-06-11T23:55:55-06:00","message":"Runtime warning","context":{"severity":8192,"message":"fputcsv(): the $escape parameter must be provided as its default value will change","file":"Command line code","line":9}}
[11-Jun-2026 23:55:55 America/El_Salvador] PHP Deprecated:  fputcsv(): the $escape parameter must be provided as its default value will change in Command line code on line 9
[11-Jun-2026 23:55:55 America/El_Salvador] [sietelsa] {"ts":"2026-06-11T23:55:55-06:00","message":"Runtime warning","context":{"severity":8192,"message":"fputcsv(): the $escape parameter must be provided as its default value will change","file":"Command line code","line":9}}
[11-Jun-2026 23:55:55 America/El_Salvador] PHP Deprecated:  fputcsv(): the $escape parameter must be provided as its default value will change in Command line code on line 9
[11-Jun-2026 23:55:55 America/El_Salvador] [sietelsa] {"ts":"2026-06-11T23:55:55-06:00","message":"Runtime warning","context":{"severity":8192,"message":"fputcsv(): the $escape parameter must be provided as its default value will change","file":"Command line code","line":9}}
[11-Jun-2026 23:55:55 America/El_Salvador] PHP Deprecated:  fputcsv(): the $escape parameter must be provided as its default value will change in Command line code on line 9
[11-Jun-2026 23:55:55 America/El_Salvador] [sietelsa] {"ts":"2026-06-11T23:55:55-06:00","message":"Runtime warning","context":{"severity":8192,"message":"fputcsv(): the $escape parameter must be provided as its default value will change","file":"Command line code","line":9}}
[11-Jun-2026 23:55:55 America/El_Salvador] PHP Deprecated:  fputcsv(): the $escape parameter must be provided as its default value will change in Command line code on line 9
[11-Jun-2026 23:55:55 America/El_Salvador] [sietelsa] {"ts":"2026-06-11T23:55:55-06:00","message":"Runtime warning","context":{"severity":8192,"message":"fputcsv(): the $escape parameter must be provided as its default value will change","file":"Command line code","line":9}}
[11-Jun-2026 23:55:55 America/El_Salvador] PHP Deprecated:  fputcsv(): the $escape parameter must be provided as its default value will change in Command line code on line 9
[11-Jun-2026 23:55:55 America/El_Salvador] [sietelsa] {"ts":"2026-06-11T23:55:55-06:00","message":"Runtime warning","context":{"severity":8192,"message":"fputcsv(): the $escape parameter must be provided as its default value will change","file":"Command line code","line":9}}
[11-Jun-2026 23:55:55 America/El_Salvador] PHP Deprecated:  fputcsv(): the $escape parameter must be provided as its default value will change in Command line code on line 9
[11-Jun-2026 23:55:55 America/El_Salvador] [sietelsa] {"ts":"2026-06-11T23:55:55-06:00","message":"Runtime warning","context":{"severity":8192,"message":"fputcsv(): the $escape parameter must be provided as its default value will change","file":"Command line code","line":9}}
[11-Jun-2026 23:55:55 America/El_Salvador] PHP Deprecated:  fputcsv(): the $escape parameter must be provided as its default value will change in Command line code on line 9
[11-Jun-2026 23:55:55 America/El_Salvador] [sietelsa] {"ts":"2026-06-11T23:55:55-06:00","message":"Runtime warning","context":{"severity":8192,"message":"fputcsv(): the $escape parameter must be provided as its default value will change","file":"Command line code","line":9}}
[11-Jun-2026 23:55:55 America/El_Salvador] PHP Deprecated:  fputcsv(): the $escape parameter must be provided as its default value will change in Command line code on line 9
[11-Jun-2026 23:55:55 America/El_Salvador] [sietelsa] {"ts":"2026-06-11T23:55:55-06:00","message":"Runtime warning","context":{"severity":8192,"message":"fputcsv(): the $escape parameter must be provided as its default value will change","file":"Command line code","line":9}}
[11-Jun-2026 23:55:55 America/El_Salvador] PHP Deprecated:  fputcsv(): the $escape parameter must be provided as its default value will change in Command line code on line 9
[11-Jun-2026 23:55:55 America/El_Salvador] [sietelsa] {"ts":"2026-06-11T23:55:55-06:00","message":"Runtime warning","context":{"severity":8192,"message":"fputcsv(): the $escape parameter must be provided as its default value will change","file":"Command line code","line":9}}
[11-Jun-2026 23:55:55 America/El_Salvador] PHP Deprecated:  fputcsv(): the $escape parameter must be provided as its default value will change in Command line code on line 9
[11-Jun-2026 23:55:55 America/El_Salvador] [sietelsa] {"ts":"2026-06-11T23:55:55-06:00","message":"Runtime warning","context":{"severity":8192,"message":"fputcsv(): the $escape parameter must be provided as its default value will change","file":"Command line code","line":9}}
[11-Jun-2026 23:55:55 America/El_Salvador] PHP Deprecated:  fputcsv(): the $escape parameter must be provided as its default value will change in Command line code on line 9
[11-Jun-2026 23:55:55 America/El_Salvador] [sietelsa] {"ts":"2026-06-11T23:55:55-06:00","message":"Runtime warning","context":{"severity":8192,"message":"fputcsv(): the $escape parameter must be provided as its default value will change","file":"Command line code","line":9}}
[11-Jun-2026 23:55:55 America/El_Salvador] PHP Deprecated:  fputcsv(): the $escape parameter must be provided as its default value will change in Command line code on line 9
[11-Jun-2026 23:55:55 America/El_Salvador] [sietelsa] {"ts":"2026-06-11T23:55:55-06:00","message":"Runtime warning","context":{"severity":8192,"message":"fputcsv(): the $escape parameter must be provided as its default value will change","file":"Command line code","line":9}}
[11-Jun-2026 23:55:55 America/El_Salvador] PHP Deprecated:  fputcsv(): the $escape parameter must be provided as its default value will change in Command line code on line 9
[11-Jun-2026 23:55:55 America/El_Salvador] [sietelsa] {"ts":"2026-06-11T23:55:55-06:00","message":"Runtime warning","context":{"severity":8192,"message":"fputcsv(): the $escape parameter must be provided as its default value will change","file":"Command line code","line":9}}
[11-Jun-2026 23:55:55 America/El_Salvador] PHP Deprecated:  fputcsv(): the $escape parameter must be provided as its default value will change in Command line code on line 9
[11-Jun-2026 23:55:55 America/El_Salvador] [sietelsa] {"ts":"2026-06-11T23:55:55-06:00","message":"Runtime warning","context":{"severity":8192,"message":"fputcsv(): the $escape parameter must be provided as its default value will change","file":"Command line code","line":9}}
[11-Jun-2026 23:55:55 America/El_Salvador] PHP Deprecated:  fputcsv(): the $escape parameter must be provided as its default value will change in Command line code on line 9
[11-Jun-2026 23:55:55 America/El_Salvador] [sietelsa] {"ts":"2026-06-11T23:55:55-06:00","message":"Runtime warning","context":{"severity":8192,"message":"fputcsv(): the $escape parameter must be provided as its default value will change","file":"Command line code","line":9}}
[11-Jun-2026 23:55:55 America/El_Salvador] PHP Deprecated:  fputcsv(): the $escape parameter must be provided as its default value will change in Command line code on line 9
[11-Jun-2026 23:55:55 America/El_Salvador] [sietelsa] {"ts":"2026-06-11T23:55:55-06:00","message":"Runtime warning","context":{"severity":8192,"message":"fputcsv(): the $escape parameter must be provided as its default value will change","file":"Command line code","line":9}}
[11-Jun-2026 23:55:55 America/El_Salvador] PHP Deprecated:  fputcsv(): the $escape parameter must be provided as its default value will change in Command line code on line 9
[11-Jun-2026 23:55:55 America/El_Salvador] [sietelsa] {"ts":"2026-06-11T23:55:55-06:00","message":"Runtime warning","context":{"severity":8192,"message":"fputcsv(): the $escape parameter must be provided as its default value will change","file":"Command line code","line":9}}
[11-Jun-2026 23:55:55 America/El_Salvador] PHP Deprecated:  fputcsv(): the $escape parameter must be provided as its default value will change in Command line code on line 9
[11-Jun-2026 23:55:55 America/El_Salvador] [sietelsa] {"ts":"2026-06-11T23:55:55-06:00","message":"Runtime warning","context":{"severity":8192,"message":"fputcsv(): the $escape parameter must be provided as its default value will change","file":"Command line code","line":9}}
[11-Jun-2026 23:55:55 America/El_Salvador] PHP Deprecated:  fputcsv(): the $escape parameter must be provided as its default value will change in Command line code on line 9
[11-Jun-2026 23:55:55 America/El_Salvador] [sietelsa] {"ts":"2026-06-11T23:55:55-06:00","message":"Runtime warning","context":{"severity":8192,"message":"fputcsv(): the $escape parameter must be provided as its default value will change","file":"Command line code","line":9}}
[11-Jun-2026 23:55:55 America/El_Salvador] PHP Deprecated:  fputcsv(): the $escape parameter must be provided as its default value will change in Command line code on line 9
[11-Jun-2026 23:55:55 America/El_Salvador] [sietelsa] {"ts":"2026-06-11T23:55:55-06:00","message":"Runtime warning","context":{"severity":8192,"message":"fputcsv(): the $escape parameter must be provided as its default value will change","file":"Command line code","line":9}}
[11-Jun-2026 23:55:55 America/El_Salvador] PHP Deprecated:  fputcsv(): the $escape parameter must be provided as its default value will change in Command line code on line 9
[11-Jun-2026 23:55:55 America/El_Salvador] [sietelsa] {"ts":"2026-06-11T23:55:55-06:00","message":"Runtime warning","context":{"severity":8192,"message":"fputcsv(): the $escape parameter must be provided as its default value will change","file":"Command line code","line":9}}
[11-Jun-2026 23:55:55 America/El_Salvador] PHP Deprecated:  fputcsv(): the $escape parameter must be provided as its default value will change in Command line code on line 9
[11-Jun-2026 23:55:55 America/El_Salvador] [sietelsa] {"ts":"2026-06-11T23:55:55-06:00","message":"Runtime warning","context":{"severity":8192,"message":"fputcsv(): the $escape parameter must be provided as its default value will change","file":"Command line code","line":9}}
[11-Jun-2026 23:55:55 America/El_Salvador] PHP Deprecated:  fputcsv(): the $escape parameter must be provided as its default value will change in Command line code on line 9
[11-Jun-2026 23:55:55 America/El_Salvador] [sietelsa] {"ts":"2026-06-11T23:55:55-06:00","message":"Runtime warning","context":{"severity":8192,"message":"fputcsv(): the $escape parameter must be provided as its default value will change","file":"Command line code","line":9}}
[11-Jun-2026 23:55:55 America/El_Salvador] PHP Deprecated:  fputcsv(): the $escape parameter must be provided as its default value will change in Command line code on line 9
[11-Jun-2026 23:55:55 America/El_Salvador] [sietelsa] {"ts":"2026-06-11T23:55:55-06:00","message":"Runtime warning","context":{"severity":8192,"message":"fputcsv(): the $escape parameter must be provided as its default value will change","file":"Command line code","line":9}}
[11-Jun-2026 23:55:55 America/El_Salvador] PHP Deprecated:  fputcsv(): the $escape parameter must be provided as its default value will change in Command line code on line 9
[11-Jun-2026 23:55:55 America/El_Salvador] [sietelsa] {"ts":"2026-06-11T23:55:55-06:00","message":"Runtime warning","context":{"severity":8192,"message":"fputcsv(): the $escape parameter must be provided as its default value will change","file":"Command line code","line":9}}
[11-Jun-2026 23:55:55 America/El_Salvador] PHP Deprecated:  fputcsv(): the $escape parameter must be provided as its default value will change in Command line code on line 9
[11-Jun-2026 23:55:55 America/El_Salvador] [sietelsa] {"ts":"2026-06-11T23:55:55-06:00","message":"Runtime warning","context":{"severity":8192,"message":"fputcsv(): the $escape parameter must be provided as its default value will change","file":"Command line code","line":9}}
[11-Jun-2026 23:55:55 America/El_Salvador] PHP Deprecated:  fputcsv(): the $escape parameter must be provided as its default value will change in Command line code on line 9
[11-Jun-2026 23:55:55 America/El_Salvador] [sietelsa] {"ts":"2026-06-11T23:55:55-06:00","message":"Runtime warning","context":{"severity":8192,"message":"fputcsv(): the $escape parameter must be provided as its default value will change","file":"Command line code","line":9}}
[11-Jun-2026 23:55:55 America/El_Salvador] PHP Deprecated:  fputcsv(): the $escape parameter must be provided as its default value will change in Command line code on line 9
[11-Jun-2026 23:55:55 America/El_Salvador] [sietelsa] {"ts":"2026-06-11T23:55:55-06:00","message":"Runtime warning","context":{"severity":8192,"message":"fputcsv(): the $escape parameter must be provided as its default value will change","file":"Command line code","line":9}}
[11-Jun-2026 23:55:55 America/El_Salvador] PHP Deprecated:  fputcsv(): the $escape parameter must be provided as its default value will change in Command line code on line 9
[11-Jun-2026 23:55:55 America/El_Salvador] [sietelsa] {"ts":"2026-06-11T23:55:55-06:00","message":"Runtime warning","context":{"severity":8192,"message":"fputcsv(): the $escape parameter must be provided as its default value will change","file":"Command line code","line":9}}
[11-Jun-2026 23:55:55 America/El_Salvador] PHP Deprecated:  fputcsv(): the $escape parameter must be provided as its default value will change in Command line code on line 9
[11-Jun-2026 23:55:55 America/El_Salvador] [sietelsa] {"ts":"2026-06-11T23:55:55-06:00","message":"Runtime warning","context":{"severity":8192,"message":"fputcsv(): the $escape parameter must be provided as its default value will change","file":"Command line code","line":9}}
[11-Jun-2026 23:55:55 America/El_Salvador] PHP Deprecated:  fputcsv(): the $escape parameter must be provided as its default value will change in Command line code on line 9
[11-Jun-2026 23:55:55 America/El_Salvador] [sietelsa] {"ts":"2026-06-11T23:55:55-06:00","message":"Runtime warning","context":{"severity":8192,"message":"fputcsv(): the $escape parameter must be provided as its default value will change","file":"Command line code","line":9}}
[11-Jun-2026 23:55:55 America/El_Salvador] PHP Deprecated:  fputcsv(): the $escape parameter must be provided as its default value will change in Command line code on line 9
[11-Jun-2026 23:55:55 America/El_Salvador] [sietelsa] {"ts":"2026-06-11T23:55:55-06:00","message":"Runtime warning","context":{"severity":8192,"message":"fputcsv(): the $escape parameter must be provided as its default value will change","file":"Command line code","line":9}}
[11-Jun-2026 23:55:55 America/El_Salvador] PHP Deprecated:  fputcsv(): the $escape parameter must be provided as its default value will change in Command line code on line 9
[11-Jun-2026 23:55:55 America/El_Salvador] [sietelsa] {"ts":"2026-06-11T23:55:55-06:00","message":"Runtime warning","context":{"severity":8192,"message":"fputcsv(): the $escape parameter must be provided as its default value will change","file":"Command line code","line":9}}
[11-Jun-2026 23:55:55 America/El_Salvador] PHP Deprecated:  fputcsv(): the $escape parameter must be provided as its default value will change in Command line code on line 9
[11-Jun-2026 23:55:55 America/El_Salvador] [sietelsa] {"ts":"2026-06-11T23:55:55-06:00","message":"Runtime warning","context":{"severity":8192,"message":"fputcsv(): the $escape parameter must be provided as its default value will change","file":"Command line code","line":9}}
[11-Jun-2026 23:55:55 America/El_Salvador] PHP Deprecated:  fputcsv(): the $escape parameter must be provided as its default value will change in Command line code on line 9
[11-Jun-2026 23:55:55 America/El_Salvador] [sietelsa] {"ts":"2026-06-11T23:55:55-06:00","message":"Runtime warning","context":{"severity":8192,"message":"fputcsv(): the $escape parameter must be provided as its default value will change","file":"Command line code","line":9}}
[11-Jun-2026 23:55:55 America/El_Salvador] PHP Deprecated:  fputcsv(): the $escape parameter must be provided as its default value will change in Command line code on line 9
[11-Jun-2026 23:55:55 America/El_Salvador] [sietelsa] {"ts":"2026-06-11T23:55:55-06:00","message":"Runtime warning","context":{"severity":8192,"message":"fputcsv(): the $escape parameter must be provided as its default value will change","file":"Command line code","line":9}}
[11-Jun-2026 23:55:55 America/El_Salvador] PHP Deprecated:  fputcsv(): the $escape parameter must be provided as its default value will change in Command line code on line 9
[11-Jun-2026 23:55:55 America/El_Salvador] [sietelsa] {"ts":"2026-06-11T23:55:55-06:00","message":"Runtime warning","context":{"severity":8192,"message":"fputcsv(): the $escape parameter must be provided as its default value will change","file":"Command line code","line":9}}
[11-Jun-2026 23:55:55 America/El_Salvador] PHP Deprecated:  fputcsv(): the $escape parameter must be provided as its default value will change in Command line code on line 9
[11-Jun-2026 23:55:55 America/El_Salvador] [sietelsa] {"ts":"2026-06-11T23:55:55-06:00","message":"Runtime warning","context":{"severity":8192,"message":"fputcsv(): the $escape parameter must be provided as its default value will change","file":"Command line code","line":9}}
[11-Jun-2026 23:55:55 America/El_Salvador] PHP Deprecated:  fputcsv(): the $escape parameter must be provided as its default value will change in Command line code on line 9
[11-Jun-2026 23:55:55 America/El_Salvador] [sietelsa] {"ts":"2026-06-11T23:55:55-06:00","message":"Runtime warning","context":{"severity":8192,"message":"fputcsv(): the $escape parameter must be provided as its default value will change","file":"Command line code","line":9}}
[11-Jun-2026 23:55:55 America/El_Salvador] PHP Deprecated:  fputcsv(): the $escape parameter must be provided as its default value will change in Command line code on line 9
[11-Jun-2026 23:55:55 America/El_Salvador] [sietelsa] {"ts":"2026-06-11T23:55:55-06:00","message":"Runtime warning","context":{"severity":8192,"message":"fputcsv(): the $escape parameter must be provided as its default value will change","file":"Command line code","line":9}}
[11-Jun-2026 23:55:55 America/El_Salvador] PHP Deprecated:  fputcsv(): the $escape parameter must be provided as its default value will change in Command line code on line 9
[11-Jun-2026 23:55:55 America/El_Salvador] [sietelsa] {"ts":"2026-06-11T23:55:55-06:00","message":"Runtime warning","context":{"severity":8192,"message":"fputcsv(): the $escape parameter must be provided as its default value will change","file":"Command line code","line":9}}
[11-Jun-2026 23:55:55 America/El_Salvador] PHP Deprecated:  fputcsv(): the $escape parameter must be provided as its default value will change in Command line code on line 9
[11-Jun-2026 23:55:55 America/El_Salvador] [sietelsa] {"ts":"2026-06-11T23:55:55-06:00","message":"Runtime warning","context":{"severity":8192,"message":"fputcsv(): the $escape parameter must be provided as its default value will change","file":"Command line code","line":9}}
[11-Jun-2026 23:55:55 America/El_Salvador] PHP Deprecated:  fputcsv(): the $escape parameter must be provided as its default value will change in Command line code on line 9
[11-Jun-2026 23:55:55 America/El_Salvador] [sietelsa] {"ts":"2026-06-11T23:55:55-06:00","message":"Runtime warning","context":{"severity":8192,"message":"fputcsv(): the $escape parameter must be provided as its default value will change","file":"Command line code","line":9}}
[11-Jun-2026 23:55:55 America/El_Salvador] PHP Deprecated:  fputcsv(): the $escape parameter must be provided as its default value will change in Command line code on line 9
[11-Jun-2026 23:55:55 America/El_Salvador] [sietelsa] {"ts":"2026-06-11T23:55:55-06:00","message":"Runtime warning","context":{"severity":8192,"message":"fputcsv(): the $escape parameter must be provided as its default value will change","file":"Command line code","line":9}}
[11-Jun-2026 23:55:55 America/El_Salvador] PHP Deprecated:  fputcsv(): the $escape parameter must be provided as its default value will change in Command line code on line 9
[11-Jun-2026 23:55:55 America/El_Salvador] [sietelsa] {"ts":"2026-06-11T23:55:55-06:00","message":"Runtime warning","context":{"severity":8192,"message":"fputcsv(): the $escape parameter must be provided as its default value will change","file":"Command line code","line":9}}
[11-Jun-2026 23:55:55 America/El_Salvador] PHP Deprecated:  fputcsv(): the $escape parameter must be provided as its default value will change in Command line code on line 9
[11-Jun-2026 23:55:55 America/El_Salvador] [sietelsa] {"ts":"2026-06-11T23:55:55-06:00","message":"Runtime warning","context":{"severity":8192,"message":"fputcsv(): the $escape parameter must be provided as its default value will change","file":"Command line code","line":9}}
[11-Jun-2026 23:55:55 America/El_Salvador] PHP Deprecated:  fputcsv(): the $escape parameter must be provided as its default value will change in Command line code on line 9
[11-Jun-2026 23:55:55 America/El_Salvador] [sietelsa] {"ts":"2026-06-11T23:55:55-06:00","message":"Runtime warning","context":{"severity":8192,"message":"fputcsv(): the $escape parameter must be provided as its default value will change","file":"Command line code","line":9}}
[11-Jun-2026 23:55:55 America/El_Salvador] PHP Deprecated:  fputcsv(): the $escape parameter must be provided as its default value will change in Command line code on line 9
[11-Jun-2026 23:55:55 America/El_Salvador] [sietelsa] {"ts":"2026-06-11T23:55:55-06:00","message":"Runtime warning","context":{"severity":8192,"message":"fputcsv(): the $escape parameter must be provided as its default value will change","file":"Command line code","line":9}}
[11-Jun-2026 23:55:55 America/El_Salvador] PHP Deprecated:  fputcsv(): the $escape parameter must be provided as its default value will change in Command line code on line 9
[11-Jun-2026 23:55:55 America/El_Salvador] [sietelsa] {"ts":"2026-06-11T23:55:55-06:00","message":"Runtime warning","context":{"severity":8192,"message":"fputcsv(): the $escape parameter must be provided as its default value will change","file":"Command line code","line":9}}
[11-Jun-2026 23:55:55 America/El_Salvador] PHP Deprecated:  fputcsv(): the $escape parameter must be provided as its default value will change in Command line code on line 9
[11-Jun-2026 23:55:55 America/El_Salvador] [sietelsa] {"ts":"2026-06-11T23:55:55-06:00","message":"Runtime warning","context":{"severity":8192,"message":"fputcsv(): the $escape parameter must be provided as its default value will change","file":"Command line code","line":9}}
[11-Jun-2026 23:55:55 America/El_Salvador] PHP Deprecated:  fputcsv(): the $escape parameter must be provided as its default value will change in Command line code on line 9
[11-Jun-2026 23:55:55 America/El_Salvador] [sietelsa] {"ts":"2026-06-11T23:55:55-06:00","message":"Runtime warning","context":{"severity":8192,"message":"fputcsv(): the $escape parameter must be provided as its default value will change","file":"Command line code","line":9}}
[11-Jun-2026 23:55:55 America/El_Salvador] PHP Deprecated:  fputcsv(): the $escape parameter must be provided as its default value will change in Command line code on line 9
[11-Jun-2026 23:55:55 America/El_Salvador] [sietelsa] {"ts":"2026-06-11T23:55:55-06:00","message":"Runtime warning","context":{"severity":8192,"message":"fputcsv(): the $escape parameter must be provided as its default value will change","file":"Command line code","line":9}}
[11-Jun-2026 23:55:55 America/El_Salvador] PHP Deprecated:  fputcsv(): the $escape parameter must be provided as its default value will change in Command line code on line 9
[11-Jun-2026 23:55:55 America/El_Salvador] [sietelsa] {"ts":"2026-06-11T23:55:55-06:00","message":"Runtime warning","context":{"severity":8192,"message":"fputcsv(): the $escape parameter must be provided as its default value will change","file":"Command line code","line":9}}
[11-Jun-2026 23:55:55 America/El_Salvador] PHP Deprecated:  fputcsv(): the $escape parameter must be provided as its default value will change in Command line code on line 9
[11-Jun-2026 23:55:55 America/El_Salvador] [sietelsa] {"ts":"2026-06-11T23:55:55-06:00","message":"Runtime warning","context":{"severity":8192,"message":"fputcsv(): the $escape parameter must be provided as its default value will change","file":"Command line code","line":9}}
[11-Jun-2026 23:55:55 America/El_Salvador] PHP Deprecated:  fputcsv(): the $escape parameter must be provided as its default value will change in Command line code on line 9
[11-Jun-2026 23:55:55 America/El_Salvador] [sietelsa] {"ts":"2026-06-11T23:55:55-06:00","message":"Runtime warning","context":{"severity":8192,"message":"fputcsv(): the $escape parameter must be provided as its default value will change","file":"Command line code","line":9}}
[11-Jun-2026 23:55:55 America/El_Salvador] PHP Deprecated:  fputcsv(): the $escape parameter must be provided as its default value will change in Command line code on line 9
[11-Jun-2026 23:55:55 America/El_Salvador] [sietelsa] {"ts":"2026-06-11T23:55:55-06:00","message":"Runtime warning","context":{"severity":8192,"message":"fputcsv(): the $escape parameter must be provided as its default value will change","file":"Command line code","line":9}}
[11-Jun-2026 23:55:55 America/El_Salvador] PHP Deprecated:  fputcsv(): the $escape parameter must be provided as its default value will change in Command line code on line 9
[11-Jun-2026 23:55:55 America/El_Salvador] [sietelsa] {"ts":"2026-06-11T23:55:55-06:00","message":"Runtime warning","context":{"severity":8192,"message":"fputcsv(): the $escape parameter must be provided as its default value will change","file":"Command line code","line":9}}
[11-Jun-2026 23:55:55 America/El_Salvador] PHP Deprecated:  fputcsv(): the $escape parameter must be provided as its default value will change in Command line code on line 9
[11-Jun-2026 23:55:55 America/El_Salvador] [sietelsa] {"ts":"2026-06-11T23:55:55-06:00","message":"Runtime warning","context":{"severity":8192,"message":"fputcsv(): the $escape parameter must be provided as its default value will change","file":"Command line code","line":9}}
[11-Jun-2026 23:55:55 America/El_Salvador] PHP Deprecated:  fputcsv(): the $escape parameter must be provided as its default value will change in Command line code on line 9
[11-Jun-2026 23:55:55 America/El_Salvador] [sietelsa] {"ts":"2026-06-11T23:55:55-06:00","message":"Runtime warning","context":{"severity":8192,"message":"fputcsv(): the $escape parameter must be provided as its default value will change","file":"Command line code","line":9}}
[11-Jun-2026 23:55:55 America/El_Salvador] PHP Deprecated:  fputcsv(): the $escape parameter must be provided as its default value will change in Command line code on line 9
[11-Jun-2026 23:55:55 America/El_Salvador] [sietelsa] {"ts":"2026-06-11T23:55:55-06:00","message":"Runtime warning","context":{"severity":8192,"message":"fputcsv(): the $escape parameter must be provided as its default value will change","file":"Command line code","line":9}}
[11-Jun-2026 23:55:55 America/El_Salvador] PHP Deprecated:  fputcsv(): the $escape parameter must be provided as its default value will change in Command line code on line 9
[11-Jun-2026 23:55:55 America/El_Salvador] [sietelsa] {"ts":"2026-06-11T23:55:55-06:00","message":"Runtime warning","context":{"severity":8192,"message":"fputcsv(): the $escape parameter must be provided as its default value will change","file":"Command line code","line":9}}
[11-Jun-2026 23:55:55 America/El_Salvador] PHP Deprecated:  fputcsv(): the $escape parameter must be provided as its default value will change in Command line code on line 9
[11-Jun-2026 23:55:55 America/El_Salvador] [sietelsa] {"ts":"2026-06-11T23:55:55-06:00","message":"Runtime warning","context":{"severity":8192,"message":"fputcsv(): the $escape parameter must be provided as its default value will change","file":"Command line code","line":9}}
[11-Jun-2026 23:55:55 America/El_Salvador] PHP Deprecated:  fputcsv(): the $escape parameter must be provided as its default value will change in Command line code on line 9
[11-Jun-2026 23:55:55 America/El_Salvador] [sietelsa] {"ts":"2026-06-11T23:55:55-06:00","message":"Runtime warning","context":{"severity":8192,"message":"fputcsv(): the $escape parameter must be provided as its default value will change","file":"Command line code","line":9}}
[11-Jun-2026 23:55:55 America/El_Salvador] PHP Deprecated:  fputcsv(): the $escape parameter must be provided as its default value will change in Command line code on line 9
[11-Jun-2026 23:55:55 America/El_Salvador] [sietelsa] {"ts":"2026-06-11T23:55:55-06:00","message":"Runtime warning","context":{"severity":8192,"message":"fputcsv(): the $escape parameter must be provided as its default value will change","file":"Command line code","line":9}}
[11-Jun-2026 23:55:55 America/El_Salvador] PHP Deprecated:  fputcsv(): the $escape parameter must be provided as its default value will change in Command line code on line 9
[11-Jun-2026 23:55:55 America/El_Salvador] [sietelsa] {"ts":"2026-06-11T23:55:55-06:00","message":"Runtime warning","context":{"severity":8192,"message":"fputcsv(): the $escape parameter must be provided as its default value will change","file":"Command line code","line":9}}
[11-Jun-2026 23:55:55 America/El_Salvador] PHP Deprecated:  fputcsv(): the $escape parameter must be provided as its default value will change in Command line code on line 9
[11-Jun-2026 23:55:55 America/El_Salvador] [sietelsa] {"ts":"2026-06-11T23:55:55-06:00","message":"Runtime warning","context":{"severity":8192,"message":"fputcsv(): the $escape parameter must be provided as its default value will change","file":"Command line code","line":9}}
[11-Jun-2026 23:55:55 America/El_Salvador] PHP Deprecated:  fputcsv(): the $escape parameter must be provided as its default value will change in Command line code on line 9
[11-Jun-2026 23:55:55 America/El_Salvador] [sietelsa] {"ts":"2026-06-11T23:55:55-06:00","message":"Runtime warning","context":{"severity":8192,"message":"fputcsv(): the $escape parameter must be provided as its default value will change","file":"Command line code","line":9}}
[11-Jun-2026 23:55:55 America/El_Salvador] PHP Deprecated:  fputcsv(): the $escape parameter must be provided as its default value will change in Command line code on line 9
[11-Jun-2026 23:55:55 America/El_Salvador] [sietelsa] {"ts":"2026-06-11T23:55:55-06:00","message":"Runtime warning","context":{"severity":8192,"message":"fputcsv(): the $escape parameter must be provided as its default value will change","file":"Command line code","line":9}}
[11-Jun-2026 23:55:55 America/El_Salvador] PHP Deprecated:  fputcsv(): the $escape parameter must be provided as its default value will change in Command line code on line 9
[11-Jun-2026 23:55:55 America/El_Salvador] [sietelsa] {"ts":"2026-06-11T23:55:55-06:00","message":"Runtime warning","context":{"severity":8192,"message":"fputcsv(): the $escape parameter must be provided as its default value will change","file":"Command line code","line":9}}
[11-Jun-2026 23:55:55 America/El_Salvador] PHP Deprecated:  fputcsv(): the $escape parameter must be provided as its default value will change in Command line code on line 9
[11-Jun-2026 23:55:55 America/El_Salvador] [sietelsa] {"ts":"2026-06-11T23:55:55-06:00","message":"Runtime warning","context":{"severity":8192,"message":"fputcsv(): the $escape parameter must be provided as its default value will change","file":"Command line code","line":9}}
[11-Jun-2026 23:55:55 America/El_Salvador] PHP Deprecated:  fputcsv(): the $escape parameter must be provided as its default value will change in Command line code on line 9
[11-Jun-2026 23:55:55 America/El_Salvador] [sietelsa] {"ts":"2026-06-11T23:55:55-06:00","message":"Runtime warning","context":{"severity":8192,"message":"fputcsv(): the $escape parameter must be provided as its default value will change","file":"Command line code","line":9}}
[11-Jun-2026 23:55:55 America/El_Salvador] PHP Deprecated:  fputcsv(): the $escape parameter must be provided as its default value will change in Command line code on line 9
[11-Jun-2026 23:55:55 America/El_Salvador] [sietelsa] {"ts":"2026-06-11T23:55:55-06:00","message":"Runtime warning","context":{"severity":8192,"message":"fputcsv(): the $escape parameter must be provided as its default value will change","file":"Command line code","line":9}}
[11-Jun-2026 23:55:55 America/El_Salvador] PHP Deprecated:  fputcsv(): the $escape parameter must be provided as its default value will change in Command line code on line 9
[11-Jun-2026 23:55:55 America/El_Salvador] [sietelsa] {"ts":"2026-06-11T23:55:55-06:00","message":"Runtime warning","context":{"severity":8192,"message":"fputcsv(): the $escape parameter must be provided as its default value will change","file":"Command line code","line":9}}
[11-Jun-2026 23:55:55 America/El_Salvador] PHP Deprecated:  fputcsv(): the $escape parameter must be provided as its default value will change in Command line code on line 9
[11-Jun-2026 23:55:55 America/El_Salvador] [sietelsa] {"ts":"2026-06-11T23:55:55-06:00","message":"Runtime warning","context":{"severity":8192,"message":"fputcsv(): the $escape parameter must be provided as its default value will change","file":"Command line code","line":9}}
[11-Jun-2026 23:55:55 America/El_Salvador] PHP Deprecated:  fputcsv(): the $escape parameter must be provided as its default value will change in Command line code on line 9
[11-Jun-2026 23:55:55 America/El_Salvador] [sietelsa] {"ts":"2026-06-11T23:55:55-06:00","message":"Runtime warning","context":{"severity":8192,"message":"fputcsv(): the $escape parameter must be provided as its default value will change","file":"Command line code","line":9}}
[11-Jun-2026 23:55:55 America/El_Salvador] PHP Deprecated:  fputcsv(): the $escape parameter must be provided as its default value will change in Command line code on line 9
[11-Jun-2026 23:55:55 America/El_Salvador] [sietelsa] {"ts":"2026-06-11T23:55:55-06:00","message":"Runtime warning","context":{"severity":8192,"message":"fputcsv(): the $escape parameter must be provided as its default value will change","file":"Command line code","line":9}}
[11-Jun-2026 23:55:55 America/El_Salvador] PHP Deprecated:  fputcsv(): the $escape parameter must be provided as its default value will change in Command line code on line 9
[11-Jun-2026 23:55:55 America/El_Salvador] [sietelsa] {"ts":"2026-06-11T23:55:55-06:00","message":"Runtime warning","context":{"severity":8192,"message":"fputcsv(): the $escape parameter must be provided as its default value will change","file":"Command line code","line":9}}
[11-Jun-2026 23:55:55 America/El_Salvador] PHP Deprecated:  fputcsv(): the $escape parameter must be provided as its default value will change in Command line code on line 9
[11-Jun-2026 23:55:55 America/El_Salvador] [sietelsa] {"ts":"2026-06-11T23:55:55-06:00","message":"Runtime warning","context":{"severity":8192,"message":"fputcsv(): the $escape parameter must be provided as its default value will change","file":"Command line code","line":9}}
[11-Jun-2026 23:55:55 America/El_Salvador] PHP Deprecated:  fputcsv(): the $escape parameter must be provided as its default value will change in Command line code on line 9
[11-Jun-2026 23:55:55 America/El_Salvador] [sietelsa] {"ts":"2026-06-11T23:55:55-06:00","message":"Runtime warning","context":{"severity":8192,"message":"fputcsv(): the $escape parameter must be provided as its default value will change","file":"Command line code","line":9}}
[11-Jun-2026 23:55:55 America/El_Salvador] PHP Deprecated:  fputcsv(): the $escape parameter must be provided as its default value will change in Command line code on line 9
[11-Jun-2026 23:55:55 America/El_Salvador] [sietelsa] {"ts":"2026-06-11T23:55:55-06:00","message":"Runtime warning","context":{"severity":8192,"message":"fputcsv(): the $escape parameter must be provided as its default value will change","file":"Command line code","line":9}}
[11-Jun-2026 23:55:55 America/El_Salvador] PHP Deprecated:  fputcsv(): the $escape parameter must be provided as its default value will change in Command line code on line 9
[11-Jun-2026 23:55:55 America/El_Salvador] [sietelsa] {"ts":"2026-06-11T23:55:55-06:00","message":"Runtime warning","context":{"severity":8192,"message":"fputcsv(): the $escape parameter must be provided as its default value will change","file":"Command line code","line":9}}
[11-Jun-2026 23:55:55 America/El_Salvador] PHP Deprecated:  fputcsv(): the $escape parameter must be provided as its default value will change in Command line code on line 9
[11-Jun-2026 23:55:55 America/El_Salvador] [sietelsa] {"ts":"2026-06-11T23:55:55-06:00","message":"Runtime warning","context":{"severity":8192,"message":"fputcsv(): the $escape parameter must be provided as its default value will change","file":"Command line code","line":9}}
[11-Jun-2026 23:55:55 America/El_Salvador] PHP Deprecated:  fputcsv(): the $escape parameter must be provided as its default value will change in Command line code on line 9
[11-Jun-2026 23:55:55 America/El_Salvador] [sietelsa] {"ts":"2026-06-11T23:55:55-06:00","message":"Runtime warning","context":{"severity":8192,"message":"fputcsv(): the $escape parameter must be provided as its default value will change","file":"Command line code","line":9}}
[11-Jun-2026 23:55:55 America/El_Salvador] PHP Deprecated:  fputcsv(): the $escape parameter must be provided as its default value will change in Command line code on line 9
[11-Jun-2026 23:55:55 America/El_Salvador] [sietelsa] {"ts":"2026-06-11T23:55:55-06:00","message":"Runtime warning","context":{"severity":8192,"message":"fputcsv(): the $escape parameter must be provided as its default value will change","file":"Command line code","line":9}}
[11-Jun-2026 23:55:55 America/El_Salvador] PHP Deprecated:  fputcsv(): the $escape parameter must be provided as its default value will change in Command line code on line 9
[11-Jun-2026 23:55:55 America/El_Salvador] [sietelsa] {"ts":"2026-06-11T23:55:55-06:00","message":"Runtime warning","context":{"severity":8192,"message":"fputcsv(): the $escape parameter must be provided as its default value will change","file":"Command line code","line":9}}
[11-Jun-2026 23:55:55 America/El_Salvador] PHP Deprecated:  fputcsv(): the $escape parameter must be provided as its default value will change in Command line code on line 9
[11-Jun-2026 23:55:55 America/El_Salvador] [sietelsa] {"ts":"2026-06-11T23:55:55-06:00","message":"Runtime warning","context":{"severity":8192,"message":"fputcsv(): the $escape parameter must be provided as its default value will change","file":"Command line code","line":9}}
[11-Jun-2026 23:55:55 America/El_Salvador] PHP Deprecated:  fputcsv(): the $escape parameter must be provided as its default value will change in Command line code on line 9
[11-Jun-2026 23:55:55 America/El_Salvador] [sietelsa] {"ts":"2026-06-11T23:55:55-06:00","message":"Runtime warning","context":{"severity":8192,"message":"fputcsv(): the $escape parameter must be provided as its default value will change","file":"Command line code","line":9}}
[11-Jun-2026 23:55:55 America/El_Salvador] PHP Deprecated:  fputcsv(): the $escape parameter must be provided as its default value will change in Command line code on line 9
[11-Jun-2026 23:55:55 America/El_Salvador] [sietelsa] {"ts":"2026-06-11T23:55:55-06:00","message":"Runtime warning","context":{"severity":8192,"message":"fputcsv(): the $escape parameter must be provided as its default value will change","file":"Command line code","line":9}}
[11-Jun-2026 23:55:55 America/El_Salvador] PHP Deprecated:  fputcsv(): the $escape parameter must be provided as its default value will change in Command line code on line 9
[11-Jun-2026 23:55:55 America/El_Salvador] [sietelsa] {"ts":"2026-06-11T23:55:55-06:00","message":"Runtime warning","context":{"severity":8192,"message":"fputcsv(): the $escape parameter must be provided as its default value will change","file":"Command line code","line":9}}
[11-Jun-2026 23:55:55 America/El_Salvador] PHP Deprecated:  fputcsv(): the $escape parameter must be provided as its default value will change in Command line code on line 9
[11-Jun-2026 23:55:55 America/El_Salvador] [sietelsa] {"ts":"2026-06-11T23:55:55-06:00","message":"Runtime warning","context":{"severity":8192,"message":"fputcsv(): the $escape parameter must be provided as its default value will change","file":"Command line code","line":9}}
[11-Jun-2026 23:55:55 America/El_Salvador] PHP Deprecated:  fputcsv(): the $escape parameter must be provided as its default value will change in Command line code on line 9
[11-Jun-2026 23:55:55 America/El_Salvador] [sietelsa] {"ts":"2026-06-11T23:55:55-06:00","message":"Runtime warning","context":{"severity":8192,"message":"fputcsv(): the $escape parameter must be provided as its default value will change","file":"Command line code","line":9}}
[11-Jun-2026 23:55:55 America/El_Salvador] PHP Deprecated:  fputcsv(): the $escape parameter must be provided as its default value will change in Command line code on line 9
[11-Jun-2026 23:55:55 America/El_Salvador] [sietelsa] {"ts":"2026-06-11T23:55:55-06:00","message":"Runtime warning","context":{"severity":8192,"message":"fputcsv(): the $escape parameter must be provided as its default value will change","file":"Command line code","line":9}}
[11-Jun-2026 23:55:55 America/El_Salvador] PHP Deprecated:  fputcsv(): the $escape parameter must be provided as its default value will change in Command line code on line 9
[11-Jun-2026 23:55:55 America/El_Salvador] [sietelsa] {"ts":"2026-06-11T23:55:55-06:00","message":"Runtime warning","context":{"severity":8192,"message":"fputcsv(): the $escape parameter must be provided as its default value will change","file":"Command line code","line":9}}
[11-Jun-2026 23:55:55 America/El_Salvador] PHP Deprecated:  fputcsv(): the $escape parameter must be provided as its default value will change in Command line code on line 9
[11-Jun-2026 23:55:55 America/El_Salvador] [sietelsa] {"ts":"2026-06-11T23:55:55-06:00","message":"Runtime warning","context":{"severity":8192,"message":"fputcsv(): the $escape parameter must be provided as its default value will change","file":"Command line code","line":9}}
[11-Jun-2026 23:55:55 America/El_Salvador] PHP Deprecated:  fputcsv(): the $escape parameter must be provided as its default value will change in Command line code on line 9
[11-Jun-2026 23:55:55 America/El_Salvador] [sietelsa] {"ts":"2026-06-11T23:55:55-06:00","message":"Runtime warning","context":{"severity":8192,"message":"fputcsv(): the $escape parameter must be provided as its default value will change","file":"Command line code","line":9}}
[11-Jun-2026 23:55:55 America/El_Salvador] PHP Deprecated:  fputcsv(): the $escape parameter must be provided as its default value will change in Command line code on line 9
[11-Jun-2026 23:55:55 America/El_Salvador] [sietelsa] {"ts":"2026-06-11T23:55:55-06:00","message":"Runtime warning","context":{"severity":8192,"message":"fputcsv(): the $escape parameter must be provided as its default value will change","file":"Command line code","line":9}}
[11-Jun-2026 23:55:55 America/El_Salvador] PHP Deprecated:  fputcsv(): the $escape parameter must be provided as its default value will change in Command line code on line 9
[11-Jun-2026 23:55:55 America/El_Salvador] [sietelsa] {"ts":"2026-06-11T23:55:55-06:00","message":"Runtime warning","context":{"severity":8192,"message":"fputcsv(): the $escape parameter must be provided as its default value will change","file":"Command line code","line":9}}
[11-Jun-2026 23:55:55 America/El_Salvador] PHP Deprecated:  fputcsv(): the $escape parameter must be provided as its default value will change in Command line code on line 9
[11-Jun-2026 23:55:55 America/El_Salvador] [sietelsa] {"ts":"2026-06-11T23:55:55-06:00","message":"Runtime warning","context":{"severity":8192,"message":"fputcsv(): the $escape parameter must be provided as its default value will change","file":"Command line code","line":9}}
[11-Jun-2026 23:55:55 America/El_Salvador] PHP Deprecated:  fputcsv(): the $escape parameter must be provided as its default value will change in Command line code on line 9
[11-Jun-2026 23:55:55 America/El_Salvador] [sietelsa] {"ts":"2026-06-11T23:55:55-06:00","message":"Runtime warning","context":{"severity":8192,"message":"fputcsv(): the $escape parameter must be provided as its default value will change","file":"Command line code","line":9}}
[11-Jun-2026 23:55:55 America/El_Salvador] PHP Deprecated:  fputcsv(): the $escape parameter must be provided as its default value will change in Command line code on line 9
[11-Jun-2026 23:55:55 America/El_Salvador] [sietelsa] {"ts":"2026-06-11T23:55:55-06:00","message":"Runtime warning","context":{"severity":8192,"message":"fputcsv(): the $escape parameter must be provided as its default value will change","file":"Command line code","line":9}}
[11-Jun-2026 23:55:55 America/El_Salvador] PHP Deprecated:  fputcsv(): the $escape parameter must be provided as its default value will change in Command line code on line 9
[11-Jun-2026 23:55:55 America/El_Salvador] [sietelsa] {"ts":"2026-06-11T23:55:55-06:00","message":"Runtime warning","context":{"severity":8192,"message":"fputcsv(): the $escape parameter must be provided as its default value will change","file":"Command line code","line":9}}
[11-Jun-2026 23:55:55 America/El_Salvador] PHP Deprecated:  fputcsv(): the $escape parameter must be provided as its default value will change in Command line code on line 9
[11-Jun-2026 23:55:55 America/El_Salvador] [sietelsa] {"ts":"2026-06-11T23:55:55-06:00","message":"Runtime warning","context":{"severity":8192,"message":"fputcsv(): the $escape parameter must be provided as its default value will change","file":"Command line code","line":9}}
[11-Jun-2026 23:55:55 America/El_Salvador] PHP Deprecated:  fputcsv(): the $escape parameter must be provided as its default value will change in Command line code on line 9
[11-Jun-2026 23:55:55 America/El_Salvador] [sietelsa] {"ts":"2026-06-11T23:55:55-06:00","message":"Runtime warning","context":{"severity":8192,"message":"fputcsv(): the $escape parameter must be provided as its default value will change","file":"Command line code","line":9}}
[11-Jun-2026 23:55:55 America/El_Salvador] PHP Deprecated:  fputcsv(): the $escape parameter must be provided as its default value will change in Command line code on line 9
[11-Jun-2026 23:55:55 America/El_Salvador] [sietelsa] {"ts":"2026-06-11T23:55:55-06:00","message":"Runtime warning","context":{"severity":8192,"message":"fputcsv(): the $escape parameter must be provided as its default value will change","file":"Command line code","line":9}}
[11-Jun-2026 23:55:55 America/El_Salvador] PHP Deprecated:  fputcsv(): the $escape parameter must be provided as its default value will change in Command line code on line 9
[11-Jun-2026 23:55:55 America/El_Salvador] [sietelsa] {"ts":"2026-06-11T23:55:55-06:00","message":"Runtime warning","context":{"severity":8192,"message":"fputcsv(): the $escape parameter must be provided as its default value will change","file":"Command line code","line":9}}
[11-Jun-2026 23:55:55 America/El_Salvador] PHP Deprecated:  fputcsv(): the $escape parameter must be provided as its default value will change in Command line code on line 9
[11-Jun-2026 23:55:55 America/El_Salvador] [sietelsa] {"ts":"2026-06-11T23:55:55-06:00","message":"Runtime warning","context":{"severity":8192,"message":"fputcsv(): the $escape parameter must be provided as its default value will change","file":"Command line code","line":9}}
[11-Jun-2026 23:55:55 America/El_Salvador] PHP Deprecated:  fputcsv(): the $escape parameter must be provided as its default value will change in Command line code on line 9
[11-Jun-2026 23:55:55 America/El_Salvador] [sietelsa] {"ts":"2026-06-11T23:55:55-06:00","message":"Runtime warning","context":{"severity":8192,"message":"fputcsv(): the $escape parameter must be provided as its default value will change","file":"Command line code","line":9}}
[11-Jun-2026 23:55:55 America/El_Salvador] PHP Deprecated:  fputcsv(): the $escape parameter must be provided as its default value will change in Command line code on line 9
[11-Jun-2026 23:55:55 America/El_Salvador] [sietelsa] {"ts":"2026-06-11T23:55:55-06:00","message":"Runtime warning","context":{"severity":8192,"message":"fputcsv(): the $escape parameter must be provided as its default value will change","file":"Command line code","line":9}}
[11-Jun-2026 23:55:55 America/El_Salvador] PHP Deprecated:  fputcsv(): the $escape parameter must be provided as its default value will change in Command line code on line 9
[11-Jun-2026 23:55:55 America/El_Salvador] [sietelsa] {"ts":"2026-06-11T23:55:55-06:00","message":"Runtime warning","context":{"severity":8192,"message":"fputcsv(): the $escape parameter must be provided as its default value will change","file":"Command line code","line":9}}
[11-Jun-2026 23:55:55 America/El_Salvador] PHP Deprecated:  fputcsv(): the $escape parameter must be provided as its default value will change in Command line code on line 9
[11-Jun-2026 23:55:55 America/El_Salvador] [sietelsa] {"ts":"2026-06-11T23:55:55-06:00","message":"Runtime warning","context":{"severity":8192,"message":"fputcsv(): the $escape parameter must be provided as its default value will change","file":"Command line code","line":9}}
[11-Jun-2026 23:55:55 America/El_Salvador] PHP Deprecated:  fputcsv(): the $escape parameter must be provided as its default value will change in Command line code on line 9
[11-Jun-2026 23:55:55 America/El_Salvador] [sietelsa] {"ts":"2026-06-11T23:55:55-06:00","message":"Runtime warning","context":{"severity":8192,"message":"fputcsv(): the $escape parameter must be provided as its default value will change","file":"Command line code","line":9}}
[11-Jun-2026 23:55:55 America/El_Salvador] PHP Deprecated:  fputcsv(): the $escape parameter must be provided as its default value will change in Command line code on line 9
[11-Jun-2026 23:55:55 America/El_Salvador] [sietelsa] {"ts":"2026-06-11T23:55:55-06:00","message":"Runtime warning","context":{"severity":8192,"message":"fputcsv(): the $escape parameter must be provided as its default value will change","file":"Command line code","line":9}}
[11-Jun-2026 23:55:55 America/El_Salvador] PHP Deprecated:  fputcsv(): the $escape parameter must be provided as its default value will change in Command line code on line 9
[11-Jun-2026 23:55:55 America/El_Salvador] [sietelsa] {"ts":"2026-06-11T23:55:55-06:00","message":"Runtime warning","context":{"severity":8192,"message":"fputcsv(): the $escape parameter must be provided as its default value will change","file":"Command line code","line":9}}
[11-Jun-2026 23:55:55 America/El_Salvador] PHP Deprecated:  fputcsv(): the $escape parameter must be provided as its default value will change in Command line code on line 9
[11-Jun-2026 23:55:55 America/El_Salvador] [sietelsa] {"ts":"2026-06-11T23:55:55-06:00","message":"Runtime warning","context":{"severity":8192,"message":"fputcsv(): the $escape parameter must be provided as its default value will change","file":"Command line code","line":9}}
[11-Jun-2026 23:55:55 America/El_Salvador] PHP Deprecated:  fputcsv(): the $escape parameter must be provided as its default value will change in Command line code on line 9
[11-Jun-2026 23:55:55 America/El_Salvador] [sietelsa] {"ts":"2026-06-11T23:55:55-06:00","message":"Runtime warning","context":{"severity":8192,"message":"fputcsv(): the $escape parameter must be provided as its default value will change","file":"Command line code","line":9}}
[11-Jun-2026 23:55:55 America/El_Salvador] PHP Deprecated:  fputcsv(): the $escape parameter must be provided as its default value will change in Command line code on line 9
[11-Jun-2026 23:55:55 America/El_Salvador] [sietelsa] {"ts":"2026-06-11T23:55:55-06:00","message":"Runtime warning","context":{"severity":8192,"message":"fputcsv(): the $escape parameter must be provided as its default value will change","file":"Command line code","line":9}}
[11-Jun-2026 23:55:55 America/El_Salvador] PHP Deprecated:  fputcsv(): the $escape parameter must be provided as its default value will change in Command line code on line 9
[11-Jun-2026 23:55:55 America/El_Salvador] [sietelsa] {"ts":"2026-06-11T23:55:55-06:00","message":"Runtime warning","context":{"severity":8192,"message":"fputcsv(): the $escape parameter must be provided as its default value will change","file":"Command line code","line":9}}
[11-Jun-2026 23:55:55 America/El_Salvador] PHP Deprecated:  fputcsv(): the $escape parameter must be provided as its default value will change in Command line code on line 9
[11-Jun-2026 23:55:55 America/El_Salvador] [sietelsa] {"ts":"2026-06-11T23:55:55-06:00","message":"Runtime warning","context":{"severity":8192,"message":"fputcsv(): the $escape parameter must be provided as its default value will change","file":"Command line code","line":9}}
[11-Jun-2026 23:55:55 America/El_Salvador] PHP Deprecated:  fputcsv(): the $escape parameter must be provided as its default value will change in Command line code on line 9
[11-Jun-2026 23:55:55 America/El_Salvador] [sietelsa] {"ts":"2026-06-11T23:55:55-06:00","message":"Runtime warning","context":{"severity":8192,"message":"fputcsv(): the $escape parameter must be provided as its default value will change","file":"Command line code","line":9}}
[11-Jun-2026 23:55:55 America/El_Salvador] PHP Deprecated:  fputcsv(): the $escape parameter must be provided as its default value will change in Command line code on line 9
[11-Jun-2026 23:55:55 America/El_Salvador] [sietelsa] {"ts":"2026-06-11T23:55:55-06:00","message":"Runtime warning","context":{"severity":8192,"message":"fputcsv(): the $escape parameter must be provided as its default value will change","file":"Command line code","line":9}}
[11-Jun-2026 23:55:55 America/El_Salvador] PHP Deprecated:  fputcsv(): the $escape parameter must be provided as its default value will change in Command line code on line 9
[11-Jun-2026 23:55:55 America/El_Salvador] [sietelsa] {"ts":"2026-06-11T23:55:55-06:00","message":"Runtime warning","context":{"severity":8192,"message":"fputcsv(): the $escape parameter must be provided as its default value will change","file":"Command line code","line":9}}
[11-Jun-2026 23:55:55 America/El_Salvador] PHP Deprecated:  fputcsv(): the $escape parameter must be provided as its default value will change in Command line code on line 9
[11-Jun-2026 23:55:55 America/El_Salvador] [sietelsa] {"ts":"2026-06-11T23:55:55-06:00","message":"Runtime warning","context":{"severity":8192,"message":"fputcsv(): the $escape parameter must be provided as its default value will change","file":"Command line code","line":9}}
[11-Jun-2026 23:55:55 America/El_Salvador] PHP Deprecated:  fputcsv(): the $escape parameter must be provided as its default value will change in Command line code on line 9
[11-Jun-2026 23:55:55 America/El_Salvador] [sietelsa] {"ts":"2026-06-11T23:55:55-06:00","message":"Runtime warning","context":{"severity":8192,"message":"fputcsv(): the $escape parameter must be provided as its default value will change","file":"Command line code","line":9}}
[11-Jun-2026 23:55:55 America/El_Salvador] PHP Deprecated:  fputcsv(): the $escape parameter must be provided as its default value will change in Command line code on line 9
[11-Jun-2026 23:55:55 America/El_Salvador] [sietelsa] {"ts":"2026-06-11T23:55:55-06:00","message":"Runtime warning","context":{"severity":8192,"message":"fputcsv(): the $escape parameter must be provided as its default value will change","file":"Command line code","line":9}}
[11-Jun-2026 23:55:55 America/El_Salvador] PHP Deprecated:  fputcsv(): the $escape parameter must be provided as its default value will change in Command line code on line 9
[11-Jun-2026 23:55:55 America/El_Salvador] [sietelsa] {"ts":"2026-06-11T23:55:55-06:00","message":"Runtime warning","context":{"severity":8192,"message":"fputcsv(): the $escape parameter must be provided as its default value will change","file":"Command line code","line":9}}
[11-Jun-2026 23:55:55 America/El_Salvador] PHP Deprecated:  fputcsv(): the $escape parameter must be provided as its default value will change in Command line code on line 9
[11-Jun-2026 23:55:55 America/El_Salvador] [sietelsa] {"ts":"2026-06-11T23:55:55-06:00","message":"Runtime warning","context":{"severity":8192,"message":"fputcsv(): the $escape parameter must be provided as its default value will change","file":"Command line code","line":9}}
[11-Jun-2026 23:55:55 America/El_Salvador] PHP Deprecated:  fputcsv(): the $escape parameter must be provided as its default value will change in Command line code on line 9
[11-Jun-2026 23:55:55 America/El_Salvador] [sietelsa] {"ts":"2026-06-11T23:55:55-06:00","message":"Runtime warning","context":{"severity":8192,"message":"fputcsv(): the $escape parameter must be provided as its default value will change","file":"Command line code","line":9}}
[11-Jun-2026 23:55:55 America/El_Salvador] PHP Deprecated:  fputcsv(): the $escape parameter must be provided as its default value will change in Command line code on line 9
[11-Jun-2026 23:55:55 America/El_Salvador] [sietelsa] {"ts":"2026-06-11T23:55:55-06:00","message":"Runtime warning","context":{"severity":8192,"message":"fputcsv(): the $escape parameter must be provided as its default value will change","file":"Command line code","line":9}}
[11-Jun-2026 23:55:55 America/El_Salvador] PHP Deprecated:  fputcsv(): the $escape parameter must be provided as its default value will change in Command line code on line 9
[11-Jun-2026 23:55:55 America/El_Salvador] [sietelsa] {"ts":"2026-06-11T23:55:55-06:00","message":"Runtime warning","context":{"severity":8192,"message":"fputcsv(): the $escape parameter must be provided as its default value will change","file":"Command line code","line":9}}
[11-Jun-2026 23:55:55 America/El_Salvador] PHP Deprecated:  fputcsv(): the $escape parameter must be provided as its default value will change in Command line code on line 9
[11-Jun-2026 23:55:55 America/El_Salvador] [sietelsa] {"ts":"2026-06-11T23:55:55-06:00","message":"Runtime warning","context":{"severity":8192,"message":"fputcsv(): the $escape parameter must be provided as its default value will change","file":"Command line code","line":9}}
[11-Jun-2026 23:55:55 America/El_Salvador] PHP Deprecated:  fputcsv(): the $escape parameter must be provided as its default value will change in Command line code on line 9
[11-Jun-2026 23:55:55 America/El_Salvador] [sietelsa] {"ts":"2026-06-11T23:55:55-06:00","message":"Runtime warning","context":{"severity":8192,"message":"fputcsv(): the $escape parameter must be provided as its default value will change","file":"Command line code","line":9}}
[11-Jun-2026 23:55:55 America/El_Salvador] PHP Deprecated:  fputcsv(): the $escape parameter must be provided as its default value will change in Command line code on line 9
[11-Jun-2026 23:55:55 America/El_Salvador] [sietelsa] {"ts":"2026-06-11T23:55:55-06:00","message":"Runtime warning","context":{"severity":8192,"message":"fputcsv(): the $escape parameter must be provided as its default value will change","file":"Command line code","line":9}}
[11-Jun-2026 23:55:55 America/El_Salvador] PHP Deprecated:  fputcsv(): the $escape parameter must be provided as its default value will change in Command line code on line 9
[11-Jun-2026 23:55:55 America/El_Salvador] [sietelsa] {"ts":"2026-06-11T23:55:55-06:00","message":"Runtime warning","context":{"severity":8192,"message":"fputcsv(): the $escape parameter must be provided as its default value will change","file":"Command line code","line":9}}
[11-Jun-2026 23:55:55 America/El_Salvador] PHP Deprecated:  fputcsv(): the $escape parameter must be provided as its default value will change in Command line code on line 9
[11-Jun-2026 23:55:55 America/El_Salvador] [sietelsa] {"ts":"2026-06-11T23:55:55-06:00","message":"Runtime warning","context":{"severity":8192,"message":"fputcsv(): the $escape parameter must be provided as its default value will change","file":"Command line code","line":9}}
[11-Jun-2026 23:55:55 America/El_Salvador] PHP Deprecated:  fputcsv(): the $escape parameter must be provided as its default value will change in Command line code on line 9
[11-Jun-2026 23:55:55 America/El_Salvador] [sietelsa] {"ts":"2026-06-11T23:55:55-06:00","message":"Runtime warning","context":{"severity":8192,"message":"fputcsv(): the $escape parameter must be provided as its default value will change","file":"Command line code","line":9}}
[11-Jun-2026 23:55:55 America/El_Salvador] PHP Deprecated:  fputcsv(): the $escape parameter must be provided as its default value will change in Command line code on line 9
[11-Jun-2026 23:55:55 America/El_Salvador] [sietelsa] {"ts":"2026-06-11T23:55:55-06:00","message":"Runtime warning","context":{"severity":8192,"message":"fputcsv(): the $escape parameter must be provided as its default value will change","file":"Command line code","line":9}}
[11-Jun-2026 23:55:55 America/El_Salvador] PHP Deprecated:  fputcsv(): the $escape parameter must be provided as its default value will change in Command line code on line 9
[11-Jun-2026 23:55:55 America/El_Salvador] [sietelsa] {"ts":"2026-06-11T23:55:55-06:00","message":"Runtime warning","context":{"severity":8192,"message":"fputcsv(): the $escape parameter must be provided as its default value will change","file":"Command line code","line":9}}
[11-Jun-2026 23:55:55 America/El_Salvador] PHP Deprecated:  fputcsv(): the $escape parameter must be provided as its default value will change in Command line code on line 9
[11-Jun-2026 23:55:55 America/El_Salvador] [sietelsa] {"ts":"2026-06-11T23:55:55-06:00","message":"Runtime warning","context":{"severity":8192,"message":"fputcsv(): the $escape parameter must be provided as its default value will change","file":"Command line code","line":9}}
[11-Jun-2026 23:55:55 America/El_Salvador] PHP Deprecated:  fputcsv(): the $escape parameter must be provided as its default value will change in Command line code on line 9
[11-Jun-2026 23:55:55 America/El_Salvador] [sietelsa] {"ts":"2026-06-11T23:55:55-06:00","message":"Runtime warning","context":{"severity":8192,"message":"fputcsv(): the $escape parameter must be provided as its default value will change","file":"Command line code","line":9}}
[11-Jun-2026 23:55:55 America/El_Salvador] PHP Deprecated:  fputcsv(): the $escape parameter must be provided as its default value will change in Command line code on line 9
[11-Jun-2026 23:55:55 America/El_Salvador] [sietelsa] {"ts":"2026-06-11T23:55:55-06:00","message":"Runtime warning","context":{"severity":8192,"message":"fputcsv(): the $escape parameter must be provided as its default value will change","file":"Command line code","line":9}}
[11-Jun-2026 23:55:55 America/El_Salvador] PHP Deprecated:  fputcsv(): the $escape parameter must be provided as its default value will change in Command line code on line 9
[11-Jun-2026 23:55:55 America/El_Salvador] [sietelsa] {"ts":"2026-06-11T23:55:55-06:00","message":"Runtime warning","context":{"severity":8192,"message":"fputcsv(): the $escape parameter must be provided as its default value will change","file":"Command line code","line":9}}
[11-Jun-2026 23:55:55 America/El_Salvador] PHP Deprecated:  fputcsv(): the $escape parameter must be provided as its default value will change in Command line code on line 9
[11-Jun-2026 23:55:55 America/El_Salvador] [sietelsa] {"ts":"2026-06-11T23:55:55-06:00","message":"Runtime warning","context":{"severity":8192,"message":"fputcsv(): the $escape parameter must be provided as its default value will change","file":"Command line code","line":9}}
[11-Jun-2026 23:55:55 America/El_Salvador] PHP Deprecated:  fputcsv(): the $escape parameter must be provided as its default value will change in Command line code on line 9
[11-Jun-2026 23:55:55 America/El_Salvador] [sietelsa] {"ts":"2026-06-11T23:55:55-06:00","message":"Runtime warning","context":{"severity":8192,"message":"fputcsv(): the $escape parameter must be provided as its default value will change","file":"Command line code","line":9}}
[11-Jun-2026 23:55:55 America/El_Salvador] PHP Deprecated:  fputcsv(): the $escape parameter must be provided as its default value will change in Command line code on line 9
[11-Jun-2026 23:55:55 America/El_Salvador] [sietelsa] {"ts":"2026-06-11T23:55:55-06:00","message":"Runtime warning","context":{"severity":8192,"message":"fputcsv(): the $escape parameter must be provided as its default value will change","file":"Command line code","line":9}}
[11-Jun-2026 23:55:55 America/El_Salvador] PHP Deprecated:  fputcsv(): the $escape parameter must be provided as its default value will change in Command line code on line 9
[11-Jun-2026 23:55:55 America/El_Salvador] [sietelsa] {"ts":"2026-06-11T23:55:55-06:00","message":"Runtime warning","context":{"severity":8192,"message":"fputcsv(): the $escape parameter must be provided as its default value will change","file":"Command line code","line":9}}
[11-Jun-2026 23:55:55 America/El_Salvador] PHP Deprecated:  fputcsv(): the $escape parameter must be provided as its default value will change in Command line code on line 9
[11-Jun-2026 23:55:55 America/El_Salvador] [sietelsa] {"ts":"2026-06-11T23:55:55-06:00","message":"Runtime warning","context":{"severity":8192,"message":"fputcsv(): the $escape parameter must be provided as its default value will change","file":"Command line code","line":9}}
[11-Jun-2026 23:55:55 America/El_Salvador] PHP Deprecated:  fputcsv(): the $escape parameter must be provided as its default value will change in Command line code on line 9
[11-Jun-2026 23:55:55 America/El_Salvador] [sietelsa] {"ts":"2026-06-11T23:55:55-06:00","message":"Runtime warning","context":{"severity":8192,"message":"fputcsv(): the $escape parameter must be provided as its default value will change","file":"Command line code","line":9}}
[11-Jun-2026 23:55:55 America/El_Salvador] PHP Deprecated:  fputcsv(): the $escape parameter must be provided as its default value will change in Command line code on line 9
[11-Jun-2026 23:55:55 America/El_Salvador] [sietelsa] {"ts":"2026-06-11T23:55:55-06:00","message":"Runtime warning","context":{"severity":8192,"message":"fputcsv(): the $escape parameter must be provided as its default value will change","file":"Command line code","line":9}}
[11-Jun-2026 23:55:55 America/El_Salvador] PHP Deprecated:  fputcsv(): the $escape parameter must be provided as its default value will change in Command line code on line 9
[11-Jun-2026 23:55:55 America/El_Salvador] [sietelsa] {"ts":"2026-06-11T23:55:55-06:00","message":"Runtime warning","context":{"severity":8192,"message":"fputcsv(): the $escape parameter must be provided as its default value will change","file":"Command line code","line":9}}
[11-Jun-2026 23:55:55 America/El_Salvador] PHP Deprecated:  fputcsv(): the $escape parameter must be provided as its default value will change in Command line code on line 9
[11-Jun-2026 23:55:55 America/El_Salvador] [sietelsa] {"ts":"2026-06-11T23:55:55-06:00","message":"Runtime warning","context":{"severity":8192,"message":"fputcsv(): the $escape parameter must be provided as its default value will change","file":"Command line code","line":9}}
[11-Jun-2026 23:55:55 America/El_Salvador] PHP Deprecated:  fputcsv(): the $escape parameter must be provided as its default value will change in Command line code on line 9
[11-Jun-2026 23:55:55 America/El_Salvador] [sietelsa] {"ts":"2026-06-11T23:55:55-06:00","message":"Runtime warning","context":{"severity":8192,"message":"fputcsv(): the $escape parameter must be provided as its default value will change","file":"Command line code","line":9}}
[11-Jun-2026 23:55:55 America/El_Salvador] PHP Deprecated:  fputcsv(): the $escape parameter must be provided as its default value will change in Command line code on line 9
[11-Jun-2026 23:55:55 America/El_Salvador] [sietelsa] {"ts":"2026-06-11T23:55:55-06:00","message":"Runtime warning","context":{"severity":8192,"message":"fputcsv(): the $escape parameter must be provided as its default value will change","file":"Command line code","line":9}}
[11-Jun-2026 23:55:55 America/El_Salvador] PHP Deprecated:  fputcsv(): the $escape parameter must be provided as its default value will change in Command line code on line 9
[11-Jun-2026 23:55:55 America/El_Salvador] [sietelsa] {"ts":"2026-06-11T23:55:55-06:00","message":"Runtime warning","context":{"severity":8192,"message":"fputcsv(): the $escape parameter must be provided as its default value will change","file":"Command line code","line":9}}
[11-Jun-2026 23:55:55 America/El_Salvador] PHP Deprecated:  fputcsv(): the $escape parameter must be provided as its default value will change in Command line code on line 9
[11-Jun-2026 23:55:55 America/El_Salvador] [sietelsa] {"ts":"2026-06-11T23:55:55-06:00","message":"Runtime warning","context":{"severity":8192,"message":"fputcsv(): the $escape parameter must be provided as its default value will change","file":"Command line code","line":9}}
[11-Jun-2026 23:55:55 America/El_Salvador] PHP Deprecated:  fputcsv(): the $escape parameter must be provided as its default value will change in Command line code on line 9
[11-Jun-2026 23:55:55 America/El_Salvador] [sietelsa] {"ts":"2026-06-11T23:55:55-06:00","message":"Runtime warning","context":{"severity":8192,"message":"fputcsv(): the $escape parameter must be provided as its default value will change","file":"Command line code","line":9}}
[11-Jun-2026 23:55:55 America/El_Salvador] PHP Deprecated:  fputcsv(): the $escape parameter must be provided as its default value will change in Command line code on line 9
[11-Jun-2026 23:55:55 America/El_Salvador] [sietelsa] {"ts":"2026-06-11T23:55:55-06:00","message":"Runtime warning","context":{"severity":8192,"message":"fputcsv(): the $escape parameter must be provided as its default value will change","file":"Command line code","line":9}}
[11-Jun-2026 23:55:55 America/El_Salvador] PHP Deprecated:  fputcsv(): the $escape parameter must be provided as its default value will change in Command line code on line 9
[11-Jun-2026 23:55:55 America/El_Salvador] [sietelsa] {"ts":"2026-06-11T23:55:55-06:00","message":"Runtime warning","context":{"severity":8192,"message":"fputcsv(): the $escape parameter must be provided as its default value will change","file":"Command line code","line":9}}
[11-Jun-2026 23:55:55 America/El_Salvador] PHP Deprecated:  fputcsv(): the $escape parameter must be provided as its default value will change in Command line code on line 9
[11-Jun-2026 23:55:55 America/El_Salvador] [sietelsa] {"ts":"2026-06-11T23:55:55-06:00","message":"Runtime warning","context":{"severity":8192,"message":"fputcsv(): the $escape parameter must be provided as its default value will change","file":"Command line code","line":9}}
[11-Jun-2026 23:55:55 America/El_Salvador] PHP Deprecated:  fputcsv(): the $escape parameter must be provided as its default value will change in Command line code on line 9
[11-Jun-2026 23:55:55 America/El_Salvador] [sietelsa] {"ts":"2026-06-11T23:55:55-06:00","message":"Runtime warning","context":{"severity":8192,"message":"fputcsv(): the $escape parameter must be provided as its default value will change","file":"Command line code","line":9}}
[11-Jun-2026 23:55:55 America/El_Salvador] PHP Deprecated:  fputcsv(): the $escape parameter must be provided as its default value will change in Command line code on line 9
[11-Jun-2026 23:55:55 America/El_Salvador] [sietelsa] {"ts":"2026-06-11T23:55:55-06:00","message":"Runtime warning","context":{"severity":8192,"message":"fputcsv(): the $escape parameter must be provided as its default value will change","file":"Command line code","line":9}}
[11-Jun-2026 23:55:55 America/El_Salvador] PHP Deprecated:  fputcsv(): the $escape parameter must be provided as its default value will change in Command line code on line 9
[11-Jun-2026 23:55:55 America/El_Salvador] [sietelsa] {"ts":"2026-06-11T23:55:55-06:00","message":"Runtime warning","context":{"severity":8192,"message":"fputcsv(): the $escape parameter must be provided as its default value will change","file":"Command line code","line":9}}
[11-Jun-2026 23:55:55 America/El_Salvador] PHP Deprecated:  fputcsv(): the $escape parameter must be provided as its default value will change in Command line code on line 9
[11-Jun-2026 23:55:55 America/El_Salvador] [sietelsa] {"ts":"2026-06-11T23:55:55-06:00","message":"Runtime warning","context":{"severity":8192,"message":"fputcsv(): the $escape parameter must be provided as its default value will change","file":"Command line code","line":9}}
[11-Jun-2026 23:55:55 America/El_Salvador] PHP Deprecated:  fputcsv(): the $escape parameter must be provided as its default value will change in Command line code on line 9
[11-Jun-2026 23:55:55 America/El_Salvador] [sietelsa] {"ts":"2026-06-11T23:55:55-06:00","message":"Runtime warning","context":{"severity":8192,"message":"fputcsv(): the $escape parameter must be provided as its default value will change","file":"Command line code","line":9}}
[11-Jun-2026 23:55:55 America/El_Salvador] PHP Deprecated:  fputcsv(): the $escape parameter must be provided as its default value will change in Command line code on line 9
[11-Jun-2026 23:55:55 America/El_Salvador] [sietelsa] {"ts":"2026-06-11T23:55:55-06:00","message":"Runtime warning","context":{"severity":8192,"message":"fputcsv(): the $escape parameter must be provided as its default value will change","file":"Command line code","line":9}}
[11-Jun-2026 23:55:55 America/El_Salvador] PHP Deprecated:  fputcsv(): the $escape parameter must be provided as its default value will change in Command line code on line 9
[11-Jun-2026 23:55:55 America/El_Salvador] [sietelsa] {"ts":"2026-06-11T23:55:55-06:00","message":"Runtime warning","context":{"severity":8192,"message":"fputcsv(): the $escape parameter must be provided as its default value will change","file":"Command line code","line":9}}
[11-Jun-2026 23:55:55 America/El_Salvador] PHP Deprecated:  fputcsv(): the $escape parameter must be provided as its default value will change in Command line code on line 9
[11-Jun-2026 23:55:55 America/El_Salvador] [sietelsa] {"ts":"2026-06-11T23:55:55-06:00","message":"Runtime warning","context":{"severity":8192,"message":"fputcsv(): the $escape parameter must be provided as its default value will change","file":"Command line code","line":9}}
[11-Jun-2026 23:55:55 America/El_Salvador] PHP Deprecated:  fputcsv(): the $escape parameter must be provided as its default value will change in Command line code on line 9
[11-Jun-2026 23:55:55 America/El_Salvador] [sietelsa] {"ts":"2026-06-11T23:55:55-06:00","message":"Runtime warning","context":{"severity":8192,"message":"fputcsv(): the $escape parameter must be provided as its default value will change","file":"Command line code","line":9}}
[11-Jun-2026 23:55:55 America/El_Salvador] PHP Deprecated:  fputcsv(): the $escape parameter must be provided as its default value will change in Command line code on line 9
[11-Jun-2026 23:55:55 America/El_Salvador] [sietelsa] {"ts":"2026-06-11T23:55:55-06:00","message":"Runtime warning","context":{"severity":8192,"message":"fputcsv(): the $escape parameter must be provided as its default value will change","file":"Command line code","line":9}}
[11-Jun-2026 23:55:55 America/El_Salvador] PHP Deprecated:  fputcsv(): the $escape parameter must be provided as its default value will change in Command line code on line 9
[11-Jun-2026 23:55:55 America/El_Salvador] [sietelsa] {"ts":"2026-06-11T23:55:55-06:00","message":"Runtime warning","context":{"severity":8192,"message":"fputcsv(): the $escape parameter must be provided as its default value will change","file":"Command line code","line":9}}
[11-Jun-2026 23:55:55 America/El_Salvador] PHP Deprecated:  fputcsv(): the $escape parameter must be provided as its default value will change in Command line code on line 9
[11-Jun-2026 23:55:55 America/El_Salvador] [sietelsa] {"ts":"2026-06-11T23:55:55-06:00","message":"Runtime warning","context":{"severity":8192,"message":"fputcsv(): the $escape parameter must be provided as its default value will change","file":"Command line code","line":9}}
[11-Jun-2026 23:55:55 America/El_Salvador] PHP Deprecated:  fputcsv(): the $escape parameter must be provided as its default value will change in Command line code on line 9
[11-Jun-2026 23:55:55 America/El_Salvador] [sietelsa] {"ts":"2026-06-11T23:55:55-06:00","message":"Runtime warning","context":{"severity":8192,"message":"fputcsv(): the $escape parameter must be provided as its default value will change","file":"Command line code","line":9}}
[11-Jun-2026 23:55:55 America/El_Salvador] PHP Deprecated:  fputcsv(): the $escape parameter must be provided as its default value will change in Command line code on line 9
[11-Jun-2026 23:55:55 America/El_Salvador] [sietelsa] {"ts":"2026-06-11T23:55:55-06:00","message":"Runtime warning","context":{"severity":8192,"message":"fputcsv(): the $escape parameter must be provided as its default value will change","file":"Command line code","line":9}}
[11-Jun-2026 23:55:55 America/El_Salvador] PHP Deprecated:  fputcsv(): the $escape parameter must be provided as its default value will change in Command line code on line 9
[11-Jun-2026 23:55:55 America/El_Salvador] [sietelsa] {"ts":"2026-06-11T23:55:55-06:00","message":"Runtime warning","context":{"severity":8192,"message":"fputcsv(): the $escape parameter must be provided as its default value will change","file":"Command line code","line":9}}
[11-Jun-2026 23:55:55 America/El_Salvador] PHP Deprecated:  fputcsv(): the $escape parameter must be provided as its default value will change in Command line code on line 9
[11-Jun-2026 23:55:55 America/El_Salvador] [sietelsa] {"ts":"2026-06-11T23:55:55-06:00","message":"Runtime warning","context":{"severity":8192,"message":"fputcsv(): the $escape parameter must be provided as its default value will change","file":"Command line code","line":9}}
[11-Jun-2026 23:55:55 America/El_Salvador] PHP Deprecated:  fputcsv(): the $escape parameter must be provided as its default value will change in Command line code on line 9
[11-Jun-2026 23:55:55 America/El_Salvador] [sietelsa] {"ts":"2026-06-11T23:55:55-06:00","message":"Runtime warning","context":{"severity":8192,"message":"fputcsv(): the $escape parameter must be provided as its default value will change","file":"Command line code","line":9}}
[11-Jun-2026 23:55:55 America/El_Salvador] PHP Deprecated:  fputcsv(): the $escape parameter must be provided as its default value will change in Command line code on line 9
[11-Jun-2026 23:55:55 America/El_Salvador] [sietelsa] {"ts":"2026-06-11T23:55:55-06:00","message":"Runtime warning","context":{"severity":8192,"message":"fputcsv(): the $escape parameter must be provided as its default value will change","file":"Command line code","line":9}}
[11-Jun-2026 23:55:55 America/El_Salvador] PHP Deprecated:  fputcsv(): the $escape parameter must be provided as its default value will change in Command line code on line 9
[11-Jun-2026 23:55:55 America/El_Salvador] [sietelsa] {"ts":"2026-06-11T23:55:55-06:00","message":"Runtime warning","context":{"severity":8192,"message":"fputcsv(): the $escape parameter must be provided as its default value will change","file":"Command line code","line":9}}
[11-Jun-2026 23:55:55 America/El_Salvador] PHP Deprecated:  fputcsv(): the $escape parameter must be provided as its default value will change in Command line code on line 9
[11-Jun-2026 23:55:55 America/El_Salvador] [sietelsa] {"ts":"2026-06-11T23:55:55-06:00","message":"Runtime warning","context":{"severity":8192,"message":"fputcsv(): the $escape parameter must be provided as its default value will change","file":"Command line code","line":9}}
[11-Jun-2026 23:55:55 America/El_Salvador] PHP Deprecated:  fputcsv(): the $escape parameter must be provided as its default value will change in Command line code on line 9
[11-Jun-2026 23:55:55 America/El_Salvador] [sietelsa] {"ts":"2026-06-11T23:55:55-06:00","message":"Runtime warning","context":{"severity":8192,"message":"fputcsv(): the $escape parameter must be provided as its default value will change","file":"Command line code","line":9}}
[11-Jun-2026 23:55:55 America/El_Salvador] PHP Deprecated:  fputcsv(): the $escape parameter must be provided as its default value will change in Command line code on line 9
[11-Jun-2026 23:55:55 America/El_Salvador] [sietelsa] {"ts":"2026-06-11T23:55:55-06:00","message":"Runtime warning","context":{"severity":8192,"message":"fputcsv(): the $escape parameter must be provided as its default value will change","file":"Command line code","line":9}}
[11-Jun-2026 23:55:55 America/El_Salvador] PHP Deprecated:  fputcsv(): the $escape parameter must be provided as its default value will change in Command line code on line 9
[11-Jun-2026 23:55:55 America/El_Salvador] [sietelsa] {"ts":"2026-06-11T23:55:55-06:00","message":"Runtime warning","context":{"severity":8192,"message":"fputcsv(): the $escape parameter must be provided as its default value will change","file":"Command line code","line":9}}
[11-Jun-2026 23:55:55 America/El_Salvador] PHP Deprecated:  fputcsv(): the $escape parameter must be provided as its default value will change in Command line code on line 9
[11-Jun-2026 23:55:55 America/El_Salvador] [sietelsa] {"ts":"2026-06-11T23:55:55-06:00","message":"Runtime warning","context":{"severity":8192,"message":"fputcsv(): the $escape parameter must be provided as its default value will change","file":"Command line code","line":9}}
[11-Jun-2026 23:55:55 America/El_Salvador] PHP Deprecated:  fputcsv(): the $escape parameter must be provided as its default value will change in Command line code on line 9
[11-Jun-2026 23:55:55 America/El_Salvador] [sietelsa] {"ts":"2026-06-11T23:55:55-06:00","message":"Runtime warning","context":{"severity":8192,"message":"fputcsv(): the $escape parameter must be provided as its default value will change","file":"Command line code","line":9}}
[11-Jun-2026 23:55:55 America/El_Salvador] PHP Deprecated:  fputcsv(): the $escape parameter must be provided as its default value will change in Command line code on line 9
[11-Jun-2026 23:55:55 America/El_Salvador] [sietelsa] {"ts":"2026-06-11T23:55:55-06:00","message":"Runtime warning","context":{"severity":8192,"message":"fputcsv(): the $escape parameter must be provided as its default value will change","file":"Command line code","line":9}}
[11-Jun-2026 23:55:55 America/El_Salvador] PHP Deprecated:  fputcsv(): the $escape parameter must be provided as its default value will change in Command line code on line 9
[11-Jun-2026 23:55:55 America/El_Salvador] [sietelsa] {"ts":"2026-06-11T23:55:55-06:00","message":"Runtime warning","context":{"severity":8192,"message":"fputcsv(): the $escape parameter must be provided as its default value will change","file":"Command line code","line":9}}
[11-Jun-2026 23:55:55 America/El_Salvador] PHP Deprecated:  fputcsv(): the $escape parameter must be provided as its default value will change in Command line code on line 9
[11-Jun-2026 23:55:55 America/El_Salvador] [sietelsa] {"ts":"2026-06-11T23:55:55-06:00","message":"Runtime warning","context":{"severity":8192,"message":"fputcsv(): the $escape parameter must be provided as its default value will change","file":"Command line code","line":9}}
[11-Jun-2026 23:55:55 America/El_Salvador] PHP Deprecated:  fputcsv(): the $escape parameter must be provided as its default value will change in Command line code on line 9
[11-Jun-2026 23:55:55 America/El_Salvador] [sietelsa] {"ts":"2026-06-11T23:55:55-06:00","message":"Runtime warning","context":{"severity":8192,"message":"fputcsv(): the $escape parameter must be provided as its default value will change","file":"Command line code","line":9}}
[11-Jun-2026 23:55:55 America/El_Salvador] PHP Deprecated:  fputcsv(): the $escape parameter must be provided as its default value will change in Command line code on line 9
[11-Jun-2026 23:55:55 America/El_Salvador] [sietelsa] {"ts":"2026-06-11T23:55:55-06:00","message":"Runtime warning","context":{"severity":8192,"message":"fputcsv(): the $escape parameter must be provided as its default value will change","file":"Command line code","line":9}}
[11-Jun-2026 23:55:55 America/El_Salvador] PHP Deprecated:  fputcsv(): the $escape parameter must be provided as its default value will change in Command line code on line 9
[11-Jun-2026 23:55:55 America/El_Salvador] [sietelsa] {"ts":"2026-06-11T23:55:55-06:00","message":"Runtime warning","context":{"severity":8192,"message":"fputcsv(): the $escape parameter must be provided as its default value will change","file":"Command line code","line":9}}
[11-Jun-2026 23:55:55 America/El_Salvador] PHP Deprecated:  fputcsv(): the $escape parameter must be provided as its default value will change in Command line code on line 9
[11-Jun-2026 23:55:55 America/El_Salvador] [sietelsa] {"ts":"2026-06-11T23:55:55-06:00","message":"Runtime warning","context":{"severity":8192,"message":"fputcsv(): the $escape parameter must be provided as its default value will change","file":"Command line code","line":9}}
[11-Jun-2026 23:55:55 America/El_Salvador] PHP Deprecated:  fputcsv(): the $escape parameter must be provided as its default value will change in Command line code on line 9
[11-Jun-2026 23:55:55 America/El_Salvador] [sietelsa] {"ts":"2026-06-11T23:55:55-06:00","message":"Runtime warning","context":{"severity":8192,"message":"fputcsv(): the $escape parameter must be provided as its default value will change","file":"Command line code","line":9}}
[11-Jun-2026 23:55:55 America/El_Salvador] PHP Deprecated:  fputcsv(): the $escape parameter must be provided as its default value will change in Command line code on line 9
[11-Jun-2026 23:55:55 America/El_Salvador] [sietelsa] {"ts":"2026-06-11T23:55:55-06:00","message":"Runtime warning","context":{"severity":8192,"message":"fputcsv(): the $escape parameter must be provided as its default value will change","file":"Command line code","line":9}}
[11-Jun-2026 23:55:55 America/El_Salvador] PHP Deprecated:  fputcsv(): the $escape parameter must be provided as its default value will change in Command line code on line 9
[11-Jun-2026 23:55:55 America/El_Salvador] [sietelsa] {"ts":"2026-06-11T23:55:55-06:00","message":"Runtime warning","context":{"severity":8192,"message":"fputcsv(): the $escape parameter must be provided as its default value will change","file":"Command line code","line":9}}
[11-Jun-2026 23:55:55 America/El_Salvador] PHP Deprecated:  fputcsv(): the $escape parameter must be provided as its default value will change in Command line code on line 9
[11-Jun-2026 23:55:55 America/El_Salvador] [sietelsa] {"ts":"2026-06-11T23:55:55-06:00","message":"Runtime warning","context":{"severity":8192,"message":"fputcsv(): the $escape parameter must be provided as its default value will change","file":"Command line code","line":9}}
[11-Jun-2026 23:55:55 America/El_Salvador] PHP Deprecated:  fputcsv(): the $escape parameter must be provided as its default value will change in Command line code on line 9
[11-Jun-2026 23:55:55 America/El_Salvador] [sietelsa] {"ts":"2026-06-11T23:55:55-06:00","message":"Runtime warning","context":{"severity":8192,"message":"fputcsv(): the $escape parameter must be provided as its default value will change","file":"Command line code","line":9}}
[11-Jun-2026 23:55:55 America/El_Salvador] PHP Deprecated:  fputcsv(): the $escape parameter must be provided as its default value will change in Command line code on line 9
[11-Jun-2026 23:55:55 America/El_Salvador] [sietelsa] {"ts":"2026-06-11T23:55:55-06:00","message":"Runtime warning","context":{"severity":8192,"message":"fputcsv(): the $escape parameter must be provided as its default value will change","file":"Command line code","line":9}}
[11-Jun-2026 23:55:55 America/El_Salvador] PHP Deprecated:  fputcsv(): the $escape parameter must be provided as its default value will change in Command line code on line 9
[11-Jun-2026 23:55:55 America/El_Salvador] [sietelsa] {"ts":"2026-06-11T23:55:55-06:00","message":"Runtime warning","context":{"severity":8192,"message":"fputcsv(): the $escape parameter must be provided as its default value will change","file":"Command line code","line":9}}
[11-Jun-2026 23:55:55 America/El_Salvador] PHP Deprecated:  fputcsv(): the $escape parameter must be provided as its default value will change in Command line code on line 9
[11-Jun-2026 23:55:55 America/El_Salvador] [sietelsa] {"ts":"2026-06-11T23:55:55-06:00","message":"Runtime warning","context":{"severity":8192,"message":"fputcsv(): the $escape parameter must be provided as its default value will change","file":"Command line code","line":9}}
[11-Jun-2026 23:55:55 America/El_Salvador] PHP Deprecated:  fputcsv(): the $escape parameter must be provided as its default value will change in Command line code on line 9
[11-Jun-2026 23:55:55 America/El_Salvador] [sietelsa] {"ts":"2026-06-11T23:55:55-06:00","message":"Runtime warning","context":{"severity":8192,"message":"fputcsv(): the $escape parameter must be provided as its default value will change","file":"Command line code","line":9}}
[11-Jun-2026 23:55:55 America/El_Salvador] PHP Deprecated:  fputcsv(): the $escape parameter must be provided as its default value will change in Command line code on line 9
[11-Jun-2026 23:55:55 America/El_Salvador] [sietelsa] {"ts":"2026-06-11T23:55:55-06:00","message":"Runtime warning","context":{"severity":8192,"message":"fputcsv(): the $escape parameter must be provided as its default value will change","file":"Command line code","line":9}}
[11-Jun-2026 23:55:55 America/El_Salvador] PHP Deprecated:  fputcsv(): the $escape parameter must be provided as its default value will change in Command line code on line 9
[11-Jun-2026 23:55:55 America/El_Salvador] [sietelsa] {"ts":"2026-06-11T23:55:55-06:00","message":"Runtime warning","context":{"severity":8192,"message":"fputcsv(): the $escape parameter must be provided as its default value will change","file":"Command line code","line":9}}
[11-Jun-2026 23:55:55 America/El_Salvador] PHP Deprecated:  fputcsv(): the $escape parameter must be provided as its default value will change in Command line code on line 9
[11-Jun-2026 23:55:55 America/El_Salvador] [sietelsa] {"ts":"2026-06-11T23:55:55-06:00","message":"Runtime warning","context":{"severity":8192,"message":"fputcsv(): the $escape parameter must be provided as its default value will change","file":"Command line code","line":9}}
[11-Jun-2026 23:55:55 America/El_Salvador] PHP Deprecated:  fputcsv(): the $escape parameter must be provided as its default value will change in Command line code on line 9
[11-Jun-2026 23:55:55 America/El_Salvador] [sietelsa] {"ts":"2026-06-11T23:55:55-06:00","message":"Runtime warning","context":{"severity":8192,"message":"fputcsv(): the $escape parameter must be provided as its default value will change","file":"Command line code","line":9}}
[11-Jun-2026 23:55:55 America/El_Salvador] PHP Deprecated:  fputcsv(): the $escape parameter must be provided as its default value will change in Command line code on line 9
[11-Jun-2026 23:55:55 America/El_Salvador] [sietelsa] {"ts":"2026-06-11T23:55:55-06:00","message":"Runtime warning","context":{"severity":8192,"message":"fputcsv(): the $escape parameter must be provided as its default value will change","file":"Command line code","line":9}}
[11-Jun-2026 23:55:55 America/El_Salvador] PHP Deprecated:  fputcsv(): the $escape parameter must be provided as its default value will change in Command line code on line 9
[11-Jun-2026 23:55:55 America/El_Salvador] [sietelsa] {"ts":"2026-06-11T23:55:55-06:00","message":"Runtime warning","context":{"severity":8192,"message":"fputcsv(): the $escape parameter must be provided as its default value will change","file":"Command line code","line":9}}
[11-Jun-2026 23:55:55 America/El_Salvador] PHP Deprecated:  fputcsv(): the $escape parameter must be provided as its default value will change in Command line code on line 9
[11-Jun-2026 23:55:55 America/El_Salvador] [sietelsa] {"ts":"2026-06-11T23:55:55-06:00","message":"Runtime warning","context":{"severity":8192,"message":"fputcsv(): the $escape parameter must be provided as its default value will change","file":"Command line code","line":9}}
[11-Jun-2026 23:55:55 America/El_Salvador] PHP Deprecated:  fputcsv(): the $escape parameter must be provided as its default value will change in Command line code on line 9
[11-Jun-2026 23:55:55 America/El_Salvador] [sietelsa] {"ts":"2026-06-11T23:55:55-06:00","message":"Runtime warning","context":{"severity":8192,"message":"fputcsv(): the $escape parameter must be provided as its default value will change","file":"Command line code","line":9}}
[11-Jun-2026 23:55:55 America/El_Salvador] PHP Deprecated:  fputcsv(): the $escape parameter must be provided as its default value will change in Command line code on line 9
[11-Jun-2026 23:55:55 America/El_Salvador] [sietelsa] {"ts":"2026-06-11T23:55:55-06:00","message":"Runtime warning","context":{"severity":8192,"message":"fputcsv(): the $escape parameter must be provided as its default value will change","file":"Command line code","line":9}}
[11-Jun-2026 23:55:55 America/El_Salvador] PHP Deprecated:  fputcsv(): the $escape parameter must be provided as its default value will change in Command line code on line 9
[11-Jun-2026 23:55:55 America/El_Salvador] [sietelsa] {"ts":"2026-06-11T23:55:55-06:00","message":"Runtime warning","context":{"severity":8192,"message":"fputcsv(): the $escape parameter must be provided as its default value will change","file":"Command line code","line":9}}
[11-Jun-2026 23:55:55 America/El_Salvador] PHP Deprecated:  fputcsv(): the $escape parameter must be provided as its default value will change in Command line code on line 9
[11-Jun-2026 23:55:55 America/El_Salvador] [sietelsa] {"ts":"2026-06-11T23:55:55-06:00","message":"Runtime warning","context":{"severity":8192,"message":"fputcsv(): the $escape parameter must be provided as its default value will change","file":"Command line code","line":9}}
[11-Jun-2026 23:55:55 America/El_Salvador] PHP Deprecated:  fputcsv(): the $escape parameter must be provided as its default value will change in Command line code on line 9
[11-Jun-2026 23:55:55 America/El_Salvador] [sietelsa] {"ts":"2026-06-11T23:55:55-06:00","message":"Runtime warning","context":{"severity":8192,"message":"fputcsv(): the $escape parameter must be provided as its default value will change","file":"Command line code","line":9}}
[11-Jun-2026 23:55:55 America/El_Salvador] PHP Deprecated:  fputcsv(): the $escape parameter must be provided as its default value will change in Command line code on line 9
[11-Jun-2026 23:55:55 America/El_Salvador] [sietelsa] {"ts":"2026-06-11T23:55:55-06:00","message":"Runtime warning","context":{"severity":8192,"message":"fputcsv(): the $escape parameter must be provided as its default value will change","file":"Command line code","line":9}}
[11-Jun-2026 23:55:55 America/El_Salvador] PHP Deprecated:  fputcsv(): the $escape parameter must be provided as its default value will change in Command line code on line 9
[11-Jun-2026 23:55:55 America/El_Salvador] [sietelsa] {"ts":"2026-06-11T23:55:55-06:00","message":"Runtime warning","context":{"severity":8192,"message":"fputcsv(): the $escape parameter must be provided as its default value will change","file":"Command line code","line":9}}
[11-Jun-2026 23:55:55 America/El_Salvador] PHP Deprecated:  fputcsv(): the $escape parameter must be provided as its default value will change in Command line code on line 9
[11-Jun-2026 23:55:55 America/El_Salvador] [sietelsa] {"ts":"2026-06-11T23:55:55-06:00","message":"Runtime warning","context":{"severity":8192,"message":"fputcsv(): the $escape parameter must be provided as its default value will change","file":"Command line code","line":9}}
[11-Jun-2026 23:55:55 America/El_Salvador] PHP Deprecated:  fputcsv(): the $escape parameter must be provided as its default value will change in Command line code on line 9
[11-Jun-2026 23:55:55 America/El_Salvador] [sietelsa] {"ts":"2026-06-11T23:55:55-06:00","message":"Runtime warning","context":{"severity":8192,"message":"fputcsv(): the $escape parameter must be provided as its default value will change","file":"Command line code","line":9}}
[11-Jun-2026 23:55:55 America/El_Salvador] PHP Deprecated:  fputcsv(): the $escape parameter must be provided as its default value will change in Command line code on line 9
[11-Jun-2026 23:55:55 America/El_Salvador] [sietelsa] {"ts":"2026-06-11T23:55:55-06:00","message":"Runtime warning","context":{"severity":8192,"message":"fputcsv(): the $escape parameter must be provided as its default value will change","file":"Command line code","line":9}}
[11-Jun-2026 23:55:55 America/El_Salvador] PHP Deprecated:  fputcsv(): the $escape parameter must be provided as its default value will change in Command line code on line 9
[11-Jun-2026 23:55:55 America/El_Salvador] [sietelsa] {"ts":"2026-06-11T23:55:55-06:00","message":"Runtime warning","context":{"severity":8192,"message":"fputcsv(): the $escape parameter must be provided as its default value will change","file":"Command line code","line":9}}
[11-Jun-2026 23:55:55 America/El_Salvador] PHP Deprecated:  fputcsv(): the $escape parameter must be provided as its default value will change in Command line code on line 9
[11-Jun-2026 23:55:55 America/El_Salvador] [sietelsa] {"ts":"2026-06-11T23:55:55-06:00","message":"Runtime warning","context":{"severity":8192,"message":"fputcsv(): the $escape parameter must be provided as its default value will change","file":"Command line code","line":9}}
[11-Jun-2026 23:55:55 America/El_Salvador] PHP Deprecated:  fputcsv(): the $escape parameter must be provided as its default value will change in Command line code on line 9
[11-Jun-2026 23:55:55 America/El_Salvador] [sietelsa] {"ts":"2026-06-11T23:55:55-06:00","message":"Runtime warning","context":{"severity":8192,"message":"fputcsv(): the $escape parameter must be provided as its default value will change","file":"Command line code","line":9}}
[11-Jun-2026 23:55:55 America/El_Salvador] PHP Deprecated:  fputcsv(): the $escape parameter must be provided as its default value will change in Command line code on line 9
[11-Jun-2026 23:55:55 America/El_Salvador] [sietelsa] {"ts":"2026-06-11T23:55:55-06:00","message":"Runtime warning","context":{"severity":8192,"message":"fputcsv(): the $escape parameter must be provided as its default value will change","file":"Command line code","line":9}}
[11-Jun-2026 23:55:55 America/El_Salvador] PHP Deprecated:  fputcsv(): the $escape parameter must be provided as its default value will change in Command line code on line 9
[11-Jun-2026 23:55:55 America/El_Salvador] [sietelsa] {"ts":"2026-06-11T23:55:55-06:00","message":"Runtime warning","context":{"severity":8192,"message":"fputcsv(): the $escape parameter must be provided as its default value will change","file":"Command line code","line":9}}
[11-Jun-2026 23:55:55 America/El_Salvador] PHP Deprecated:  fputcsv(): the $escape parameter must be provided as its default value will change in Command line code on line 9
[11-Jun-2026 23:55:55 America/El_Salvador] [sietelsa] {"ts":"2026-06-11T23:55:55-06:00","message":"Runtime warning","context":{"severity":8192,"message":"fputcsv(): the $escape parameter must be provided as its default value will change","file":"Command line code","line":9}}
[11-Jun-2026 23:55:55 America/El_Salvador] PHP Deprecated:  fputcsv(): the $escape parameter must be provided as its default value will change in Command line code on line 9
[11-Jun-2026 23:55:55 America/El_Salvador] [sietelsa] {"ts":"2026-06-11T23:55:55-06:00","message":"Runtime warning","context":{"severity":8192,"message":"fputcsv(): the $escape parameter must be provided as its default value will change","file":"Command line code","line":9}}
[11-Jun-2026 23:55:55 America/El_Salvador] PHP Deprecated:  fputcsv(): the $escape parameter must be provided as its default value will change in Command line code on line 9
[11-Jun-2026 23:55:55 America/El_Salvador] [sietelsa] {"ts":"2026-06-11T23:55:55-06:00","message":"Runtime warning","context":{"severity":8192,"message":"fputcsv(): the $escape parameter must be provided as its default value will change","file":"Command line code","line":9}}
[11-Jun-2026 23:55:55 America/El_Salvador] PHP Deprecated:  fputcsv(): the $escape parameter must be provided as its default value will change in Command line code on line 9
[11-Jun-2026 23:55:55 America/El_Salvador] [sietelsa] {"ts":"2026-06-11T23:55:55-06:00","message":"Runtime warning","context":{"severity":8192,"message":"fputcsv(): the $escape parameter must be provided as its default value will change","file":"Command line code","line":9}}
[11-Jun-2026 23:55:55 America/El_Salvador] PHP Deprecated:  fputcsv(): the $escape parameter must be provided as its default value will change in Command line code on line 9
[11-Jun-2026 23:55:55 America/El_Salvador] [sietelsa] {"ts":"2026-06-11T23:55:55-06:00","message":"Runtime warning","context":{"severity":8192,"message":"fputcsv(): the $escape parameter must be provided as its default value will change","file":"Command line code","line":9}}
[11-Jun-2026 23:55:55 America/El_Salvador] PHP Deprecated:  fputcsv(): the $escape parameter must be provided as its default value will change in Command line code on line 9
[11-Jun-2026 23:55:55 America/El_Salvador] [sietelsa] {"ts":"2026-06-11T23:55:55-06:00","message":"Runtime warning","context":{"severity":8192,"message":"fputcsv(): the $escape parameter must be provided as its default value will change","file":"Command line code","line":9}}
[11-Jun-2026 23:55:55 America/El_Salvador] PHP Deprecated:  fputcsv(): the $escape parameter must be provided as its default value will change in Command line code on line 9
[11-Jun-2026 23:55:55 America/El_Salvador] [sietelsa] {"ts":"2026-06-11T23:55:55-06:00","message":"Runtime warning","context":{"severity":8192,"message":"fputcsv(): the $escape parameter must be provided as its default value will change","file":"Command line code","line":9}}
[11-Jun-2026 23:55:55 America/El_Salvador] PHP Deprecated:  fputcsv(): the $escape parameter must be provided as its default value will change in Command line code on line 9
[11-Jun-2026 23:55:55 America/El_Salvador] [sietelsa] {"ts":"2026-06-11T23:55:55-06:00","message":"Runtime warning","context":{"severity":8192,"message":"fputcsv(): the $escape parameter must be provided as its default value will change","file":"Command line code","line":9}}
[11-Jun-2026 23:55:55 America/El_Salvador] PHP Deprecated:  fputcsv(): the $escape parameter must be provided as its default value will change in Command line code on line 9
[11-Jun-2026 23:55:55 America/El_Salvador] [sietelsa] {"ts":"2026-06-11T23:55:55-06:00","message":"Runtime warning","context":{"severity":8192,"message":"fputcsv(): the $escape parameter must be provided as its default value will change","file":"Command line code","line":9}}
[11-Jun-2026 23:55:55 America/El_Salvador] PHP Deprecated:  fputcsv(): the $escape parameter must be provided as its default value will change in Command line code on line 9
[11-Jun-2026 23:55:55 America/El_Salvador] [sietelsa] {"ts":"2026-06-11T23:55:55-06:00","message":"Runtime warning","context":{"severity":8192,"message":"fputcsv(): the $escape parameter must be provided as its default value will change","file":"Command line code","line":9}}
[11-Jun-2026 23:55:55 America/El_Salvador] PHP Deprecated:  fputcsv(): the $escape parameter must be provided as its default value will change in Command line code on line 9
[11-Jun-2026 23:55:55 America/El_Salvador] [sietelsa] {"ts":"2026-06-11T23:55:55-06:00","message":"Runtime warning","context":{"severity":8192,"message":"fputcsv(): the $escape parameter must be provided as its default value will change","file":"Command line code","line":9}}
[11-Jun-2026 23:55:55 America/El_Salvador] PHP Deprecated:  fputcsv(): the $escape parameter must be provided as its default value will change in Command line code on line 9
[11-Jun-2026 23:55:55 America/El_Salvador] [sietelsa] {"ts":"2026-06-11T23:55:55-06:00","message":"Runtime warning","context":{"severity":8192,"message":"fputcsv(): the $escape parameter must be provided as its default value will change","file":"Command line code","line":9}}
[11-Jun-2026 23:55:55 America/El_Salvador] PHP Deprecated:  fputcsv(): the $escape parameter must be provided as its default value will change in Command line code on line 9
[11-Jun-2026 23:55:55 America/El_Salvador] [sietelsa] {"ts":"2026-06-11T23:55:55-06:00","message":"Runtime warning","context":{"severity":8192,"message":"fputcsv(): the $escape parameter must be provided as its default value will change","file":"Command line code","line":9}}
[11-Jun-2026 23:55:55 America/El_Salvador] PHP Deprecated:  fputcsv(): the $escape parameter must be provided as its default value will change in Command line code on line 9
[11-Jun-2026 23:55:55 America/El_Salvador] [sietelsa] {"ts":"2026-06-11T23:55:55-06:00","message":"Runtime warning","context":{"severity":8192,"message":"fputcsv(): the $escape parameter must be provided as its default value will change","file":"Command line code","line":9}}
[11-Jun-2026 23:55:55 America/El_Salvador] PHP Deprecated:  fputcsv(): the $escape parameter must be provided as its default value will change in Command line code on line 9
[11-Jun-2026 23:55:55 America/El_Salvador] [sietelsa] {"ts":"2026-06-11T23:55:55-06:00","message":"Runtime warning","context":{"severity":8192,"message":"fputcsv(): the $escape parameter must be provided as its default value will change","file":"Command line code","line":9}}
[11-Jun-2026 23:55:55 America/El_Salvador] PHP Deprecated:  fputcsv(): the $escape parameter must be provided as its default value will change in Command line code on line 9
[11-Jun-2026 23:55:55 America/El_Salvador] [sietelsa] {"ts":"2026-06-11T23:55:55-06:00","message":"Runtime warning","context":{"severity":8192,"message":"fputcsv(): the $escape parameter must be provided as its default value will change","file":"Command line code","line":9}}
[11-Jun-2026 23:55:55 America/El_Salvador] PHP Deprecated:  fputcsv(): the $escape parameter must be provided as its default value will change in Command line code on line 9
[11-Jun-2026 23:55:55 America/El_Salvador] [sietelsa] {"ts":"2026-06-11T23:55:55-06:00","message":"Runtime warning","context":{"severity":8192,"message":"fputcsv(): the $escape parameter must be provided as its default value will change","file":"Command line code","line":9}}
[11-Jun-2026 23:55:55 America/El_Salvador] PHP Deprecated:  fputcsv(): the $escape parameter must be provided as its default value will change in Command line code on line 9
[11-Jun-2026 23:55:55 America/El_Salvador] [sietelsa] {"ts":"2026-06-11T23:55:55-06:00","message":"Runtime warning","context":{"severity":8192,"message":"fputcsv(): the $escape parameter must be provided as its default value will change","file":"Command line code","line":9}}
[11-Jun-2026 23:55:55 America/El_Salvador] PHP Deprecated:  fputcsv(): the $escape parameter must be provided as its default value will change in Command line code on line 9
[11-Jun-2026 23:55:55 America/El_Salvador] [sietelsa] {"ts":"2026-06-11T23:55:55-06:00","message":"Runtime warning","context":{"severity":8192,"message":"fputcsv(): the $escape parameter must be provided as its default value will change","file":"Command line code","line":9}}
[11-Jun-2026 23:55:55 America/El_Salvador] PHP Deprecated:  fputcsv(): the $escape parameter must be provided as its default value will change in Command line code on line 9
[11-Jun-2026 23:55:55 America/El_Salvador] [sietelsa] {"ts":"2026-06-11T23:55:55-06:00","message":"Runtime warning","context":{"severity":8192,"message":"fputcsv(): the $escape parameter must be provided as its default value will change","file":"Command line code","line":9}}
[11-Jun-2026 23:55:55 America/El_Salvador] PHP Deprecated:  fputcsv(): the $escape parameter must be provided as its default value will change in Command line code on line 9
[11-Jun-2026 23:55:55 America/El_Salvador] [sietelsa] {"ts":"2026-06-11T23:55:55-06:00","message":"Runtime warning","context":{"severity":8192,"message":"fputcsv(): the $escape parameter must be provided as its default value will change","file":"Command line code","line":9}}
[11-Jun-2026 23:55:55 America/El_Salvador] PHP Deprecated:  fputcsv(): the $escape parameter must be provided as its default value will change in Command line code on line 9
[11-Jun-2026 23:55:55 America/El_Salvador] [sietelsa] {"ts":"2026-06-11T23:55:55-06:00","message":"Runtime warning","context":{"severity":8192,"message":"fputcsv(): the $escape parameter must be provided as its default value will change","file":"Command line code","line":9}}
[11-Jun-2026 23:55:55 America/El_Salvador] PHP Deprecated:  fputcsv(): the $escape parameter must be provided as its default value will change in Command line code on line 9
[11-Jun-2026 23:55:55 America/El_Salvador] [sietelsa] {"ts":"2026-06-11T23:55:55-06:00","message":"Runtime warning","context":{"severity":8192,"message":"fputcsv(): the $escape parameter must be provided as its default value will change","file":"Command line code","line":9}}
[11-Jun-2026 23:55:55 America/El_Salvador] PHP Deprecated:  fputcsv(): the $escape parameter must be provided as its default value will change in Command line code on line 9
[11-Jun-2026 23:55:55 America/El_Salvador] [sietelsa] {"ts":"2026-06-11T23:55:55-06:00","message":"Runtime warning","context":{"severity":8192,"message":"fputcsv(): the $escape parameter must be provided as its default value will change","file":"Command line code","line":9}}
[11-Jun-2026 23:55:55 America/El_Salvador] PHP Deprecated:  fputcsv(): the $escape parameter must be provided as its default value will change in Command line code on line 9
[11-Jun-2026 23:55:55 America/El_Salvador] [sietelsa] {"ts":"2026-06-11T23:55:55-06:00","message":"Runtime warning","context":{"severity":8192,"message":"fputcsv(): the $escape parameter must be provided as its default value will change","file":"Command line code","line":9}}
[11-Jun-2026 23:55:55 America/El_Salvador] PHP Deprecated:  fputcsv(): the $escape parameter must be provided as its default value will change in Command line code on line 9
[11-Jun-2026 23:55:55 America/El_Salvador] [sietelsa] {"ts":"2026-06-11T23:55:55-06:00","message":"Runtime warning","context":{"severity":8192,"message":"fputcsv(): the $escape parameter must be provided as its default value will change","file":"Command line code","line":9}}
[11-Jun-2026 23:55:55 America/El_Salvador] PHP Deprecated:  fputcsv(): the $escape parameter must be provided as its default value will change in Command line code on line 9
[11-Jun-2026 23:55:55 America/El_Salvador] [sietelsa] {"ts":"2026-06-11T23:55:55-06:00","message":"Runtime warning","context":{"severity":8192,"message":"fputcsv(): the $escape parameter must be provided as its default value will change","file":"Command line code","line":9}}
[11-Jun-2026 23:55:55 America/El_Salvador] PHP Deprecated:  fputcsv(): the $escape parameter must be provided as its default value will change in Command line code on line 9
[11-Jun-2026 23:55:55 America/El_Salvador] [sietelsa] {"ts":"2026-06-11T23:55:55-06:00","message":"Runtime warning","context":{"severity":8192,"message":"fputcsv(): the $escape parameter must be provided as its default value will change","file":"Command line code","line":9}}
[11-Jun-2026 23:55:55 America/El_Salvador] PHP Deprecated:  fputcsv(): the $escape parameter must be provided as its default value will change in Command line code on line 9
[11-Jun-2026 23:55:55 America/El_Salvador] [sietelsa] {"ts":"2026-06-11T23:55:55-06:00","message":"Runtime warning","context":{"severity":8192,"message":"fputcsv(): the $escape parameter must be provided as its default value will change","file":"Command line code","line":9}}
[11-Jun-2026 23:55:55 America/El_Salvador] PHP Deprecated:  fputcsv(): the $escape parameter must be provided as its default value will change in Command line code on line 9
[11-Jun-2026 23:55:55 America/El_Salvador] [sietelsa] {"ts":"2026-06-11T23:55:55-06:00","message":"Runtime warning","context":{"severity":8192,"message":"fputcsv(): the $escape parameter must be provided as its default value will change","file":"Command line code","line":9}}
[11-Jun-2026 23:55:55 America/El_Salvador] PHP Deprecated:  fputcsv(): the $escape parameter must be provided as its default value will change in Command line code on line 9
[11-Jun-2026 23:55:55 America/El_Salvador] [sietelsa] {"ts":"2026-06-11T23:55:55-06:00","message":"Runtime warning","context":{"severity":8192,"message":"fputcsv(): the $escape parameter must be provided as its default value will change","file":"Command line code","line":9}}
[11-Jun-2026 23:55:55 America/El_Salvador] PHP Deprecated:  fputcsv(): the $escape parameter must be provided as its default value will change in Command line code on line 9
[11-Jun-2026 23:55:55 America/El_Salvador] [sietelsa] {"ts":"2026-06-11T23:55:55-06:00","message":"Runtime warning","context":{"severity":8192,"message":"fputcsv(): the $escape parameter must be provided as its default value will change","file":"Command line code","line":9}}
[11-Jun-2026 23:55:55 America/El_Salvador] PHP Deprecated:  fputcsv(): the $escape parameter must be provided as its default value will change in Command line code on line 9
[11-Jun-2026 23:55:55 America/El_Salvador] [sietelsa] {"ts":"2026-06-11T23:55:55-06:00","message":"Runtime warning","context":{"severity":8192,"message":"fputcsv(): the $escape parameter must be provided as its default value will change","file":"Command line code","line":9}}
[11-Jun-2026 23:55:55 America/El_Salvador] PHP Deprecated:  fputcsv(): the $escape parameter must be provided as its default value will change in Command line code on line 9
[11-Jun-2026 23:55:55 America/El_Salvador] [sietelsa] {"ts":"2026-06-11T23:55:55-06:00","message":"Runtime warning","context":{"severity":8192,"message":"fputcsv(): the $escape parameter must be provided as its default value will change","file":"Command line code","line":9}}
[11-Jun-2026 23:55:55 America/El_Salvador] PHP Deprecated:  fputcsv(): the $escape parameter must be provided as its default value will change in Command line code on line 9
[11-Jun-2026 23:55:55 America/El_Salvador] [sietelsa] {"ts":"2026-06-11T23:55:55-06:00","message":"Runtime warning","context":{"severity":8192,"message":"fputcsv(): the $escape parameter must be provided as its default value will change","file":"Command line code","line":9}}
[11-Jun-2026 23:55:55 America/El_Salvador] PHP Deprecated:  fputcsv(): the $escape parameter must be provided as its default value will change in Command line code on line 9
[11-Jun-2026 23:55:55 America/El_Salvador] [sietelsa] {"ts":"2026-06-11T23:55:55-06:00","message":"Runtime warning","context":{"severity":8192,"message":"fputcsv(): the $escape parameter must be provided as its default value will change","file":"Command line code","line":9}}
[11-Jun-2026 23:55:55 America/El_Salvador] PHP Deprecated:  fputcsv(): the $escape parameter must be provided as its default value will change in Command line code on line 9
[11-Jun-2026 23:55:55 America/El_Salvador] [sietelsa] {"ts":"2026-06-11T23:55:55-06:00","message":"Runtime warning","context":{"severity":8192,"message":"fputcsv(): the $escape parameter must be provided as its default value will change","file":"Command line code","line":9}}
[11-Jun-2026 23:55:55 America/El_Salvador] PHP Deprecated:  fputcsv(): the $escape parameter must be provided as its default value will change in Command line code on line 9
[11-Jun-2026 23:55:55 America/El_Salvador] [sietelsa] {"ts":"2026-06-11T23:55:55-06:00","message":"Runtime warning","context":{"severity":8192,"message":"fputcsv(): the $escape parameter must be provided as its default value will change","file":"Command line code","line":9}}
[11-Jun-2026 23:55:55 America/El_Salvador] PHP Deprecated:  fputcsv(): the $escape parameter must be provided as its default value will change in Command line code on line 9
[11-Jun-2026 23:55:55 America/El_Salvador] [sietelsa] {"ts":"2026-06-11T23:55:55-06:00","message":"Runtime warning","context":{"severity":8192,"message":"fputcsv(): the $escape parameter must be provided as its default value will change","file":"Command line code","line":9}}
[11-Jun-2026 23:55:55 America/El_Salvador] PHP Deprecated:  fputcsv(): the $escape parameter must be provided as its default value will change in Command line code on line 9
[11-Jun-2026 23:55:55 America/El_Salvador] [sietelsa] {"ts":"2026-06-11T23:55:55-06:00","message":"Runtime warning","context":{"severity":8192,"message":"fputcsv(): the $escape parameter must be provided as its default value will change","file":"Command line code","line":9}}
[11-Jun-2026 23:55:55 America/El_Salvador] PHP Deprecated:  fputcsv(): the $escape parameter must be provided as its default value will change in Command line code on line 9
[11-Jun-2026 23:55:55 America/El_Salvador] [sietelsa] {"ts":"2026-06-11T23:55:55-06:00","message":"Runtime warning","context":{"severity":8192,"message":"fputcsv(): the $escape parameter must be provided as its default value will change","file":"Command line code","line":9}}
[11-Jun-2026 23:55:55 America/El_Salvador] PHP Deprecated:  fputcsv(): the $escape parameter must be provided as its default value will change in Command line code on line 9
[11-Jun-2026 23:55:55 America/El_Salvador] [sietelsa] {"ts":"2026-06-11T23:55:55-06:00","message":"Runtime warning","context":{"severity":8192,"message":"fputcsv(): the $escape parameter must be provided as its default value will change","file":"Command line code","line":9}}
[11-Jun-2026 23:55:55 America/El_Salvador] PHP Deprecated:  fputcsv(): the $escape parameter must be provided as its default value will change in Command line code on line 9
[11-Jun-2026 23:55:55 America/El_Salvador] [sietelsa] {"ts":"2026-06-11T23:55:55-06:00","message":"Runtime warning","context":{"severity":8192,"message":"fputcsv(): the $escape parameter must be provided as its default value will change","file":"Command line code","line":9}}
[11-Jun-2026 23:55:55 America/El_Salvador] PHP Deprecated:  fputcsv(): the $escape parameter must be provided as its default value will change in Command line code on line 9
[11-Jun-2026 23:55:55 America/El_Salvador] [sietelsa] {"ts":"2026-06-11T23:55:55-06:00","message":"Runtime warning","context":{"severity":8192,"message":"fputcsv(): the $escape parameter must be provided as its default value will change","file":"Command line code","line":9}}
[11-Jun-2026 23:55:55 America/El_Salvador] PHP Deprecated:  fputcsv(): the $escape parameter must be provided as its default value will change in Command line code on line 9
[11-Jun-2026 23:55:55 America/El_Salvador] [sietelsa] {"ts":"2026-06-11T23:55:55-06:00","message":"Runtime warning","context":{"severity":8192,"message":"fputcsv(): the $escape parameter must be provided as its default value will change","file":"Command line code","line":9}}
[11-Jun-2026 23:55:55 America/El_Salvador] PHP Deprecated:  fputcsv(): the $escape parameter must be provided as its default value will change in Command line code on line 9
[11-Jun-2026 23:55:55 America/El_Salvador] [sietelsa] {"ts":"2026-06-11T23:55:55-06:00","message":"Runtime warning","context":{"severity":8192,"message":"fputcsv(): the $escape parameter must be provided as its default value will change","file":"Command line code","line":9}}
[11-Jun-2026 23:55:55 America/El_Salvador] PHP Deprecated:  fputcsv(): the $escape parameter must be provided as its default value will change in Command line code on line 9
[11-Jun-2026 23:55:55 America/El_Salvador] [sietelsa] {"ts":"2026-06-11T23:55:55-06:00","message":"Runtime warning","context":{"severity":8192,"message":"fputcsv(): the $escape parameter must be provided as its default value will change","file":"Command line code","line":9}}
[11-Jun-2026 23:55:55 America/El_Salvador] PHP Deprecated:  fputcsv(): the $escape parameter must be provided as its default value will change in Command line code on line 9
[11-Jun-2026 23:55:55 America/El_Salvador] [sietelsa] {"ts":"2026-06-11T23:55:55-06:00","message":"Runtime warning","context":{"severity":8192,"message":"fputcsv(): the $escape parameter must be provided as its default value will change","file":"Command line code","line":9}}
[11-Jun-2026 23:55:55 America/El_Salvador] PHP Deprecated:  fputcsv(): the $escape parameter must be provided as its default value will change in Command line code on line 9
[11-Jun-2026 23:55:55 America/El_Salvador] [sietelsa] {"ts":"2026-06-11T23:55:55-06:00","message":"Runtime warning","context":{"severity":8192,"message":"fputcsv(): the $escape parameter must be provided as its default value will change","file":"Command line code","line":9}}
[11-Jun-2026 23:55:55 America/El_Salvador] PHP Deprecated:  fputcsv(): the $escape parameter must be provided as its default value will change in Command line code on line 9
[11-Jun-2026 23:55:55 America/El_Salvador] [sietelsa] {"ts":"2026-06-11T23:55:55-06:00","message":"Runtime warning","context":{"severity":8192,"message":"fputcsv(): the $escape parameter must be provided as its default value will change","file":"Command line code","line":9}}
[11-Jun-2026 23:55:55 America/El_Salvador] PHP Deprecated:  fputcsv(): the $escape parameter must be provided as its default value will change in Command line code on line 9
[11-Jun-2026 23:55:55 America/El_Salvador] [sietelsa] {"ts":"2026-06-11T23:55:55-06:00","message":"Runtime warning","context":{"severity":8192,"message":"fputcsv(): the $escape parameter must be provided as its default value will change","file":"Command line code","line":9}}
[11-Jun-2026 23:55:55 America/El_Salvador] PHP Deprecated:  fputcsv(): the $escape parameter must be provided as its default value will change in Command line code on line 9
[11-Jun-2026 23:55:55 America/El_Salvador] [sietelsa] {"ts":"2026-06-11T23:55:55-06:00","message":"Runtime warning","context":{"severity":8192,"message":"fputcsv(): the $escape parameter must be provided as its default value will change","file":"Command line code","line":9}}
[11-Jun-2026 23:55:55 America/El_Salvador] PHP Deprecated:  fputcsv(): the $escape parameter must be provided as its default value will change in Command line code on line 9
[11-Jun-2026 23:55:55 America/El_Salvador] [sietelsa] {"ts":"2026-06-11T23:55:55-06:00","message":"Runtime warning","context":{"severity":8192,"message":"fputcsv(): the $escape parameter must be provided as its default value will change","file":"Command line code","line":9}}
[11-Jun-2026 23:55:55 America/El_Salvador] PHP Deprecated:  fputcsv(): the $escape parameter must be provided as its default value will change in Command line code on line 9
[11-Jun-2026 23:55:55 America/El_Salvador] [sietelsa] {"ts":"2026-06-11T23:55:55-06:00","message":"Runtime warning","context":{"severity":8192,"message":"fputcsv(): the $escape parameter must be provided as its default value will change","file":"Command line code","line":9}}
[11-Jun-2026 23:55:55 America/El_Salvador] PHP Deprecated:  fputcsv(): the $escape parameter must be provided as its default value will change in Command line code on line 9
[11-Jun-2026 23:55:55 America/El_Salvador] [sietelsa] {"ts":"2026-06-11T23:55:55-06:00","message":"Runtime warning","context":{"severity":8192,"message":"fputcsv(): the $escape parameter must be provided as its default value will change","file":"Command line code","line":9}}
[11-Jun-2026 23:55:55 America/El_Salvador] PHP Deprecated:  fputcsv(): the $escape parameter must be provided as its default value will change in Command line code on line 9
[11-Jun-2026 23:55:55 America/El_Salvador] [sietelsa] {"ts":"2026-06-11T23:55:55-06:00","message":"Runtime warning","context":{"severity":8192,"message":"fputcsv(): the $escape parameter must be provided as its default value will change","file":"Command line code","line":9}}
[11-Jun-2026 23:55:55 America/El_Salvador] PHP Deprecated:  fputcsv(): the $escape parameter must be provided as its default value will change in Command line code on line 9
[11-Jun-2026 23:55:55 America/El_Salvador] [sietelsa] {"ts":"2026-06-11T23:55:55-06:00","message":"Runtime warning","context":{"severity":8192,"message":"fputcsv(): the $escape parameter must be provided as its default value will change","file":"Command line code","line":9}}
[11-Jun-2026 23:55:55 America/El_Salvador] PHP Deprecated:  fputcsv(): the $escape parameter must be provided as its default value will change in Command line code on line 9
[11-Jun-2026 23:55:55 America/El_Salvador] [sietelsa] {"ts":"2026-06-11T23:55:55-06:00","message":"Runtime warning","context":{"severity":8192,"message":"fputcsv(): the $escape parameter must be provided as its default value will change","file":"Command line code","line":9}}
[11-Jun-2026 23:55:55 America/El_Salvador] PHP Deprecated:  fputcsv(): the $escape parameter must be provided as its default value will change in Command line code on line 9
[11-Jun-2026 23:55:55 America/El_Salvador] [sietelsa] {"ts":"2026-06-11T23:55:55-06:00","message":"Runtime warning","context":{"severity":8192,"message":"fputcsv(): the $escape parameter must be provided as its default value will change","file":"Command line code","line":9}}
[11-Jun-2026 23:55:55 America/El_Salvador] PHP Deprecated:  fputcsv(): the $escape parameter must be provided as its default value will change in Command line code on line 9
[11-Jun-2026 23:55:55 America/El_Salvador] [sietelsa] {"ts":"2026-06-11T23:55:55-06:00","message":"Runtime warning","context":{"severity":8192,"message":"fputcsv(): the $escape parameter must be provided as its default value will change","file":"Command line code","line":9}}
[11-Jun-2026 23:55:55 America/El_Salvador] PHP Deprecated:  fputcsv(): the $escape parameter must be provided as its default value will change in Command line code on line 9
[11-Jun-2026 23:55:55 America/El_Salvador] [sietelsa] {"ts":"2026-06-11T23:55:55-06:00","message":"Runtime warning","context":{"severity":8192,"message":"fputcsv(): the $escape parameter must be provided as its default value will change","file":"Command line code","line":9}}
[11-Jun-2026 23:55:55 America/El_Salvador] PHP Deprecated:  fputcsv(): the $escape parameter must be provided as its default value will change in Command line code on line 9
[11-Jun-2026 23:55:55 America/El_Salvador] [sietelsa] {"ts":"2026-06-11T23:55:55-06:00","message":"Runtime warning","context":{"severity":8192,"message":"fputcsv(): the $escape parameter must be provided as its default value will change","file":"Command line code","line":9}}
[11-Jun-2026 23:55:55 America/El_Salvador] PHP Deprecated:  fputcsv(): the $escape parameter must be provided as its default value will change in Command line code on line 9
[11-Jun-2026 23:55:55 America/El_Salvador] [sietelsa] {"ts":"2026-06-11T23:55:55-06:00","message":"Runtime warning","context":{"severity":8192,"message":"fputcsv(): the $escape parameter must be provided as its default value will change","file":"Command line code","line":9}}
[11-Jun-2026 23:55:55 America/El_Salvador] PHP Deprecated:  fputcsv(): the $escape parameter must be provided as its default value will change in Command line code on line 9
[11-Jun-2026 23:55:55 America/El_Salvador] [sietelsa] {"ts":"2026-06-11T23:55:55-06:00","message":"Runtime warning","context":{"severity":8192,"message":"fputcsv(): the $escape parameter must be provided as its default value will change","file":"Command line code","line":9}}
[11-Jun-2026 23:55:55 America/El_Salvador] PHP Deprecated:  fputcsv(): the $escape parameter must be provided as its default value will change in Command line code on line 9
[11-Jun-2026 23:55:55 America/El_Salvador] [sietelsa] {"ts":"2026-06-11T23:55:55-06:00","message":"Runtime warning","context":{"severity":8192,"message":"fputcsv(): the $escape parameter must be provided as its default value will change","file":"Command line code","line":9}}
[11-Jun-2026 23:55:55 America/El_Salvador] PHP Deprecated:  fputcsv(): the $escape parameter must be provided as its default value will change in Command line code on line 9
[11-Jun-2026 23:55:55 America/El_Salvador] [sietelsa] {"ts":"2026-06-11T23:55:55-06:00","message":"Runtime warning","context":{"severity":8192,"message":"fputcsv(): the $escape parameter must be provided as its default value will change","file":"Command line code","line":9}}
[11-Jun-2026 23:55:55 America/El_Salvador] PHP Deprecated:  fputcsv(): the $escape parameter must be provided as its default value will change in Command line code on line 9
[11-Jun-2026 23:55:55 America/El_Salvador] [sietelsa] {"ts":"2026-06-11T23:55:55-06:00","message":"Runtime warning","context":{"severity":8192,"message":"fputcsv(): the $escape parameter must be provided as its default value will change","file":"Command line code","line":9}}
[11-Jun-2026 23:55:55 America/El_Salvador] PHP Deprecated:  fputcsv(): the $escape parameter must be provided as its default value will change in Command line code on line 9
[11-Jun-2026 23:55:55 America/El_Salvador] [sietelsa] {"ts":"2026-06-11T23:55:55-06:00","message":"Runtime warning","context":{"severity":8192,"message":"fputcsv(): the $escape parameter must be provided as its default value will change","file":"Command line code","line":9}}
[11-Jun-2026 23:55:55 America/El_Salvador] PHP Deprecated:  fputcsv(): the $escape parameter must be provided as its default value will change in Command line code on line 9
[11-Jun-2026 23:55:55 America/El_Salvador] [sietelsa] {"ts":"2026-06-11T23:55:55-06:00","message":"Runtime warning","context":{"severity":8192,"message":"fputcsv(): the $escape parameter must be provided as its default value will change","file":"Command line code","line":9}}
[11-Jun-2026 23:55:55 America/El_Salvador] PHP Deprecated:  fputcsv(): the $escape parameter must be provided as its default value will change in Command line code on line 9
[11-Jun-2026 23:55:55 America/El_Salvador] [sietelsa] {"ts":"2026-06-11T23:55:55-06:00","message":"Runtime warning","context":{"severity":8192,"message":"fputcsv(): the $escape parameter must be provided as its default value will change","file":"Command line code","line":9}}
[11-Jun-2026 23:55:55 America/El_Salvador] PHP Deprecated:  fputcsv(): the $escape parameter must be provided as its default value will change in Command line code on line 9
[11-Jun-2026 23:55:55 America/El_Salvador] [sietelsa] {"ts":"2026-06-11T23:55:55-06:00","message":"Runtime warning","context":{"severity":8192,"message":"fputcsv(): the $escape parameter must be provided as its default value will change","file":"Command line code","line":9}}
[11-Jun-2026 23:55:55 America/El_Salvador] PHP Deprecated:  fputcsv(): the $escape parameter must be provided as its default value will change in Command line code on line 9
[11-Jun-2026 23:55:55 America/El_Salvador] [sietelsa] {"ts":"2026-06-11T23:55:55-06:00","message":"Runtime warning","context":{"severity":8192,"message":"fputcsv(): the $escape parameter must be provided as its default value will change","file":"Command line code","line":9}}
[11-Jun-2026 23:55:55 America/El_Salvador] PHP Deprecated:  fputcsv(): the $escape parameter must be provided as its default value will change in Command line code on line 9
[11-Jun-2026 23:55:55 America/El_Salvador] [sietelsa] {"ts":"2026-06-11T23:55:55-06:00","message":"Runtime warning","context":{"severity":8192,"message":"fputcsv(): the $escape parameter must be provided as its default value will change","file":"Command line code","line":9}}
[11-Jun-2026 23:55:55 America/El_Salvador] PHP Deprecated:  fputcsv(): the $escape parameter must be provided as its default value will change in Command line code on line 9
[11-Jun-2026 23:55:55 America/El_Salvador] [sietelsa] {"ts":"2026-06-11T23:55:55-06:00","message":"Runtime warning","context":{"severity":8192,"message":"fputcsv(): the $escape parameter must be provided as its default value will change","file":"Command line code","line":9}}
[11-Jun-2026 23:55:55 America/El_Salvador] PHP Deprecated:  fputcsv(): the $escape parameter must be provided as its default value will change in Command line code on line 9
[11-Jun-2026 23:55:55 America/El_Salvador] [sietelsa] {"ts":"2026-06-11T23:55:55-06:00","message":"Runtime warning","context":{"severity":8192,"message":"fputcsv(): the $escape parameter must be provided as its default value will change","file":"Command line code","line":9}}
[11-Jun-2026 23:55:55 America/El_Salvador] PHP Deprecated:  fputcsv(): the $escape parameter must be provided as its default value will change in Command line code on line 9
[11-Jun-2026 23:55:55 America/El_Salvador] [sietelsa] {"ts":"2026-06-11T23:55:55-06:00","message":"Runtime warning","context":{"severity":8192,"message":"fputcsv(): the $escape parameter must be provided as its default value will change","file":"Command line code","line":9}}
[11-Jun-2026 23:55:55 America/El_Salvador] PHP Deprecated:  fputcsv(): the $escape parameter must be provided as its default value will change in Command line code on line 9
[11-Jun-2026 23:55:55 America/El_Salvador] [sietelsa] {"ts":"2026-06-11T23:55:55-06:00","message":"Runtime warning","context":{"severity":8192,"message":"fputcsv(): the $escape parameter must be provided as its default value will change","file":"Command line code","line":9}}
[11-Jun-2026 23:55:55 America/El_Salvador] PHP Deprecated:  fputcsv(): the $escape parameter must be provided as its default value will change in Command line code on line 9
[11-Jun-2026 23:55:55 America/El_Salvador] [sietelsa] {"ts":"2026-06-11T23:55:55-06:00","message":"Runtime warning","context":{"severity":8192,"message":"fputcsv(): the $escape parameter must be provided as its default value will change","file":"Command line code","line":9}}
[11-Jun-2026 23:55:55 America/El_Salvador] PHP Deprecated:  fputcsv(): the $escape parameter must be provided as its default value will change in Command line code on line 9
[11-Jun-2026 23:55:55 America/El_Salvador] [sietelsa] {"ts":"2026-06-11T23:55:55-06:00","message":"Runtime warning","context":{"severity":8192,"message":"fputcsv(): the $escape parameter must be provided as its default value will change","file":"Command line code","line":9}}
[11-Jun-2026 23:55:55 America/El_Salvador] PHP Deprecated:  fputcsv(): the $escape parameter must be provided as its default value will change in Command line code on line 9
[11-Jun-2026 23:55:55 America/El_Salvador] [sietelsa] {"ts":"2026-06-11T23:55:55-06:00","message":"Runtime warning","context":{"severity":8192,"message":"fputcsv(): the $escape parameter must be provided as its default value will change","file":"Command line code","line":9}}
[11-Jun-2026 23:55:55 America/El_Salvador] PHP Deprecated:  fputcsv(): the $escape parameter must be provided as its default value will change in Command line code on line 9
[11-Jun-2026 23:55:55 America/El_Salvador] [sietelsa] {"ts":"2026-06-11T23:55:55-06:00","message":"Runtime warning","context":{"severity":8192,"message":"fputcsv(): the $escape parameter must be provided as its default value will change","file":"Command line code","line":9}}
[11-Jun-2026 23:55:55 America/El_Salvador] PHP Deprecated:  fputcsv(): the $escape parameter must be provided as its default value will change in Command line code on line 9
[11-Jun-2026 23:55:55 America/El_Salvador] [sietelsa] {"ts":"2026-06-11T23:55:55-06:00","message":"Runtime warning","context":{"severity":8192,"message":"fputcsv(): the $escape parameter must be provided as its default value will change","file":"Command line code","line":9}}
[11-Jun-2026 23:55:55 America/El_Salvador] PHP Deprecated:  fputcsv(): the $escape parameter must be provided as its default value will change in Command line code on line 9
[11-Jun-2026 23:55:55 America/El_Salvador] [sietelsa] {"ts":"2026-06-11T23:55:55-06:00","message":"Runtime warning","context":{"severity":8192,"message":"fputcsv(): the $escape parameter must be provided as its default value will change","file":"Command line code","line":9}}
[11-Jun-2026 23:55:55 America/El_Salvador] PHP Deprecated:  fputcsv(): the $escape parameter must be provided as its default value will change in Command line code on line 9
[11-Jun-2026 23:55:55 America/El_Salvador] [sietelsa] {"ts":"2026-06-11T23:55:55-06:00","message":"Runtime warning","context":{"severity":8192,"message":"fputcsv(): the $escape parameter must be provided as its default value will change","file":"Command line code","line":9}}
[11-Jun-2026 23:55:55 America/El_Salvador] PHP Deprecated:  fputcsv(): the $escape parameter must be provided as its default value will change in Command line code on line 9
[11-Jun-2026 23:55:55 America/El_Salvador] [sietelsa] {"ts":"2026-06-11T23:55:55-06:00","message":"Runtime warning","context":{"severity":8192,"message":"fputcsv(): the $escape parameter must be provided as its default value will change","file":"Command line code","line":9}}
[11-Jun-2026 23:55:55 America/El_Salvador] PHP Deprecated:  fputcsv(): the $escape parameter must be provided as its default value will change in Command line code on line 9
[11-Jun-2026 23:55:55 America/El_Salvador] [sietelsa] {"ts":"2026-06-11T23:55:55-06:00","message":"Runtime warning","context":{"severity":8192,"message":"fputcsv(): the $escape parameter must be provided as its default value will change","file":"Command line code","line":9}}
[11-Jun-2026 23:55:55 America/El_Salvador] PHP Deprecated:  fputcsv(): the $escape parameter must be provided as its default value will change in Command line code on line 9
[11-Jun-2026 23:55:55 America/El_Salvador] [sietelsa] {"ts":"2026-06-11T23:55:55-06:00","message":"Runtime warning","context":{"severity":8192,"message":"fputcsv(): the $escape parameter must be provided as its default value will change","file":"Command line code","line":9}}
[11-Jun-2026 23:55:55 America/El_Salvador] PHP Deprecated:  fputcsv(): the $escape parameter must be provided as its default value will change in Command line code on line 9
[11-Jun-2026 23:55:55 America/El_Salvador] [sietelsa] {"ts":"2026-06-11T23:55:55-06:00","message":"Runtime warning","context":{"severity":8192,"message":"fputcsv(): the $escape parameter must be provided as its default value will change","file":"Command line code","line":9}}
[11-Jun-2026 23:55:55 America/El_Salvador] PHP Deprecated:  fputcsv(): the $escape parameter must be provided as its default value will change in Command line code on line 9
[11-Jun-2026 23:55:55 America/El_Salvador] [sietelsa] {"ts":"2026-06-11T23:55:55-06:00","message":"Runtime warning","context":{"severity":8192,"message":"fputcsv(): the $escape parameter must be provided as its default value will change","file":"Command line code","line":9}}
[11-Jun-2026 23:55:55 America/El_Salvador] PHP Deprecated:  fputcsv(): the $escape parameter must be provided as its default value will change in Command line code on line 9
[11-Jun-2026 23:55:55 America/El_Salvador] [sietelsa] {"ts":"2026-06-11T23:55:55-06:00","message":"Runtime warning","context":{"severity":8192,"message":"fputcsv(): the $escape parameter must be provided as its default value will change","file":"Command line code","line":9}}
[11-Jun-2026 23:55:55 America/El_Salvador] PHP Deprecated:  fputcsv(): the $escape parameter must be provided as its default value will change in Command line code on line 9
[11-Jun-2026 23:55:55 America/El_Salvador] [sietelsa] {"ts":"2026-06-11T23:55:55-06:00","message":"Runtime warning","context":{"severity":8192,"message":"fputcsv(): the $escape parameter must be provided as its default value will change","file":"Command line code","line":9}}
[11-Jun-2026 23:55:55 America/El_Salvador] PHP Deprecated:  fputcsv(): the $escape parameter must be provided as its default value will change in Command line code on line 9
[11-Jun-2026 23:55:55 America/El_Salvador] [sietelsa] {"ts":"2026-06-11T23:55:55-06:00","message":"Runtime warning","context":{"severity":8192,"message":"fputcsv(): the $escape parameter must be provided as its default value will change","file":"Command line code","line":9}}
[11-Jun-2026 23:55:55 America/El_Salvador] PHP Deprecated:  fputcsv(): the $escape parameter must be provided as its default value will change in Command line code on line 9
[11-Jun-2026 23:55:55 America/El_Salvador] [sietelsa] {"ts":"2026-06-11T23:55:55-06:00","message":"Runtime warning","context":{"severity":8192,"message":"fputcsv(): the $escape parameter must be provided as its default value will change","file":"Command line code","line":9}}
[11-Jun-2026 23:55:55 America/El_Salvador] PHP Deprecated:  fputcsv(): the $escape parameter must be provided as its default value will change in Command line code on line 9
[11-Jun-2026 23:55:55 America/El_Salvador] [sietelsa] {"ts":"2026-06-11T23:55:55-06:00","message":"Runtime warning","context":{"severity":8192,"message":"fputcsv(): the $escape parameter must be provided as its default value will change","file":"Command line code","line":9}}
[11-Jun-2026 23:55:55 America/El_Salvador] PHP Deprecated:  fputcsv(): the $escape parameter must be provided as its default value will change in Command line code on line 9
[11-Jun-2026 23:55:55 America/El_Salvador] [sietelsa] {"ts":"2026-06-11T23:55:55-06:00","message":"Runtime warning","context":{"severity":8192,"message":"fputcsv(): the $escape parameter must be provided as its default value will change","file":"Command line code","line":9}}
[11-Jun-2026 23:55:55 America/El_Salvador] PHP Deprecated:  fputcsv(): the $escape parameter must be provided as its default value will change in Command line code on line 9
[11-Jun-2026 23:55:55 America/El_Salvador] [sietelsa] {"ts":"2026-06-11T23:55:55-06:00","message":"Runtime warning","context":{"severity":8192,"message":"fputcsv(): the $escape parameter must be provided as its default value will change","file":"Command line code","line":9}}
[11-Jun-2026 23:55:55 America/El_Salvador] PHP Deprecated:  fputcsv(): the $escape parameter must be provided as its default value will change in Command line code on line 9
[11-Jun-2026 23:55:55 America/El_Salvador] [sietelsa] {"ts":"2026-06-11T23:55:55-06:00","message":"Runtime warning","context":{"severity":8192,"message":"fputcsv(): the $escape parameter must be provided as its default value will change","file":"Command line code","line":9}}
[11-Jun-2026 23:55:55 America/El_Salvador] PHP Deprecated:  fputcsv(): the $escape parameter must be provided as its default value will change in Command line code on line 9
[11-Jun-2026 23:55:55 America/El_Salvador] [sietelsa] {"ts":"2026-06-11T23:55:55-06:00","message":"Runtime warning","context":{"severity":8192,"message":"fputcsv(): the $escape parameter must be provided as its default value will change","file":"Command line code","line":9}}
[11-Jun-2026 23:55:55 America/El_Salvador] PHP Deprecated:  fputcsv(): the $escape parameter must be provided as its default value will change in Command line code on line 9
[11-Jun-2026 23:55:55 America/El_Salvador] [sietelsa] {"ts":"2026-06-11T23:55:55-06:00","message":"Runtime warning","context":{"severity":8192,"message":"fputcsv(): the $escape parameter must be provided as its default value will change","file":"Command line code","line":9}}
[11-Jun-2026 23:55:55 America/El_Salvador] PHP Deprecated:  fputcsv(): the $escape parameter must be provided as its default value will change in Command line code on line 9
[11-Jun-2026 23:55:55 America/El_Salvador] [sietelsa] {"ts":"2026-06-11T23:55:55-06:00","message":"Runtime warning","context":{"severity":8192,"message":"fputcsv(): the $escape parameter must be provided as its default value will change","file":"Command line code","line":9}}
[11-Jun-2026 23:55:55 America/El_Salvador] PHP Deprecated:  fputcsv(): the $escape parameter must be provided as its default value will change in Command line code on line 9
[11-Jun-2026 23:55:55 America/El_Salvador] [sietelsa] {"ts":"2026-06-11T23:55:55-06:00","message":"Runtime warning","context":{"severity":8192,"message":"fputcsv(): the $escape parameter must be provided as its default value will change","file":"Command line code","line":9}}
[11-Jun-2026 23:55:55 America/El_Salvador] PHP Deprecated:  fputcsv(): the $escape parameter must be provided as its default value will change in Command line code on line 9
[11-Jun-2026 23:55:55 America/El_Salvador] [sietelsa] {"ts":"2026-06-11T23:55:55-06:00","message":"Runtime warning","context":{"severity":8192,"message":"fputcsv(): the $escape parameter must be provided as its default value will change","file":"Command line code","line":9}}
[11-Jun-2026 23:55:55 America/El_Salvador] PHP Deprecated:  fputcsv(): the $escape parameter must be provided as its default value will change in Command line code on line 9
[11-Jun-2026 23:55:55 America/El_Salvador] [sietelsa] {"ts":"2026-06-11T23:55:55-06:00","message":"Runtime warning","context":{"severity":8192,"message":"fputcsv(): the $escape parameter must be provided as its default value will change","file":"Command line code","line":9}}
[11-Jun-2026 23:55:55 America/El_Salvador] PHP Deprecated:  fputcsv(): the $escape parameter must be provided as its default value will change in Command line code on line 9
[11-Jun-2026 23:55:55 America/El_Salvador] [sietelsa] {"ts":"2026-06-11T23:55:55-06:00","message":"Runtime warning","context":{"severity":8192,"message":"fputcsv(): the $escape parameter must be provided as its default value will change","file":"Command line code","line":9}}
[11-Jun-2026 23:55:55 America/El_Salvador] PHP Deprecated:  fputcsv(): the $escape parameter must be provided as its default value will change in Command line code on line 9
[11-Jun-2026 23:55:55 America/El_Salvador] [sietelsa] {"ts":"2026-06-11T23:55:55-06:00","message":"Runtime warning","context":{"severity":8192,"message":"fputcsv(): the $escape parameter must be provided as its default value will change","file":"Command line code","line":9}}
[11-Jun-2026 23:55:55 America/El_Salvador] PHP Deprecated:  fputcsv(): the $escape parameter must be provided as its default value will change in Command line code on line 9
[11-Jun-2026 23:55:55 America/El_Salvador] [sietelsa] {"ts":"2026-06-11T23:55:55-06:00","message":"Runtime warning","context":{"severity":8192,"message":"fputcsv(): the $escape parameter must be provided as its default value will change","file":"Command line code","line":9}}
[11-Jun-2026 23:55:55 America/El_Salvador] PHP Deprecated:  fputcsv(): the $escape parameter must be provided as its default value will change in Command line code on line 9
[11-Jun-2026 23:55:55 America/El_Salvador] [sietelsa] {"ts":"2026-06-11T23:55:55-06:00","message":"Runtime warning","context":{"severity":8192,"message":"fputcsv(): the $escape parameter must be provided as its default value will change","file":"Command line code","line":9}}
[11-Jun-2026 23:55:55 America/El_Salvador] PHP Deprecated:  fputcsv(): the $escape parameter must be provided as its default value will change in Command line code on line 9
[11-Jun-2026 23:55:55 America/El_Salvador] [sietelsa] {"ts":"2026-06-11T23:55:55-06:00","message":"Runtime warning","context":{"severity":8192,"message":"fputcsv(): the $escape parameter must be provided as its default value will change","file":"Command line code","line":9}}
[11-Jun-2026 23:55:55 America/El_Salvador] PHP Deprecated:  fputcsv(): the $escape parameter must be provided as its default value will change in Command line code on line 9
[11-Jun-2026 23:55:55 America/El_Salvador] [sietelsa] {"ts":"2026-06-11T23:55:55-06:00","message":"Runtime warning","context":{"severity":8192,"message":"fputcsv(): the $escape parameter must be provided as its default value will change","file":"Command line code","line":9}}
[11-Jun-2026 23:55:55 America/El_Salvador] PHP Deprecated:  fputcsv(): the $escape parameter must be provided as its default value will change in Command line code on line 9
[11-Jun-2026 23:55:55 America/El_Salvador] [sietelsa] {"ts":"2026-06-11T23:55:55-06:00","message":"Runtime warning","context":{"severity":8192,"message":"fputcsv(): the $escape parameter must be provided as its default value will change","file":"Command line code","line":9}}
[11-Jun-2026 23:55:55 America/El_Salvador] PHP Deprecated:  fputcsv(): the $escape parameter must be provided as its default value will change in Command line code on line 9
[11-Jun-2026 23:55:55 America/El_Salvador] [sietelsa] {"ts":"2026-06-11T23:55:55-06:00","message":"Runtime warning","context":{"severity":8192,"message":"fputcsv(): the $escape parameter must be provided as its default value will change","file":"Command line code","line":9}}
[11-Jun-2026 23:55:55 America/El_Salvador] PHP Deprecated:  fputcsv(): the $escape parameter must be provided as its default value will change in Command line code on line 9
[11-Jun-2026 23:55:55 America/El_Salvador] [sietelsa] {"ts":"2026-06-11T23:55:55-06:00","message":"Runtime warning","context":{"severity":8192,"message":"fputcsv(): the $escape parameter must be provided as its default value will change","file":"Command line code","line":9}}
[11-Jun-2026 23:55:55 America/El_Salvador] PHP Deprecated:  fputcsv(): the $escape parameter must be provided as its default value will change in Command line code on line 9
[11-Jun-2026 23:55:55 America/El_Salvador] [sietelsa] {"ts":"2026-06-11T23:55:55-06:00","message":"Runtime warning","context":{"severity":8192,"message":"fputcsv(): the $escape parameter must be provided as its default value will change","file":"Command line code","line":9}}
[11-Jun-2026 23:55:55 America/El_Salvador] PHP Deprecated:  fputcsv(): the $escape parameter must be provided as its default value will change in Command line code on line 9
[11-Jun-2026 23:55:55 America/El_Salvador] [sietelsa] {"ts":"2026-06-11T23:55:55-06:00","message":"Runtime warning","context":{"severity":8192,"message":"fputcsv(): the $escape parameter must be provided as its default value will change","file":"Command line code","line":9}}
[11-Jun-2026 23:55:55 America/El_Salvador] PHP Deprecated:  fputcsv(): the $escape parameter must be provided as its default value will change in Command line code on line 9
[11-Jun-2026 23:55:55 America/El_Salvador] [sietelsa] {"ts":"2026-06-11T23:55:55-06:00","message":"Runtime warning","context":{"severity":8192,"message":"fputcsv(): the $escape parameter must be provided as its default value will change","file":"Command line code","line":9}}
[11-Jun-2026 23:55:55 America/El_Salvador] PHP Deprecated:  fputcsv(): the $escape parameter must be provided as its default value will change in Command line code on line 9
[11-Jun-2026 23:55:55 America/El_Salvador] [sietelsa] {"ts":"2026-06-11T23:55:55-06:00","message":"Runtime warning","context":{"severity":8192,"message":"fputcsv(): the $escape parameter must be provided as its default value will change","file":"Command line code","line":9}}
[11-Jun-2026 23:55:55 America/El_Salvador] PHP Deprecated:  fputcsv(): the $escape parameter must be provided as its default value will change in Command line code on line 9
[11-Jun-2026 23:55:55 America/El_Salvador] [sietelsa] {"ts":"2026-06-11T23:55:55-06:00","message":"Runtime warning","context":{"severity":8192,"message":"fputcsv(): the $escape parameter must be provided as its default value will change","file":"Command line code","line":9}}
[11-Jun-2026 23:55:55 America/El_Salvador] PHP Deprecated:  fputcsv(): the $escape parameter must be provided as its default value will change in Command line code on line 9
[11-Jun-2026 23:55:55 America/El_Salvador] [sietelsa] {"ts":"2026-06-11T23:55:55-06:00","message":"Runtime warning","context":{"severity":8192,"message":"fputcsv(): the $escape parameter must be provided as its default value will change","file":"Command line code","line":9}}
[11-Jun-2026 23:55:55 America/El_Salvador] PHP Deprecated:  fputcsv(): the $escape parameter must be provided as its default value will change in Command line code on line 9
[11-Jun-2026 23:55:55 America/El_Salvador] [sietelsa] {"ts":"2026-06-11T23:55:55-06:00","message":"Runtime warning","context":{"severity":8192,"message":"fputcsv(): the $escape parameter must be provided as its default value will change","file":"Command line code","line":9}}
[11-Jun-2026 23:55:55 America/El_Salvador] PHP Deprecated:  fputcsv(): the $escape parameter must be provided as its default value will change in Command line code on line 9
[11-Jun-2026 23:55:55 America/El_Salvador] [sietelsa] {"ts":"2026-06-11T23:55:55-06:00","message":"Runtime warning","context":{"severity":8192,"message":"fputcsv(): the $escape parameter must be provided as its default value will change","file":"Command line code","line":9}}
[11-Jun-2026 23:55:55 America/El_Salvador] PHP Deprecated:  fputcsv(): the $escape parameter must be provided as its default value will change in Command line code on line 9
[11-Jun-2026 23:55:55 America/El_Salvador] [sietelsa] {"ts":"2026-06-11T23:55:55-06:00","message":"Runtime warning","context":{"severity":8192,"message":"fputcsv(): the $escape parameter must be provided as its default value will change","file":"Command line code","line":9}}
[11-Jun-2026 23:55:55 America/El_Salvador] PHP Deprecated:  fputcsv(): the $escape parameter must be provided as its default value will change in Command line code on line 9
[11-Jun-2026 23:55:55 America/El_Salvador] [sietelsa] {"ts":"2026-06-11T23:55:55-06:00","message":"Runtime warning","context":{"severity":8192,"message":"fputcsv(): the $escape parameter must be provided as its default value will change","file":"Command line code","line":9}}
[11-Jun-2026 23:55:55 America/El_Salvador] PHP Deprecated:  fputcsv(): the $escape parameter must be provided as its default value will change in Command line code on line 9
[11-Jun-2026 23:55:55 America/El_Salvador] [sietelsa] {"ts":"2026-06-11T23:55:55-06:00","message":"Runtime warning","context":{"severity":8192,"message":"fputcsv(): the $escape parameter must be provided as its default value will change","file":"Command line code","line":9}}
[11-Jun-2026 23:55:55 America/El_Salvador] PHP Deprecated:  fputcsv(): the $escape parameter must be provided as its default value will change in Command line code on line 9
[11-Jun-2026 23:55:55 America/El_Salvador] [sietelsa] {"ts":"2026-06-11T23:55:55-06:00","message":"Runtime warning","context":{"severity":8192,"message":"fputcsv(): the $escape parameter must be provided as its default value will change","file":"Command line code","line":9}}
[11-Jun-2026 23:55:55 America/El_Salvador] PHP Deprecated:  fputcsv(): the $escape parameter must be provided as its default value will change in Command line code on line 9
[11-Jun-2026 23:55:55 America/El_Salvador] [sietelsa] {"ts":"2026-06-11T23:55:55-06:00","message":"Runtime warning","context":{"severity":8192,"message":"fputcsv(): the $escape parameter must be provided as its default value will change","file":"Command line code","line":9}}
[11-Jun-2026 23:55:55 America/El_Salvador] PHP Deprecated:  fputcsv(): the $escape parameter must be provided as its default value will change in Command line code on line 9
[11-Jun-2026 23:55:55 America/El_Salvador] [sietelsa] {"ts":"2026-06-11T23:55:55-06:00","message":"Runtime warning","context":{"severity":8192,"message":"fputcsv(): the $escape parameter must be provided as its default value will change","file":"Command line code","line":9}}
[11-Jun-2026 23:55:55 America/El_Salvador] PHP Deprecated:  fputcsv(): the $escape parameter must be provided as its default value will change in Command line code on line 9
[11-Jun-2026 23:55:55 America/El_Salvador] [sietelsa] {"ts":"2026-06-11T23:55:55-06:00","message":"Runtime warning","context":{"severity":8192,"message":"fputcsv(): the $escape parameter must be provided as its default value will change","file":"Command line code","line":9}}
[11-Jun-2026 23:55:55 America/El_Salvador] PHP Deprecated:  fputcsv(): the $escape parameter must be provided as its default value will change in Command line code on line 9
[11-Jun-2026 23:55:55 America/El_Salvador] [sietelsa] {"ts":"2026-06-11T23:55:55-06:00","message":"Runtime warning","context":{"severity":8192,"message":"fputcsv(): the $escape parameter must be provided as its default value will change","file":"Command line code","line":9}}
[11-Jun-2026 23:55:55 America/El_Salvador] PHP Deprecated:  fputcsv(): the $escape parameter must be provided as its default value will change in Command line code on line 9
[11-Jun-2026 23:55:55 America/El_Salvador] [sietelsa] {"ts":"2026-06-11T23:55:55-06:00","message":"Runtime warning","context":{"severity":8192,"message":"fputcsv(): the $escape parameter must be provided as its default value will change","file":"Command line code","line":9}}
[11-Jun-2026 23:55:55 America/El_Salvador] PHP Deprecated:  fputcsv(): the $escape parameter must be provided as its default value will change in Command line code on line 9
[11-Jun-2026 23:55:55 America/El_Salvador] [sietelsa] {"ts":"2026-06-11T23:55:55-06:00","message":"Runtime warning","context":{"severity":8192,"message":"fputcsv(): the $escape parameter must be provided as its default value will change","file":"Command line code","line":9}}
[11-Jun-2026 23:55:55 America/El_Salvador] PHP Deprecated:  fputcsv(): the $escape parameter must be provided as its default value will change in Command line code on line 9
[11-Jun-2026 23:55:55 America/El_Salvador] [sietelsa] {"ts":"2026-06-11T23:55:55-06:00","message":"Runtime warning","context":{"severity":8192,"message":"fputcsv(): the $escape parameter must be provided as its default value will change","file":"Command line code","line":9}}
[11-Jun-2026 23:55:55 America/El_Salvador] PHP Deprecated:  fputcsv(): the $escape parameter must be provided as its default value will change in Command line code on line 9
[11-Jun-2026 23:55:55 America/El_Salvador] [sietelsa] {"ts":"2026-06-11T23:55:55-06:00","message":"Runtime warning","context":{"severity":8192,"message":"fputcsv(): the $escape parameter must be provided as its default value will change","file":"Command line code","line":9}}
[11-Jun-2026 23:55:55 America/El_Salvador] PHP Deprecated:  fputcsv(): the $escape parameter must be provided as its default value will change in Command line code on line 9
[11-Jun-2026 23:55:55 America/El_Salvador] [sietelsa] {"ts":"2026-06-11T23:55:55-06:00","message":"Runtime warning","context":{"severity":8192,"message":"fputcsv(): the $escape parameter must be provided as its default value will change","file":"Command line code","line":9}}
[11-Jun-2026 23:55:55 America/El_Salvador] PHP Deprecated:  fputcsv(): the $escape parameter must be provided as its default value will change in Command line code on line 9
[11-Jun-2026 23:55:55 America/El_Salvador] [sietelsa] {"ts":"2026-06-11T23:55:55-06:00","message":"Runtime warning","context":{"severity":8192,"message":"fputcsv(): the $escape parameter must be provided as its default value will change","file":"Command line code","line":9}}
[11-Jun-2026 23:55:55 America/El_Salvador] PHP Deprecated:  fputcsv(): the $escape parameter must be provided as its default value will change in Command line code on line 9
[11-Jun-2026 23:55:55 America/El_Salvador] [sietelsa] {"ts":"2026-06-11T23:55:55-06:00","message":"Runtime warning","context":{"severity":8192,"message":"fputcsv(): the $escape parameter must be provided as its default value will change","file":"Command line code","line":9}}
[11-Jun-2026 23:55:55 America/El_Salvador] PHP Deprecated:  fputcsv(): the $escape parameter must be provided as its default value will change in Command line code on line 9
[11-Jun-2026 23:55:55 America/El_Salvador] [sietelsa] {"ts":"2026-06-11T23:55:55-06:00","message":"Runtime warning","context":{"severity":8192,"message":"fputcsv(): the $escape parameter must be provided as its default value will change","file":"Command line code","line":9}}
[11-Jun-2026 23:55:55 America/El_Salvador] PHP Deprecated:  fputcsv(): the $escape parameter must be provided as its default value will change in Command line code on line 9
[11-Jun-2026 23:57:07 America/El_Salvador] [sietelsa] {"ts":"2026-06-11T23:57:07-06:00","message":"Unhandled exception","context":{"type":"PDOException","message":"SQLSTATE[23000]: Integrity constraint violation: 1062 Duplicate entry '7-compras-5-2026' for key 'dte_libros.uq_dte_libro'","file":"/var/www/html/dte /dte_sietelsa/src/models/LibroModel.php","line":96}}
[11-Jun-2026 23:59:43 America/El_Salvador] [sietelsa] {"ts":"2026-06-11T23:59:43-06:00","message":"Unhandled exception","context":{"type":"PDOException","message":"SQLSTATE[23000]: Integrity constraint violation: 1062 Duplicate entry '7-compras-5-2026' for key 'dte_libros.uq_dte_libro'","file":"/var/www/html/dte /dte_sietelsa/src/models/LibroModel.php","line":96}}
[11-Jun-2026 23:59:54 America/El_Salvador] [sietelsa] {"ts":"2026-06-11T23:59:54-06:00","message":"Runtime warning","context":{"severity":2,"message":"session_start(): open(/var/lib/php/sessions/sess_e955c1346e3eab1aa0473a2a5e162cca, O_RDWR) failed: Permission denied (13)","file":"/var/www/html/include/auth.php","line":257}}
[11-Jun-2026 23:59:54 America/El_Salvador] PHP Warning:  session_start(): open(/var/lib/php/sessions/sess_e955c1346e3eab1aa0473a2a5e162cca, O_RDWR) failed: Permission denied (13) in /var/www/html/include/auth.php on line 257
[11-Jun-2026 23:59:54 America/El_Salvador] [sietelsa] {"ts":"2026-06-11T23:59:54-06:00","message":"Runtime warning","context":{"severity":2,"message":"session_start(): Failed to read session data: files (path: /var/lib/php/sessions)","file":"/var/www/html/include/auth.php","line":257}}
[11-Jun-2026 23:59:54 America/El_Salvador] PHP Warning:  session_start(): Failed to read session data: files (path: /var/lib/php/sessions) in /var/www/html/include/auth.php on line 257
[12-Jun-2026 08:04:36 America/El_Salvador] PHP Fatal error:  Cannot redeclare class DteDataService (previously declared in /var/www/html/dte /dte_sietelsa/src/services/DteDataService.php:3) in /var/www/html/dte /dte_sietelsa/src/services/DteDataService.php on line 3
[12-Jun-2026 08:04:36 America/El_Salvador] [sietelsa] {"ts":"2026-06-12T08:04:36-06:00","message":"Fatal shutdown","context":{"type":64,"message":"Cannot redeclare class DteDataService (previously declared in /var/www/html/dte /dte_sietelsa/src/services/DteDataService.php:3)","file":"/var/www/html/dte /dte_sietelsa/src/services/DteDataService.php","line":3}}
[12-Jun-2026 08:04:46 America/El_Salvador] PHP Fatal error:  Cannot redeclare class DteDataService (previously declared in /var/www/html/dte /dte_sietelsa/src/services/DteDataService.php:3) in /var/www/html/dte /dte_sietelsa/src/services/DteDataService.php on line 3
[12-Jun-2026 08:04:46 America/El_Salvador] [sietelsa] {"ts":"2026-06-12T08:04:46-06:00","message":"Fatal shutdown","context":{"type":64,"message":"Cannot redeclare class DteDataService (previously declared in /var/www/html/dte /dte_sietelsa/src/services/DteDataService.php:3)","file":"/var/www/html/dte /dte_sietelsa/src/services/DteDataService.php","line":3}}
[12-Jun-2026 08:04:56 America/El_Salvador] PHP Fatal error:  Cannot redeclare class DteDataService (previously declared in /var/www/html/dte /dte_sietelsa/src/services/DteDataService.php:3) in /var/www/html/dte /dte_sietelsa/src/services/DteDataService.php on line 3
[12-Jun-2026 08:04:56 America/El_Salvador] [sietelsa] {"ts":"2026-06-12T08:04:56-06:00","message":"Fatal shutdown","context":{"type":64,"message":"Cannot redeclare class DteDataService (previously declared in /var/www/html/dte /dte_sietelsa/src/services/DteDataService.php:3)","file":"/var/www/html/dte /dte_sietelsa/src/services/DteDataService.php","line":3}}
[12-Jun-2026 08:05:07 America/El_Salvador] [sietelsa] {"ts":"2026-06-12T08:05:07-06:00","message":"Runtime warning","context":{"severity":2,"message":"Undefined array key \"invalidas_total\"","file":"Standard input code","line":41}}
[12-Jun-2026 08:05:07 America/El_Salvador] PHP Warning:  Undefined array key "invalidas_total" in Standard input code on line 41
[13-Jul-2026 15:45:52 America/El_Salvador] [sietelsa] {"ts":"2026-07-13T15:45:52-06:00","message":"Unhandled exception","context":{"type":"PDOException","message":"SQLSTATE[42S02]: Base table or view not found: 1146 Table 'sietelsa.libros' doesn't exist","file":"Standard input code","line":3}}
